mean_fit_time,std_fit_time,mean_score_time,std_score_time,param_classifier__colsample_bytree,param_classifier__gamma,param_classifier__learning_rate,param_classifier__max_depth,param_classifier__min_child_weight,param_classifier__n_estimators,param_classifier__scale_pos_weight,param_classifier__subsample,params,split0_test_score,split1_test_score,split2_test_score,split3_test_score,split4_test_score,mean_test_score,std_test_score,rank_test_score
1.316817617416382,0.038827193919674916,0.09037919044494629,0.0017662619814268151,0.9,0.4,0.08,4,3,90,8,0.9,"{'classifier__colsample_bytree': 0.9, 'classifier__gamma': 0.4, 'classifier__learning_rate': 0.08, 'classifier__max_depth': 4, 'classifier__min_child_weight': 3, 'classifier__n_estimators': 90, 'classifier__scale_pos_weight': 8, 'classifier__subsample': 0.9}",0.8630308450861857,0.8837988442659406,0.8479652865212415,0.8737032383721904,0.8626987257439744,0.8662393879979066,0.012006809638125554,166
1.2964476585388183,0.01960638434591272,0.09932928085327149,0.016978713266915822,0.9,0.4,0.08,4,3,90,10,0.9,"{'classifier__colsample_bytree': 0.9, 'classifier__gamma': 0.4, 'classifier__learning_rate': 0.08, 'classifier__max_depth': 4, 'classifier__min_child_weight': 3, 'classifier__n_estimators': 90, 'classifier__scale_pos_weight': 10, 'classifier__subsample': 0.9}",0.8625657271733235,0.884186503009125,0.8470268192089999,0.8733490621313416,0.8635551565950835,0.8661366536235746,0.012348419439731056,183
1.2725047588348388,0.015588073628556581,0.11149234771728515,0.02759667083993979,0.9,0.4,0.08,4,3,90,12,0.9,"{'classifier__colsample_bytree': 0.9, 'classifier__gamma': 0.4, 'classifier__learning_rate': 0.08, 'classifier__max_depth': 4, 'classifier__min_child_weight': 3, 'classifier__n_estimators': 90, 'classifier__scale_pos_weight': 12, 'classifier__subsample': 0.9}",0.8624255956790341,0.8847047138526611,0.8457742892458002,0.8733044597082096,0.8636022588887986,0.8659622634749008,0.012890455662316948,201
1.534005308151245,0.07745362750906881,0.10156550407409667,0.0031378331806412273,0.9,0.4,0.08,4,3,110,8,0.9,"{'classifier__colsample_bytree': 0.9, 'classifier__gamma': 0.4, 'classifier__learning_rate': 0.08, 'classifier__max_depth': 4, 'classifier__min_child_weight': 3, 'classifier__n_estimators': 110, 'classifier__scale_pos_weight': 8, 'classifier__subsample': 0.9}",0.8635142812252654,0.885640517541944,0.848029562572246,0.8738831901180178,0.8635090984876841,0.8669153299890315,0.012482191156396113,37
1.4724554061889648,0.0442472824232305,0.10817914009094239,0.0074457965924565805,0.9,0.4,0.08,4,3,110,10,0.9,"{'classifier__colsample_bytree': 0.9, 'classifier__gamma': 0.4, 'classifier__learning_rate': 0.08, 'classifier__max_depth': 4, 'classifier__min_child_weight': 3, 'classifier__n_estimators': 110, 'classifier__scale_pos_weight': 10, 'classifier__subsample': 0.9}",0.8632855238972511,0.8851482958639127,0.84719582001468,0.8737165095963781,0.8641482802153732,0.866698885917519,0.012555110344460425,73
1.541297483444214,0.06419905489295803,0.10195116996765137,0.00284074784884376,0.9,0.4,0.08,4,3,110,12,0.9,"{'classifier__colsample_bytree': 0.9, 'classifier__gamma': 0.4, 'classifier__learning_rate': 0.08, 'classifier__max_depth': 4, 'classifier__min_child_weight': 3, 'classifier__n_estimators': 110, 'classifier__scale_pos_weight': 12, 'classifier__subsample': 0.9}",0.863399228503525,0.8850882634403181,0.8464519302747767,0.8738432116352681,0.863696715525805,0.8664958698759385,0.012797222331282743,115
1.6405143737792969,0.05263320940147497,0.12325778007507324,0.0024083729704085658,0.9,0.4,0.08,4,3,130,8,0.9,"{'classifier__colsample_bytree': 0.9, 'classifier__gamma': 0.4, 'classifier__learning_rate': 0.08, 'classifier__max_depth': 4, 'classifier__min_child_weight': 3, 'classifier__n_estimators': 130, 'classifier__scale_pos_weight': 8, 'classifier__subsample': 0.9}",0.8634243263395418,0.8858168459548422,0.8478482166107654,0.8744094410237914,0.8637712179285696,0.867054009571502,0.012640887671230085,13
1.7219255447387696,0.07132908361012855,0.11705355644226074,0.0016019129925550746,0.9,0.4,0.08,4,3,130,10,0.9,"{'classifier__colsample_bytree': 0.9, 'classifier__gamma': 0.4, 'classifier__learning_rate': 0.08, 'classifier__max_depth': 4, 'classifier__min_child_weight': 3, 'classifier__n_estimators': 130, 'classifier__scale_pos_weight': 10, 'classifier__subsample': 0.9}",0.8635514828388192,0.8851237261198174,0.8474818326473385,0.873783102977088,0.8644659189781302,0.8668812127122386,0.01243930927670926,42
1.6528772830963134,0.03666844662286402,0.11946921348571778,0.003971449448283827,0.9,0.4,0.08,4,3,130,12,0.9,"{'classifier__colsample_bytree': 0.9, 'classifier__gamma': 0.4, 'classifier__learning_rate': 0.08, 'classifier__max_depth': 4, 'classifier__min_child_weight': 3, 'classifier__n_estimators': 130, 'classifier__scale_pos_weight': 12, 'classifier__subsample': 0.9}",0.8639655915099083,0.8846507419557579,0.846603302765495,0.8736528607782658,0.8646356189931824,0.8667016232005219,0.012539436152057305,72
1.2897077083587647,0.06635067792179114,0.0966336727142334,0.008213795624083916,0.9,0.4,0.08,4,5,90,8,0.9,"{'classifier__colsample_bytree': 0.9, 'classifier__gamma': 0.4, 'classifier__learning_rate': 0.08, 'classifier__max_depth': 4, 'classifier__min_child_weight': 5, 'classifier__n_estimators': 90, 'classifier__scale_pos_weight': 8, 'classifier__subsample': 0.9}",0.8629347621675122,0.8838369961251846,0.8478269805313687,0.8739602658905349,0.8634103602411526,0.8663938729911506,0.012059097294653888,137
1.2969793796539306,0.029043138363534653,0.08922815322875977,0.002328167349857206,0.9,0.4,0.08,4,5,90,10,0.9,"{'classifier__colsample_bytree': 0.9, 'classifier__gamma': 0.4, 'classifier__learning_rate': 0.08, 'classifier__max_depth': 4, 'classifier__min_child_weight': 5, 'classifier__n_estimators': 90, 'classifier__scale_pos_weight': 10, 'classifier__subsample': 0.9}",0.8624177810309599,0.8848016109090221,0.8470097296422121,0.873431364128384,0.8635078471468932,0.8662336665714943,0.01255488934317621,167
1.2493932723999024,0.04088384751095717,0.0903104305267334,0.001379675738926577,0.9,0.4,0.08,4,5,90,12,0.9,"{'classifier__colsample_bytree': 0.9, 'classifier__gamma': 0.4, 'classifier__learning_rate': 0.08, 'classifier__max_depth': 4, 'classifier__min_child_weight': 5, 'classifier__n_estimators': 90, 'classifier__scale_pos_weight': 12, 'classifier__subsample': 0.9}",0.8627957024328406,0.8832278514497716,0.8464537349469488,0.8724705330570109,0.8618040560858816,0.8653503755944907,0.01221872783909654,260
1.5184850215911865,0.06639257538212238,0.11473078727722168,0.016982952508108436,0.9,0.4,0.08,4,5,110,8,0.9,"{'classifier__colsample_bytree': 0.9, 'classifier__gamma': 0.4, 'classifier__learning_rate': 0.08, 'classifier__max_depth': 4, 'classifier__min_child_weight': 5, 'classifier__n_estimators': 110, 'classifier__scale_pos_weight': 8, 'classifier__subsample': 0.9}",0.8636156447650039,0.8857233780710168,0.8481028098450567,0.8743583783825554,0.8638236062787937,0.8671247634684853,0.012516228843997676,6
1.5113296508789062,0.08364019133607999,0.111732816696167,0.009181995582253298,0.9,0.4,0.08,4,5,110,10,0.9,"{'classifier__colsample_bytree': 0.9, 'classifier__gamma': 0.4, 'classifier__learning_rate': 0.08, 'classifier__max_depth': 4, 'classifier__min_child_weight': 5, 'classifier__n_estimators': 110, 'classifier__scale_pos_weight': 10, 'classifier__subsample': 0.9}",0.862841962228474,0.8854497499941797,0.8477072433091447,0.8743447646031893,0.8637264974673365,0.8668140435204649,0.012604614238729592,50
1.4848955631256104,0.05207843726554004,0.10633249282836914,0.005993749055982303,0.9,0.4,0.08,4,5,110,12,0.9,"{'classifier__colsample_bytree': 0.9, 'classifier__gamma': 0.4, 'classifier__learning_rate': 0.08, 'classifier__max_depth': 4, 'classifier__min_child_weight': 5, 'classifier__n_estimators': 110, 'classifier__scale_pos_weight': 12, 'classifier__subsample': 0.9}",0.8637153967270451,0.8843434314384347,0.846910583589642,0.8728970045680391,0.8626228506073134,0.8660978533860948,0.012369580765293726,187
1.7140007972717286,0.06646252076998813,0.12363662719726562,0.013219228843547232,0.9,0.4,0.08,4,5,130,8,0.9,"{'classifier__colsample_bytree': 0.9, 'classifier__gamma': 0.4, 'classifier__learning_rate': 0.08, 'classifier__max_depth': 4, 'classifier__min_child_weight': 5, 'classifier__n_estimators': 130, 'classifier__scale_pos_weight': 8, 'classifier__subsample': 0.9}",0.8634574935454217,0.8849708668238953,0.8478297888639449,0.8743774168215416,0.864427198890871,0.8670125529891349,0.012361579170980205,19
1.6941672801971435,0.08121795170128802,0.121006441116333,0.005418418889113508,0.9,0.4,0.08,4,5,130,10,0.9,"{'classifier__colsample_bytree': 0.9, 'classifier__gamma': 0.4, 'classifier__learning_rate': 0.08, 'classifier__max_depth': 4, 'classifier__min_child_weight': 5, 'classifier__n_estimators': 130, 'classifier__scale_pos_weight': 10, 'classifier__subsample': 0.9}",0.8630070070653685,0.8859598155823373,0.8478592370957522,0.8742179757447655,0.8645554266939526,0.8671198924364351,0.012647455440269212,8
1.6964760780334474,0.07566850027043505,0.12868852615356446,0.026411862911589198,0.9,0.4,0.08,4,5,130,12,0.9,"{'classifier__colsample_bytree': 0.9, 'classifier__gamma': 0.4, 'classifier__learning_rate': 0.08, 'classifier__max_depth': 4, 'classifier__min_child_weight': 5, 'classifier__n_estimators': 130, 'classifier__scale_pos_weight': 12, 'classifier__subsample': 0.9}",0.8638088155732168,0.8844698751906642,0.8471607584828026,0.8734172839615202,0.8634462163643754,0.8664605899145158,0.012339625574309994,124
1.358723258972168,0.018470174062654172,0.10590777397155762,0.003675236146995814,0.9,0.4,0.08,5,3,90,8,0.9,"{'classifier__colsample_bytree': 0.9, 'classifier__gamma': 0.4, 'classifier__learning_rate': 0.08, 'classifier__max_depth': 5, 'classifier__min_child_weight': 3, 'classifier__n_estimators': 90, 'classifier__scale_pos_weight': 8, 'classifier__subsample': 0.9}",0.8641036140302016,0.8840061635576075,0.8480107690278209,0.8734987680171032,0.8645504956071587,0.8668339620479785,0.01188516519070748,47
1.3966685771942138,0.050811153580033484,0.10631556510925293,0.002658438336911947,0.9,0.4,0.08,5,3,90,10,0.9,"{'classifier__colsample_bytree': 0.9, 'classifier__gamma': 0.4, 'classifier__learning_rate': 0.08, 'classifier__max_depth': 5, 'classifier__min_child_weight': 3, 'classifier__n_estimators': 90, 'classifier__scale_pos_weight': 10, 'classifier__subsample': 0.9}",0.8637792278176597,0.883962351569182,0.8484905851493126,0.8743642066399788,0.8636602236985109,0.8668513189749287,0.011882493822982865,44
1.4378363609313964,0.10332717085627859,0.11817893981933594,0.020312084394728386,0.9,0.4,0.08,5,3,90,12,0.9,"{'classifier__colsample_bytree': 0.9, 'classifier__gamma': 0.4, 'classifier__learning_rate': 0.08, 'classifier__max_depth': 5, 'classifier__min_child_weight': 3, 'classifier__n_estimators': 90, 'classifier__scale_pos_weight': 12, 'classifier__subsample': 0.9}",0.8633543246538414,0.8850050442444546,0.8468696467306296,0.8746370055236904,0.863058083621595,0.8665848209548421,0.012772661270303323,99
1.6057141304016114,0.041921773372229854,0.1393052577972412,0.020690093967359314,0.9,0.4,0.08,5,3,110,8,0.9,"{'classifier__colsample_bytree': 0.9, 'classifier__gamma': 0.4, 'classifier__learning_rate': 0.08, 'classifier__max_depth': 5, 'classifier__min_child_weight': 3, 'classifier__n_estimators': 110, 'classifier__scale_pos_weight': 8, 'classifier__subsample': 0.9}",0.8636537913919867,0.8844715297286998,0.8478572446696547,0.8728121409975197,0.8648108037349388,0.8667211021045599,0.012009006518677954,68
1.6507770538330078,0.06218256393001333,0.13535923957824708,0.011290851293452454,0.9,0.4,0.08,5,3,110,10,0.9,"{'classifier__colsample_bytree': 0.9, 'classifier__gamma': 0.4, 'classifier__learning_rate': 0.08, 'classifier__max_depth': 5, 'classifier__min_child_weight': 3, 'classifier__n_estimators': 110, 'classifier__scale_pos_weight': 10, 'classifier__subsample': 0.9}",0.8633394332914409,0.8841319005698767,0.8475412767689721,0.8736295895325856,0.8640993715027406,0.8665483143331233,0.012139923219584795,107
1.616657590866089,0.05410652937761091,0.1275205135345459,0.0009248601723115593,0.9,0.4,0.08,5,3,110,12,0.9,"{'classifier__colsample_bytree': 0.9, 'classifier__gamma': 0.4, 'classifier__learning_rate': 0.08, 'classifier__max_depth': 5, 'classifier__min_child_weight': 3, 'classifier__n_estimators': 110, 'classifier__scale_pos_weight': 12, 'classifier__subsample': 0.9}",0.8634478968543557,0.8848235316766844,0.8465537322834897,0.8740103453815092,0.8635008177560028,0.8664672647904084,0.0127146825870671,121
1.8845485687255858,0.08128830828715329,0.15957655906677246,0.02221253412941029,0.9,0.4,0.08,5,3,130,8,0.9,"{'classifier__colsample_bytree': 0.9, 'classifier__gamma': 0.4, 'classifier__learning_rate': 0.08, 'classifier__max_depth': 5, 'classifier__min_child_weight': 3, 'classifier__n_estimators': 130, 'classifier__scale_pos_weight': 8, 'classifier__subsample': 0.9}",0.8628535092188482,0.8842757330742331,0.8485658702315834,0.8728827968266278,0.8651147364446021,0.866738529159179,0.011775238099867445,64
1.8481659889221191,0.05402888059468664,0.15128164291381835,0.008294587245511,0.9,0.4,0.08,5,3,130,10,0.9,"{'classifier__colsample_bytree': 0.9, 'classifier__gamma': 0.4, 'classifier__learning_rate': 0.08, 'classifier__max_depth': 5, 'classifier__min_child_weight': 3, 'classifier__n_estimators': 130, 'classifier__scale_pos_weight': 10, 'classifier__subsample': 0.9}",0.8634187221918946,0.883566258563577,0.8478046696843066,0.8736006461669699,0.8646733912580623,0.8666127375729621,0.011865571681004775,89
1.9492712020874023,0.16885752042793545,0.1510004997253418,0.009648313122416454,0.9,0.4,0.08,5,3,130,12,0.9,"{'classifier__colsample_bytree': 0.9, 'classifier__gamma': 0.4, 'classifier__learning_rate': 0.08, 'classifier__max_depth': 5, 'classifier__min_child_weight': 3, 'classifier__n_estimators': 130, 'classifier__scale_pos_weight': 12, 'classifier__subsample': 0.9}",0.862567759274321,0.8837502431721627,0.8460750704488609,0.873683462709707,0.8644837504763632,0.8661120572162829,0.012530970069540143,185
1.425115156173706,0.06226491082663014,0.10964322090148926,0.0008345608111312814,0.9,0.4,0.08,5,5,90,8,0.9,"{'classifier__colsample_bytree': 0.9, 'classifier__gamma': 0.4, 'classifier__learning_rate': 0.08, 'classifier__max_depth': 5, 'classifier__min_child_weight': 5, 'classifier__n_estimators': 90, 'classifier__scale_pos_weight': 8, 'classifier__subsample': 0.9}",0.8635661425811245,0.8855089419838504,0.8488957839595742,0.8736656094122783,0.8638516222823763,0.8670976200438408,0.01213614379692498,9
1.375143337249756,0.04254825177010758,0.11360611915588378,0.007312166060127196,0.9,0.4,0.08,5,5,90,10,0.9,"{'classifier__colsample_bytree': 0.9, 'classifier__gamma': 0.4, 'classifier__learning_rate': 0.08, 'classifier__max_depth': 5, 'classifier__min_child_weight': 5, 'classifier__n_estimators': 90, 'classifier__scale_pos_weight': 10, 'classifier__subsample': 0.9}",0.8641692732509063,0.8855032472782568,0.8476277025722301,0.8747338081145093,0.863702960526774,0.8671473983485353,0.012619371674315951,4
1.455181646347046,0.07868682494918167,0.1185124397277832,0.012762701897839821,0.9,0.4,0.08,5,5,90,12,0.9,"{'classifier__colsample_bytree': 0.9, 'classifier__gamma': 0.4, 'classifier__learning_rate': 0.08, 'classifier__max_depth': 5, 'classifier__min_child_weight': 5, 'classifier__n_estimators': 90, 'classifier__scale_pos_weight': 12, 'classifier__subsample': 0.9}",0.8630416113881727,0.8837356387895983,0.8482385306470688,0.8745532975190913,0.8634483601462912,0.8666034876980444,0.011971829579587909,94
1.6025092124938964,0.05122906125600681,0.13454174995422363,0.008945651676442332,0.9,0.4,0.08,5,5,110,8,0.9,"{'classifier__colsample_bytree': 0.9, 'classifier__gamma': 0.4, 'classifier__learning_rate': 0.08, 'classifier__max_depth': 5, 'classifier__min_child_weight': 5, 'classifier__n_estimators': 110, 'classifier__scale_pos_weight': 8, 'classifier__subsample': 0.9}",0.8636195675473458,0.8852919451399611,0.8480865161785278,0.8736472292769493,0.864734093683308,0.8670758703652183,0.01227219342880611,12
1.5889419555664062,0.027026831745211453,0.14868555068969727,0.02683189940631965,0.9,0.4,0.08,5,5,110,10,0.9,"{'classifier__colsample_bytree': 0.9, 'classifier__gamma': 0.4, 'classifier__learning_rate': 0.08, 'classifier__max_depth': 5, 'classifier__min_child_weight': 5, 'classifier__n_estimators': 110, 'classifier__scale_pos_weight': 10, 'classifier__subsample': 0.9}",0.8635728468517337,0.8846823771965976,0.847004733955673,0.8740938109959677,0.8640744566543929,0.866685645130873,0.012510870230344985,77
1.725625228881836,0.1551988622989142,0.13314356803894042,0.01133022020596092,0.9,0.4,0.08,5,5,110,12,0.9,"{'classifier__colsample_bytree': 0.9, 'classifier__gamma': 0.4, 'classifier__learning_rate': 0.08, 'classifier__max_depth': 5, 'classifier__min_child_weight': 5, 'classifier__n_estimators': 110, 'classifier__scale_pos_weight': 12, 'classifier__subsample': 0.9}",0.8635977746343927,0.8832652407643348,0.8474161080752484,0.8741280942343806,0.8633849105503412,0.8663584256517394,0.01201234805025252,148
1.8438479900360107,0.057955201201695984,0.14689559936523439,0.003470683780399296,0.9,0.4,0.08,5,5,130,8,0.9,"{'classifier__colsample_bytree': 0.9, 'classifier__gamma': 0.4, 'classifier__learning_rate': 0.08, 'classifier__max_depth': 5, 'classifier__min_child_weight': 5, 'classifier__n_estimators': 130, 'classifier__scale_pos_weight': 8, 'classifier__subsample': 0.9}",0.8629015080549667,0.8839185238595259,0.8482175590475297,0.874156558757515,0.8642875607307972,0.8666963420900669,0.011949282768011096,75
1.8866661548614503,0.1249733783698641,0.14571771621704102,0.002490749155998448,0.9,0.4,0.08,5,5,130,10,0.9,"{'classifier__colsample_bytree': 0.9, 'classifier__gamma': 0.4, 'classifier__learning_rate': 0.08, 'classifier__max_depth': 5, 'classifier__min_child_weight': 5, 'classifier__n_estimators': 130, 'classifier__scale_pos_weight': 10, 'classifier__subsample': 0.9}",0.8632385950543003,0.8842882072567106,0.847338071999561,0.8747115236288215,0.8642325933529519,0.8667617982584691,0.012381147974970823,58
1.8309918880462646,0.04445028591982619,0.15780811309814452,0.020497670973686984,0.9,0.4,0.08,5,5,130,12,0.9,"{'classifier__colsample_bytree': 0.9, 'classifier__gamma': 0.4, 'classifier__learning_rate': 0.08, 'classifier__max_depth': 5, 'classifier__min_child_weight': 5, 'classifier__n_estimators': 130, 'classifier__scale_pos_weight': 12, 'classifier__subsample': 0.9}",0.8627225744775501,0.8835411614457862,0.8475137953577846,0.8739637340575832,0.863989789706111,0.866346211008963,0.012058493440294615,150
1.574709177017212,0.09821145630892227,0.15504965782165528,0.04518075316345498,0.9,0.4,0.08,6,3,90,8,0.9,"{'classifier__colsample_bytree': 0.9, 'classifier__gamma': 0.4, 'classifier__learning_rate': 0.08, 'classifier__max_depth': 6, 'classifier__min_child_weight': 3, 'classifier__n_estimators': 90, 'classifier__scale_pos_weight': 8, 'classifier__subsample': 0.9}",0.8636785201499015,0.8842557568193742,0.8476290971885707,0.8735705308629725,0.8648352579737846,0.8667938325989206,0.012096864936080146,53
1.5398358345031737,0.05023143814050683,0.13479375839233398,0.0032524606518078212,0.9,0.4,0.08,6,3,90,10,0.9,"{'classifier__colsample_bytree': 0.9, 'classifier__gamma': 0.4, 'classifier__learning_rate': 0.08, 'classifier__max_depth': 6, 'classifier__min_child_weight': 3, 'classifier__n_estimators': 90, 'classifier__scale_pos_weight': 10, 'classifier__subsample': 0.9}",0.863136016023521,0.8845340470646159,0.8450458735031593,0.8739649439116716,0.8644563444465643,0.8662274449899063,0.013087041452697302,168
1.5441070556640626,0.07113507881756054,0.15870451927185059,0.028774147197114512,0.9,0.4,0.08,6,3,90,12,0.9,"{'classifier__colsample_bytree': 0.9, 'classifier__gamma': 0.4, 'classifier__learning_rate': 0.08, 'classifier__max_depth': 6, 'classifier__min_child_weight': 3, 'classifier__n_estimators': 90, 'classifier__scale_pos_weight': 12, 'classifier__subsample': 0.9}",0.8637967687710763,0.8858734771183907,0.8463624533301571,0.8733329101196438,0.8637346259493884,0.8666200470577312,0.012980167629707348,87
1.7924718856811523,0.021932783191601003,0.15457582473754883,0.002630855597966386,0.9,0.4,0.08,6,3,110,8,0.9,"{'classifier__colsample_bytree': 0.9, 'classifier__gamma': 0.4, 'classifier__learning_rate': 0.08, 'classifier__max_depth': 6, 'classifier__min_child_weight': 3, 'classifier__n_estimators': 110, 'classifier__scale_pos_weight': 8, 'classifier__subsample': 0.9}",0.8635043572263894,0.8837501155005792,0.8470346534329601,0.8731445259696313,0.8636446749445814,0.8662156654148283,0.01214362757282158,173
1.8595080375671387,0.08658696768765385,0.15399203300476075,0.0008855857983575651,0.9,0.4,0.08,6,3,110,10,0.9,"{'classifier__colsample_bytree': 0.9, 'classifier__gamma': 0.4, 'classifier__learning_rate': 0.08, 'classifier__max_depth': 6, 'classifier__min_child_weight': 3, 'classifier__n_estimators': 110, 'classifier__scale_pos_weight': 10, 'classifier__subsample': 0.9}",0.8629501163136373,0.8833755288144046,0.8452334385510126,0.8736365206858898,0.8634098747746812,0.8657210958279251,0.012705094455988646,228
1.7888938903808593,0.02237381929962166,0.17186298370361328,0.012999815657089691,0.9,0.4,0.08,6,3,110,12,0.9,"{'classifier__colsample_bytree': 0.9, 'classifier__gamma': 0.4, 'classifier__learning_rate': 0.08, 'classifier__max_depth': 6, 'classifier__min_child_weight': 3, 'classifier__n_estimators': 110, 'classifier__scale_pos_weight': 12, 'classifier__subsample': 0.9}",0.8632265908679122,0.8852572453053142,0.8470903550978345,0.8736105036987695,0.8628906160374433,0.8664150622014548,0.01267150044240378,130
2.1068962097167967,0.08762845762952808,0.17900876998901366,0.0029028891263862947,0.9,0.4,0.08,6,3,130,8,0.9,"{'classifier__colsample_bytree': 0.9, 'classifier__gamma': 0.4, 'classifier__learning_rate': 0.08, 'classifier__max_depth': 6, 'classifier__min_child_weight': 3, 'classifier__n_estimators': 130, 'classifier__scale_pos_weight': 8, 'classifier__subsample': 0.9}",0.8633182597468361,0.8830056264382162,0.8460484763904065,0.8721110067744688,0.8632984326637271,0.8655563604027309,0.012149939465647241,243
2.0518985271453856,0.08328399852367865,0.18212766647338868,0.010144010891080755,0.9,0.4,0.08,6,3,130,10,0.9,"{'classifier__colsample_bytree': 0.9, 'classifier__gamma': 0.4, 'classifier__learning_rate': 0.08, 'classifier__max_depth': 6, 'classifier__min_child_weight': 3, 'classifier__n_estimators': 130, 'classifier__scale_pos_weight': 10, 'classifier__subsample': 0.9}",0.8621453119442753,0.8822813653506218,0.8454238291559172,0.8729187386456977,0.8638936622726767,0.8653325814738377,0.012275167207952428,262
2.0671576976776125,0.1007225137107958,0.18767762184143066,0.017007663594893505,0.9,0.4,0.08,6,3,130,12,0.9,"{'classifier__colsample_bytree': 0.9, 'classifier__gamma': 0.4, 'classifier__learning_rate': 0.08, 'classifier__max_depth': 6, 'classifier__min_child_weight': 3, 'classifier__n_estimators': 130, 'classifier__scale_pos_weight': 12, 'classifier__subsample': 0.9}",0.8620654402850239,0.8842713882466552,0.8470049771069713,0.8730237352083795,0.8625867309985072,0.8657904543691075,0.012416915865175675,220
1.549755907058716,0.08651121592689648,0.13412771224975586,0.004430477394433537,0.9,0.4,0.08,6,5,90,8,0.9,"{'classifier__colsample_bytree': 0.9, 'classifier__gamma': 0.4, 'classifier__learning_rate': 0.08, 'classifier__max_depth': 6, 'classifier__min_child_weight': 5, 'classifier__n_estimators': 90, 'classifier__scale_pos_weight': 8, 'classifier__subsample': 0.9}",0.8630711074892724,0.8845888352391379,0.8470352467174366,0.8730176854347648,0.8647913592474727,0.8665008468256168,0.012355076345956248,113
1.561840581893921,0.07152992789436748,0.15707478523254395,0.03472601960660573,0.9,0.4,0.08,6,5,90,10,0.9,"{'classifier__colsample_bytree': 0.9, 'classifier__gamma': 0.4, 'classifier__learning_rate': 0.08, 'classifier__max_depth': 6, 'classifier__min_child_weight': 5, 'classifier__n_estimators': 90, 'classifier__scale_pos_weight': 10, 'classifier__subsample': 0.9}",0.863629394861962,0.8848190855118864,0.8463904208418139,0.8736169439010937,0.8646962010888477,0.8666304092411206,0.012665259491396356,84
1.536967897415161,0.06001614148058789,0.13557953834533693,0.006918530042125483,0.9,0.4,0.08,6,5,90,12,0.9,"{'classifier__colsample_bytree': 0.9, 'classifier__gamma': 0.4, 'classifier__learning_rate': 0.08, 'classifier__max_depth': 6, 'classifier__min_child_weight': 5, 'classifier__n_estimators': 90, 'classifier__scale_pos_weight': 12, 'classifier__subsample': 0.9}",0.8625086943584257,0.8855590162189507,0.8458739220149326,0.8740141813650882,0.863853197277583,0.866361802246996,0.013175619197206086,147
1.8497726440429687,0.13323108765272712,0.16507949829101562,0.017805407457467025,0.9,0.4,0.08,6,5,110,8,0.9,"{'classifier__colsample_bytree': 0.9, 'classifier__gamma': 0.4, 'classifier__learning_rate': 0.08, 'classifier__max_depth': 6, 'classifier__min_child_weight': 5, 'classifier__n_estimators': 110, 'classifier__scale_pos_weight': 8, 'classifier__subsample': 0.9}",0.8629296558416295,0.8840646736051497,0.8463815335003504,0.8721225468329338,0.8647497760061903,0.8660496371572508,0.012326232141482428,191
1.8067346096038819,0.0849222968051497,0.17114014625549318,0.03430839700657144,0.9,0.4,0.08,6,5,110,10,0.9,"{'classifier__colsample_bytree': 0.9, 'classifier__gamma': 0.4, 'classifier__learning_rate': 0.08, 'classifier__max_depth': 6, 'classifier__min_child_weight': 5, 'classifier__n_estimators': 110, 'classifier__scale_pos_weight': 10, 'classifier__subsample': 0.9}",0.863050148274749,0.8835873800474414,0.8459079878266809,0.8726003556127201,0.8645104872803862,0.8659312718083955,0.012389239200544655,205
1.7811103820800782,0.03413038569525582,0.16930227279663085,0.02888211507974225,0.9,0.4,0.08,6,5,110,12,0.9,"{'classifier__colsample_bytree': 0.9, 'classifier__gamma': 0.4, 'classifier__learning_rate': 0.08, 'classifier__max_depth': 6, 'classifier__min_child_weight': 5, 'classifier__n_estimators': 110, 'classifier__scale_pos_weight': 12, 'classifier__subsample': 0.9}",0.8623775485966835,0.8845030144449163,0.8453686043489443,0.8729079184730717,0.8632037251632816,0.8656721622053795,0.0129316610435298,232
2.0823880672454833,0.05283725860080742,0.17674903869628905,0.004083818116236362,0.9,0.4,0.08,6,5,130,8,0.9,"{'classifier__colsample_bytree': 0.9, 'classifier__gamma': 0.4, 'classifier__learning_rate': 0.08, 'classifier__max_depth': 6, 'classifier__min_child_weight': 5, 'classifier__n_estimators': 130, 'classifier__scale_pos_weight': 8, 'classifier__subsample': 0.9}",0.8617436743282717,0.8833590742577401,0.8464295601783477,0.871307810507453,0.8649094453679396,0.8655499129279504,0.01208970762300617,244
2.0646539688110352,0.06479856852316854,0.18838229179382324,0.01021499811748243,0.9,0.4,0.08,6,5,130,10,0.9,"{'classifier__colsample_bytree': 0.9, 'classifier__gamma': 0.4, 'classifier__learning_rate': 0.08, 'classifier__max_depth': 6, 'classifier__min_child_weight': 5, 'classifier__n_estimators': 130, 'classifier__scale_pos_weight': 10, 'classifier__subsample': 0.9}",0.8621287026577054,0.8828976434728674,0.8453224816610124,0.8719847451463199,0.8645923579493325,0.8653851861774475,0.012361114133725652,257
2.0799280643463134,0.04345062253244589,0.17821311950683594,0.00412383293210333,0.9,0.4,0.08,6,5,130,12,0.9,"{'classifier__colsample_bytree': 0.9, 'classifier__gamma': 0.4, 'classifier__learning_rate': 0.08, 'classifier__max_depth': 6, 'classifier__min_child_weight': 5, 'classifier__n_estimators': 130, 'classifier__scale_pos_weight': 12, 'classifier__subsample': 0.9}",0.8619041422116342,0.8831302155810982,0.8454999198504678,0.8717359641752601,0.863856688487794,0.8652253860612508,0.012369062684798387,270
1.2806715965270996,0.04975058352977392,0.0885465145111084,0.0027984239808439755,0.9,0.4,0.12,4,3,90,8,0.9,"{'classifier__colsample_bytree': 0.9, 'classifier__gamma': 0.4, 'classifier__learning_rate': 0.12, 'classifier__max_depth': 4, 'classifier__min_child_weight': 3, 'classifier__n_estimators': 90, 'classifier__scale_pos_weight': 8, 'classifier__subsample': 0.9}",0.86335142395395,0.8855320060921291,0.8479099173896677,0.874421226517455,0.8641957693522213,0.8670820686610845,0.012522645465359864,11
1.300788402557373,0.07719140028360326,0.09317808151245117,0.00808032659116661,0.9,0.4,0.12,4,3,90,10,0.9,"{'classifier__colsample_bytree': 0.9, 'classifier__gamma': 0.4, 'classifier__learning_rate': 0.12, 'classifier__max_depth': 4, 'classifier__min_child_weight': 3, 'classifier__n_estimators': 90, 'classifier__scale_pos_weight': 10, 'classifier__subsample': 0.9}",0.86373842400719,0.8833043046261887,0.8479045274776215,0.8745580797695045,0.8643273439615468,0.8667665359684102,0.011875187838389669,57
1.2631749153137206,0.046775232255098415,0.09067258834838868,0.0062233716084250075,0.9,0.4,0.12,4,3,90,12,0.9,"{'classifier__colsample_bytree': 0.9, 'classifier__gamma': 0.4, 'classifier__learning_rate': 0.12, 'classifier__max_depth': 4, 'classifier__min_child_weight': 3, 'classifier__n_estimators': 90, 'classifier__scale_pos_weight': 12, 'classifier__subsample': 0.9}",0.8631574670570615,0.8837673931510563,0.8469303167949915,0.8737630974958053,0.864247132652574,0.8663730814302978,0.0122479006229979,145
1.5717055797576904,0.11859151603903345,0.10460419654846191,0.002073984779151391,0.9,0.4,0.12,4,3,110,8,0.9,"{'classifier__colsample_bytree': 0.9, 'classifier__gamma': 0.4, 'classifier__learning_rate': 0.12, 'classifier__max_depth': 4, 'classifier__min_child_weight': 3, 'classifier__n_estimators': 110, 'classifier__scale_pos_weight': 8, 'classifier__subsample': 0.9}",0.8625077749654332,0.8852371013957249,0.8470898093298475,0.8733413450778769,0.8648027986299794,0.8665957658797723,0.012596912087796123,97
1.5018215656280518,0.054904741583384424,0.11010394096374512,0.010111055929855317,0.9,0.4,0.12,4,3,110,10,0.9,"{'classifier__colsample_bytree': 0.9, 'classifier__gamma': 0.4, 'classifier__learning_rate': 0.12, 'classifier__max_depth': 4, 'classifier__min_child_weight': 3, 'classifier__n_estimators': 110, 'classifier__scale_pos_weight': 10, 'classifier__subsample': 0.9}",0.8628326886005275,0.8837508699811675,0.8474961674187028,0.8736654424487291,0.8642327046535696,0.8663955746205392,0.01207159485039516,135
1.4550259113311768,0.030716723726328585,0.10328402519226074,0.003013994034113775,0.9,0.4,0.12,4,3,110,12,0.9,"{'classifier__colsample_bytree': 0.9, 'classifier__gamma': 0.4, 'classifier__learning_rate': 0.12, 'classifier__max_depth': 4, 'classifier__min_child_weight': 3, 'classifier__n_estimators': 110, 'classifier__scale_pos_weight': 12, 'classifier__subsample': 0.9}",0.8631515413447958,0.8839104541699251,0.8467292822529718,0.8736107512219111,0.8634564536560976,0.8661716965291403,0.012365309631738527,180
1.7017375469207763,0.06601989509838009,0.13739027976989746,0.026099721096954017,0.9,0.4,0.12,4,3,130,8,0.9,"{'classifier__colsample_bytree': 0.9, 'classifier__gamma': 0.4, 'classifier__learning_rate': 0.12, 'classifier__max_depth': 4, 'classifier__min_child_weight': 3, 'classifier__n_estimators': 130, 'classifier__scale_pos_weight': 8, 'classifier__subsample': 0.9}",0.8626287529960746,0.8847554687529801,0.8471216377530466,0.8733390681983239,0.8648061682051424,0.8665302191811136,0.012437097491831771,110
1.6674615859985351,0.04668531435428632,0.1367412567138672,0.02869225829290644,0.9,0.4,0.12,4,3,130,10,0.9,"{'classifier__colsample_bytree': 0.9, 'classifier__gamma': 0.4, 'classifier__learning_rate': 0.12, 'classifier__max_depth': 4, 'classifier__min_child_weight': 3, 'classifier__n_estimators': 130, 'classifier__scale_pos_weight': 10, 'classifier__subsample': 0.9}",0.8632488952647493,0.8831164998060242,0.8464984436020577,0.872977327715629,0.8648499149272357,0.866138216263139,0.01208936825367619,182
1.7187448501586915,0.09576200317446332,0.12115373611450195,0.006307403760611094,0.9,0.4,0.12,4,3,130,12,0.9,"{'classifier__colsample_bytree': 0.9, 'classifier__gamma': 0.4, 'classifier__learning_rate': 0.12, 'classifier__max_depth': 4, 'classifier__min_child_weight': 3, 'classifier__n_estimators': 130, 'classifier__scale_pos_weight': 12, 'classifier__subsample': 0.9}",0.8626374171708208,0.8832182448545394,0.8460924867819858,0.8731109627454895,0.8638769313570368,0.8657872085819746,0.012320152696877742,221
1.267911434173584,0.03797143103393125,0.09235558509826661,0.005197991410600028,0.9,0.4,0.12,4,5,90,8,0.9,"{'classifier__colsample_bytree': 0.9, 'classifier__gamma': 0.4, 'classifier__learning_rate': 0.12, 'classifier__max_depth': 4, 'classifier__min_child_weight': 5, 'classifier__n_estimators': 90, 'classifier__scale_pos_weight': 8, 'classifier__subsample': 0.9}",0.8631271293472212,0.8841230006353169,0.8470458885387618,0.8744338145803315,0.865532541634203,0.8668524749471669,0.012358552157285775,43
1.2636724948883056,0.05373025690805505,0.09218783378601074,0.0007700189520368274,0.9,0.4,0.12,4,5,90,10,0.9,"{'classifier__colsample_bytree': 0.9, 'classifier__gamma': 0.4, 'classifier__learning_rate': 0.12, 'classifier__max_depth': 4, 'classifier__min_child_weight': 5, 'classifier__n_estimators': 90, 'classifier__scale_pos_weight': 10, 'classifier__subsample': 0.9}",0.8637729625720258,0.8835330862359982,0.8469319361620494,0.8745323015033165,0.864966469052808,0.8667473511052396,0.012223220148410104,61
1.311539888381958,0.06561041866001471,0.10474448204040528,0.018590257864029697,0.9,0.4,0.12,4,5,90,12,0.9,"{'classifier__colsample_bytree': 0.9, 'classifier__gamma': 0.4, 'classifier__learning_rate': 0.12, 'classifier__max_depth': 4, 'classifier__min_child_weight': 5, 'classifier__n_estimators': 90, 'classifier__scale_pos_weight': 12, 'classifier__subsample': 0.9}",0.8637012491272906,0.8831344331803459,0.8463862329487227,0.874774124565134,0.8632396296054522,0.8662471338853891,0.012392517458057807,164
1.4524651050567627,0.019805328293446386,0.11044340133666992,0.004891819779800607,0.9,0.4,0.12,4,5,110,8,0.9,"{'classifier__colsample_bytree': 0.9, 'classifier__gamma': 0.4, 'classifier__learning_rate': 0.12, 'classifier__max_depth': 4, 'classifier__min_child_weight': 5, 'classifier__n_estimators': 110, 'classifier__scale_pos_weight': 8, 'classifier__subsample': 0.9}",0.863320323731549,0.8844147426553836,0.8478462555849627,0.8741985497717814,0.86543986161068,0.8670439466708713,0.012148437746242503,14
1.4754173755645752,0.04977638122357659,0.11014237403869628,0.008745771096507223,0.9,0.4,0.12,4,5,110,10,0.9,"{'classifier__colsample_bytree': 0.9, 'classifier__gamma': 0.4, 'classifier__learning_rate': 0.12, 'classifier__max_depth': 4, 'classifier__min_child_weight': 5, 'classifier__n_estimators': 110, 'classifier__scale_pos_weight': 10, 'classifier__subsample': 0.9}",0.863052930399119,0.8831291642775246,0.846543944998747,0.8739946064684497,0.8657730002918524,0.8664987292871386,0.012193056804872803,114
1.4900986194610595,0.051804949114798465,0.11645212173461914,0.012434966716124967,0.9,0.4,0.12,4,5,110,12,0.9,"{'classifier__colsample_bytree': 0.9, 'classifier__gamma': 0.4, 'classifier__learning_rate': 0.12, 'classifier__max_depth': 4, 'classifier__min_child_weight': 5, 'classifier__n_estimators': 110, 'classifier__scale_pos_weight': 12, 'classifier__subsample': 0.9}",0.8633351063783332,0.8825285808109532,0.8454450687872923,0.8741915185996548,0.8633367656153036,0.8657674080383074,0.012463740514398202,223
1.6568756103515625,0.036053650567115,0.11992626190185547,0.0019373162413287557,0.9,0.4,0.12,4,5,130,8,0.9,"{'classifier__colsample_bytree': 0.9, 'classifier__gamma': 0.4, 'classifier__learning_rate': 0.12, 'classifier__max_depth': 4, 'classifier__min_child_weight': 5, 'classifier__n_estimators': 130, 'classifier__scale_pos_weight': 8, 'classifier__subsample': 0.9}",0.8626807467501865,0.884354945255038,0.8472702420718738,0.8741332502226788,0.8660779653695102,0.8669034299338575,0.012335316769784582,39
1.6666951179504395,0.056898955962401625,0.1289431095123291,0.007644457707500736,0.9,0.4,0.12,4,5,130,10,0.9,"{'classifier__colsample_bytree': 0.9, 'classifier__gamma': 0.4, 'classifier__learning_rate': 0.12, 'classifier__max_depth': 4, 'classifier__min_child_weight': 5, 'classifier__n_estimators': 130, 'classifier__scale_pos_weight': 10, 'classifier__subsample': 0.9}",0.8628026034310285,0.883394960667074,0.8457982354374044,0.8736973400471653,0.8654435670530236,0.8662273413271393,0.012491753551058506,169
1.6387620925903321,0.02085187375753431,0.12450571060180664,0.0058891489311943285,0.9,0.4,0.12,4,5,130,12,0.9,"{'classifier__colsample_bytree': 0.9, 'classifier__gamma': 0.4, 'classifier__learning_rate': 0.12, 'classifier__max_depth': 4, 'classifier__min_child_weight': 5, 'classifier__n_estimators': 130, 'classifier__scale_pos_weight': 12, 'classifier__subsample': 0.9}",0.8629892261966429,0.8833941734191461,0.8460185926315705,0.8734870725408127,0.8635040821414038,0.8658786293859153,0.01243455568415591,209
1.4103153705596925,0.009955683023367816,0.10568995475769043,0.0037765065417019223,0.9,0.4,0.12,5,3,90,8,0.9,"{'classifier__colsample_bytree': 0.9, 'classifier__gamma': 0.4, 'classifier__learning_rate': 0.12, 'classifier__max_depth': 5, 'classifier__min_child_weight': 3, 'classifier__n_estimators': 90, 'classifier__scale_pos_weight': 8, 'classifier__subsample': 0.9}",0.8629077518725355,0.8841228024305297,0.8470084040177972,0.8707747351340155,0.8649975783547404,0.8659622543619238,0.012020603191670195,202
1.4430965423583983,0.03821491438190307,0.12565922737121582,0.016480478970109357,0.9,0.4,0.12,5,3,90,10,0.9,"{'classifier__colsample_bytree': 0.9, 'classifier__gamma': 0.4, 'classifier__learning_rate': 0.12, 'classifier__max_depth': 5, 'classifier__min_child_weight': 3, 'classifier__n_estimators': 90, 'classifier__scale_pos_weight': 10, 'classifier__subsample': 0.9}",0.8624772593498783,0.8833642743722241,0.8473706987500369,0.8730805392900469,0.8646940935883101,0.8661973730700993,0.011938368722516187,175
1.3894096851348876,0.008513662876546273,0.10632386207580566,0.0027905450247430663,0.9,0.4,0.12,5,3,90,12,0.9,"{'classifier__colsample_bytree': 0.9, 'classifier__gamma': 0.4, 'classifier__learning_rate': 0.12, 'classifier__max_depth': 5, 'classifier__min_child_weight': 3, 'classifier__n_estimators': 90, 'classifier__scale_pos_weight': 12, 'classifier__subsample': 0.9}",0.864070537267993,0.8835702528130144,0.8467657894698247,0.8712960865636199,0.8630589547811692,0.8657523241791243,0.01198985428079824,224
1.689920425415039,0.05615764421357664,0.13051910400390626,0.008120333445024839,0.9,0.4,0.12,5,3,110,8,0.9,"{'classifier__colsample_bytree': 0.9, 'classifier__gamma': 0.4, 'classifier__learning_rate': 0.12, 'classifier__max_depth': 5, 'classifier__min_child_weight': 3, 'classifier__n_estimators': 110, 'classifier__scale_pos_weight': 8, 'classifier__subsample': 0.9}",0.8617349980385843,0.8831913346215495,0.8462414936430613,0.8706349721014922,0.8645460589873157,0.8652697714784006,0.012042105660052507,267
1.6399545192718505,0.051070904347616214,0.12986388206481933,0.006236386460237403,0.9,0.4,0.12,5,3,110,10,0.9,"{'classifier__colsample_bytree': 0.9, 'classifier__gamma': 0.4, 'classifier__learning_rate': 0.12, 'classifier__max_depth': 5, 'classifier__min_child_weight': 3, 'classifier__n_estimators': 110, 'classifier__scale_pos_weight': 10, 'classifier__subsample': 0.9}",0.8618855684252706,0.8810787110401607,0.8462996653429049,0.8725863232440001,0.8640236397935711,0.8651747815691815,0.011629961183637148,274
1.6773153305053712,0.07103521950146917,0.12815399169921876,0.0005824033183480613,0.9,0.4,0.12,5,3,110,12,0.9,"{'classifier__colsample_bytree': 0.9, 'classifier__gamma': 0.4, 'classifier__learning_rate': 0.12, 'classifier__max_depth': 5, 'classifier__min_child_weight': 3, 'classifier__n_estimators': 110, 'classifier__scale_pos_weight': 12, 'classifier__subsample': 0.9}",0.8622749424283397,0.882596426157323,0.8463452054138002,0.8709864081641695,0.8627917001477973,0.864998936462286,0.011880868475174751,285
1.8819506168365479,0.04687996100439631,0.148801851272583,0.004513413704355781,0.9,0.4,0.12,5,3,130,8,0.9,"{'classifier__colsample_bytree': 0.9, 'classifier__gamma': 0.4, 'classifier__learning_rate': 0.12, 'classifier__max_depth': 5, 'classifier__min_child_weight': 3, 'classifier__n_estimators': 130, 'classifier__scale_pos_weight': 8, 'classifier__subsample': 0.9}",0.8601067115150491,0.8829016000593394,0.8443367905215675,0.8701662459071627,0.86438037067905,0.8643783437364337,0.012621581022594398,329
1.8790472030639649,0.10108274033937059,0.1474146842956543,0.0014844531753028364,0.9,0.4,0.12,5,3,130,10,0.9,"{'classifier__colsample_bytree': 0.9, 'classifier__gamma': 0.4, 'classifier__learning_rate': 0.12, 'classifier__max_depth': 5, 'classifier__min_child_weight': 3, 'classifier__n_estimators': 130, 'classifier__scale_pos_weight': 10, 'classifier__subsample': 0.9}",0.8610704386724366,0.8804617776879712,0.845739948594904,0.8722698887328105,0.8639386302270966,0.8646961367830437,0.011653100234147564,301
1.9372114658355712,0.10244305554485797,0.15004830360412597,0.00842783360616705,0.9,0.4,0.12,5,3,130,12,0.9,"{'classifier__colsample_bytree': 0.9, 'classifier__gamma': 0.4, 'classifier__learning_rate': 0.12, 'classifier__max_depth': 5, 'classifier__min_child_weight': 3, 'classifier__n_estimators': 130, 'classifier__scale_pos_weight': 12, 'classifier__subsample': 0.9}",0.8616452905557048,0.8807788289805217,0.8457228763972481,0.8699459617263726,0.8624607076838767,0.8641107330687448,0.011478585089969202,342
1.3910416126251222,0.03441886721245337,0.10919866561889649,0.0006154587758684824,0.9,0.4,0.12,5,5,90,8,0.9,"{'classifier__colsample_bytree': 0.9, 'classifier__gamma': 0.4, 'classifier__learning_rate': 0.12, 'classifier__max_depth': 5, 'classifier__min_child_weight': 5, 'classifier__n_estimators': 90, 'classifier__scale_pos_weight': 8, 'classifier__subsample': 0.9}",0.8631612081588861,0.8837387453902779,0.8471831215712943,0.8735012713577474,0.8648737293938442,0.86649161517441,0.0121088882313883,116
1.4402400970458984,0.08172199497601094,0.12566924095153809,0.021239706852891414,0.9,0.4,0.12,5,5,90,10,0.9,"{'classifier__colsample_bytree': 0.9, 'classifier__gamma': 0.4, 'classifier__learning_rate': 0.12, 'classifier__max_depth': 5, 'classifier__min_child_weight': 5, 'classifier__n_estimators': 90, 'classifier__scale_pos_weight': 10, 'classifier__subsample': 0.9}",0.8623152470940992,0.8830030317466233,0.8469033512389541,0.8722694663429075,0.8641753099457105,0.8657332812736589,0.011913374787029474,226
1.4071980953216552,0.01722437113983548,0.11106748580932617,0.002356166328257313,0.9,0.4,0.12,5,5,90,12,0.9,"{'classifier__colsample_bytree': 0.9, 'classifier__gamma': 0.4, 'classifier__learning_rate': 0.12, 'classifier__max_depth': 5, 'classifier__min_child_weight': 5, 'classifier__n_estimators': 90, 'classifier__scale_pos_weight': 12, 'classifier__subsample': 0.9}",0.8620581329040578,0.8830404190727863,0.847502502640936,0.8720463634708252,0.8634881492678085,0.8656271134712826,0.011749419478701733,238
1.6379395961761474,0.04560923959000713,0.1360806941986084,0.008115145261251988,0.9,0.4,0.12,5,5,110,8,0.9,"{'classifier__colsample_bytree': 0.9, 'classifier__gamma': 0.4, 'classifier__learning_rate': 0.12, 'classifier__max_depth': 5, 'classifier__min_child_weight': 5, 'classifier__n_estimators': 110, 'classifier__scale_pos_weight': 8, 'classifier__subsample': 0.9}",0.8612717346518705,0.8834945343861715,0.8467705832020027,0.8731512806446545,0.8652701836984905,0.8659916633166379,0.01224629573522927,197
1.6230868816375732,0.061120804440927795,0.14401283264160156,0.018030794285190423,0.9,0.4,0.12,5,5,110,10,0.9,"{'classifier__colsample_bytree': 0.9, 'classifier__gamma': 0.4, 'classifier__learning_rate': 0.12, 'classifier__max_depth': 5, 'classifier__min_child_weight': 5, 'classifier__n_estimators': 110, 'classifier__scale_pos_weight': 10, 'classifier__subsample': 0.9}",0.8614372985874736,0.8820357219246319,0.8461477549309306,0.8722475831479337,0.8635655916556487,0.8650867900493238,0.011940377994131505,279
1.6129454135894776,0.019856873041613324,0.12758870124816896,0.0006671287802197909,0.9,0.4,0.12,5,5,110,12,0.9,"{'classifier__colsample_bytree': 0.9, 'classifier__gamma': 0.4, 'classifier__learning_rate': 0.12, 'classifier__max_depth': 5, 'classifier__min_child_weight': 5, 'classifier__n_estimators': 110, 'classifier__scale_pos_weight': 12, 'classifier__subsample': 0.9}",0.8603281152096567,0.8830323813737151,0.8472903818016293,0.8710165384612717,0.8632964911933789,0.8649927816079304,0.011829829069075239,287
1.8687757968902587,0.06003207049228101,0.15446114540100098,0.012092380547245627,0.9,0.4,0.12,5,5,130,8,0.9,"{'classifier__colsample_bytree': 0.9, 'classifier__gamma': 0.4, 'classifier__learning_rate': 0.12, 'classifier__max_depth': 5, 'classifier__min_child_weight': 5, 'classifier__n_estimators': 130, 'classifier__scale_pos_weight': 8, 'classifier__subsample': 0.9}",0.8599759257141657,0.8832772778080373,0.8469845358706204,0.8724546860772876,0.8647616913856885,0.86549082337116,0.01215139293988056,250
1.8533318519592286,0.042676472926908494,0.14698281288146972,0.0030912506908952727,0.9,0.4,0.12,5,5,130,10,0.9,"{'classifier__colsample_bytree': 0.9, 'classifier__gamma': 0.4, 'classifier__learning_rate': 0.12, 'classifier__max_depth': 5, 'classifier__min_child_weight': 5, 'classifier__n_estimators': 130, 'classifier__scale_pos_weight': 10, 'classifier__subsample': 0.9}",0.8612637392689405,0.8821049380093932,0.8448691691757441,0.8717025142502294,0.8627957589025274,0.864547223921367,0.012333257829412766,314
1.8700343132019044,0.04318884300273722,0.16167688369750977,0.02025689652686787,0.9,0.4,0.12,5,5,130,12,0.9,"{'classifier__colsample_bytree': 0.9, 'classifier__gamma': 0.4, 'classifier__learning_rate': 0.12, 'classifier__max_depth': 5, 'classifier__min_child_weight': 5, 'classifier__n_estimators': 130, 'classifier__scale_pos_weight': 12, 'classifier__subsample': 0.9}",0.8587376389101328,0.8821140484066029,0.8469086079694441,0.871053904359153,0.8626455105560591,0.8642919420402784,0.01182449096618088,336
1.5108163833618165,0.059953835801122006,0.14151616096496583,0.008432458131387162,0.9,0.4,0.12,6,3,90,8,0.9,"{'classifier__colsample_bytree': 0.9, 'classifier__gamma': 0.4, 'classifier__learning_rate': 0.12, 'classifier__max_depth': 6, 'classifier__min_child_weight': 3, 'classifier__n_estimators': 90, 'classifier__scale_pos_weight': 8, 'classifier__subsample': 0.9}",0.8611577469666546,0.8811175758184066,0.8462796571553061,0.87018876499231,0.8630081029999084,0.8643503695865171,0.011434782309174106,332
1.5540735721588135,0.0479180198459318,0.1563204288482666,0.020457985030912392,0.9,0.4,0.12,6,3,90,10,0.9,"{'classifier__colsample_bytree': 0.9, 'classifier__gamma': 0.4, 'classifier__learning_rate': 0.12, 'classifier__max_depth': 6, 'classifier__min_child_weight': 3, 'classifier__n_estimators': 90, 'classifier__scale_pos_weight': 10, 'classifier__subsample': 0.9}",0.8619427605369673,0.8805756668157977,0.8462964243532303,0.871224262610142,0.8617220098490952,0.8643522248330464,0.011394388557534234,331
1.528537893295288,0.05577661648297015,0.13978848457336426,0.0075246106278364705,0.9,0.4,0.12,6,3,90,12,0.9,"{'classifier__colsample_bytree': 0.9, 'classifier__gamma': 0.4, 'classifier__learning_rate': 0.12, 'classifier__max_depth': 6, 'classifier__min_child_weight': 3, 'classifier__n_estimators': 90, 'classifier__scale_pos_weight': 12, 'classifier__subsample': 0.9}",0.8601121554356403,0.8806360625490787,0.8458763344136132,0.8720419972200626,0.8606874860040981,0.8638708071244986,0.011797492793350618,354
1.816115379333496,0.05370370310121962,0.16909370422363282,0.017388669281843974,0.9,0.4,0.12,6,3,110,8,0.9,"{'classifier__colsample_bytree': 0.9, 'classifier__gamma': 0.4, 'classifier__learning_rate': 0.12, 'classifier__max_depth': 6, 'classifier__min_child_weight': 3, 'classifier__n_estimators': 110, 'classifier__scale_pos_weight': 8, 'classifier__subsample': 0.9}",0.8601826235681495,0.8794896770550861,0.8451725973296638,0.8704413942483608,0.8624661549014795,0.8635504894205479,0.011417595992573616,369
1.794851016998291,0.051355444383068015,0.16377043724060059,0.010206419931581622,0.9,0.4,0.12,6,3,110,10,0.9,"{'classifier__colsample_bytree': 0.9, 'classifier__gamma': 0.4, 'classifier__learning_rate': 0.12, 'classifier__max_depth': 6, 'classifier__min_child_weight': 3, 'classifier__n_estimators': 110, 'classifier__scale_pos_weight': 10, 'classifier__subsample': 0.9}",0.861140902485819,0.8801952504828892,0.8452067661772116,0.8714770802450468,0.8595715811231982,0.863518316102833,0.011815276045632192,372
1.8388846874237061,0.09254875431023504,0.16190404891967775,0.012817341290879263,0.9,0.4,0.12,6,3,110,12,0.9,"{'classifier__colsample_bytree': 0.9, 'classifier__gamma': 0.4, 'classifier__learning_rate': 0.12, 'classifier__max_depth': 6, 'classifier__min_child_weight': 3, 'classifier__n_estimators': 110, 'classifier__scale_pos_weight': 12, 'classifier__subsample': 0.9}",0.8590036725909866,0.8804240877841765,0.8453972826634246,0.8710847119501366,0.8599497654324081,0.8631719040842265,0.011865444523196218,385
2.0401920795440676,0.028582049821529246,0.17978363037109374,0.0028919815499964855,0.9,0.4,0.12,6,3,130,8,0.9,"{'classifier__colsample_bytree': 0.9, 'classifier__gamma': 0.4, 'classifier__learning_rate': 0.12, 'classifier__max_depth': 6, 'classifier__min_child_weight': 3, 'classifier__n_estimators': 130, 'classifier__scale_pos_weight': 8, 'classifier__subsample': 0.9}",0.8589925887027461,0.8789732751807875,0.8431385064101319,0.8702317064080374,0.8618326878103342,0.8626337529024074,0.01198893909872436,402
2.0889955520629884,0.06578594828184987,0.18431224822998046,0.008370836438470027,0.9,0.4,0.12,6,3,130,10,0.9,"{'classifier__colsample_bytree': 0.9, 'classifier__gamma': 0.4, 'classifier__learning_rate': 0.12, 'classifier__max_depth': 6, 'classifier__min_child_weight': 3, 'classifier__n_estimators': 130, 'classifier__scale_pos_weight': 10, 'classifier__subsample': 0.9}",0.8606755777126557,0.879694456705037,0.8439448890104598,0.870065561254774,0.8586611694786882,0.8626083308323229,0.011959813216961523,403
2.026126194000244,0.016862519814051864,0.2020932674407959,0.025215995003847358,0.9,0.4,0.12,6,3,130,12,0.9,"{'classifier__colsample_bytree': 0.9, 'classifier__gamma': 0.4, 'classifier__learning_rate': 0.12, 'classifier__max_depth': 6, 'classifier__min_child_weight': 3, 'classifier__n_estimators': 130, 'classifier__scale_pos_weight': 12, 'classifier__subsample': 0.9}",0.8578829615463172,0.8794484768055686,0.8447038896397868,0.8704818032241646,0.8596860951240779,0.8624406452679828,0.011805753533794677,407
1.5948516368865966,0.08181013178574792,0.13182587623596193,0.004771635096037424,0.9,0.4,0.12,6,5,90,8,0.9,"{'classifier__colsample_bytree': 0.9, 'classifier__gamma': 0.4, 'classifier__learning_rate': 0.12, 'classifier__max_depth': 6, 'classifier__min_child_weight': 5, 'classifier__n_estimators': 90, 'classifier__scale_pos_weight': 8, 'classifier__subsample': 0.9}",0.8596941183118679,0.882406165012067,0.8464260369858513,0.8722632556674076,0.8611792504313704,0.8643937652817127,0.01217895291439091,324
1.5390335083007813,0.01995896768634812,0.1364917278289795,0.014643143141189915,0.9,0.4,0.12,6,5,90,10,0.9,"{'classifier__colsample_bytree': 0.9, 'classifier__gamma': 0.4, 'classifier__learning_rate': 0.12, 'classifier__max_depth': 6, 'classifier__min_child_weight': 5, 'classifier__n_estimators': 90, 'classifier__scale_pos_weight': 10, 'classifier__subsample': 0.9}",0.8622425698702381,0.8820911660597333,0.8469077599465591,0.8728632322479272,0.8617851010332839,0.8651779658315484,0.01182411236345688,273
1.5475048065185546,0.054322919811183014,0.13473410606384278,0.008831942791154042,0.9,0.4,0.12,6,5,90,12,0.9,"{'classifier__colsample_bytree': 0.9, 'classifier__gamma': 0.4, 'classifier__learning_rate': 0.12, 'classifier__max_depth': 6, 'classifier__min_child_weight': 5, 'classifier__n_estimators': 90, 'classifier__scale_pos_weight': 12, 'classifier__subsample': 0.9}",0.8593289818635285,0.8821481497572634,0.8479110187143106,0.8710308191561834,0.8631743515255517,0.8647186642033674,0.0114678750523266,300
1.8442177295684814,0.06575771623184347,0.1558157444000244,0.009848364912943487,0.9,0.4,0.12,6,5,110,8,0.9,"{'classifier__colsample_bytree': 0.9, 'classifier__gamma': 0.4, 'classifier__learning_rate': 0.12, 'classifier__max_depth': 6, 'classifier__min_child_weight': 5, 'classifier__n_estimators': 110, 'classifier__scale_pos_weight': 8, 'classifier__subsample': 0.9}",0.8586461798196194,0.882267962848849,0.8443393268339778,0.8712980248235299,0.8603500372977765,0.8633803063247505,0.012756074782696145,377
1.792775774002075,0.05310763675744173,0.159940767288208,0.01816674182446474,0.9,0.4,0.12,6,5,110,10,0.9,"{'classifier__colsample_bytree': 0.9, 'classifier__gamma': 0.4, 'classifier__learning_rate': 0.12, 'classifier__max_depth': 6, 'classifier__min_child_weight': 5, 'classifier__n_estimators': 110, 'classifier__scale_pos_weight': 10, 'classifier__subsample': 0.9}",0.8613695314040293,0.8802157381257963,0.8464021147794675,0.8723107392151832,0.8612414670729794,0.8643079181194911,0.011452151890404843,335
1.8526203632354736,0.051279802937000435,0.15545868873596191,0.0015027772275578817,0.9,0.4,0.12,6,5,110,12,0.9,"{'classifier__colsample_bytree': 0.9, 'classifier__gamma': 0.4, 'classifier__learning_rate': 0.12, 'classifier__max_depth': 6, 'classifier__min_child_weight': 5, 'classifier__n_estimators': 110, 'classifier__scale_pos_weight': 12, 'classifier__subsample': 0.9}",0.8587326307653743,0.8803489954156133,0.8467536988829161,0.8714345932389485,0.8629698371908391,0.8640479510987383,0.01139116014703859,343
2.0377541542053224,0.06785494861511515,0.1782160758972168,0.016409121587872742,0.9,0.4,0.12,6,5,130,8,0.9,"{'classifier__colsample_bytree': 0.9, 'classifier__gamma': 0.4, 'classifier__learning_rate': 0.12, 'classifier__max_depth': 6, 'classifier__min_child_weight': 5, 'classifier__n_estimators': 130, 'classifier__scale_pos_weight': 8, 'classifier__subsample': 0.9}",0.8578636528515718,0.8804655828636708,0.8427403309541427,0.8704359303413217,0.8596704445649567,0.8622351883151328,0.012691234388459264,415
2.092444086074829,0.03427358752163941,0.17306342124938964,0.002388139972406473,0.9,0.4,0.12,6,5,130,10,0.9,"{'classifier__colsample_bytree': 0.9, 'classifier__gamma': 0.4, 'classifier__learning_rate': 0.12, 'classifier__max_depth': 6, 'classifier__min_child_weight': 5, 'classifier__n_estimators': 130, 'classifier__scale_pos_weight': 10, 'classifier__subsample': 0.9}",0.8603296679571386,0.8789673106754925,0.8440637978524426,0.871662941929366,0.8617683833928047,0.8633584203614489,0.011803275407793962,379
2.073347330093384,0.05869875538253271,0.18768491744995117,0.01978638303472196,0.9,0.4,0.12,6,5,130,12,0.9,"{'classifier__colsample_bytree': 0.9, 'classifier__gamma': 0.4, 'classifier__learning_rate': 0.12, 'classifier__max_depth': 6, 'classifier__min_child_weight': 5, 'classifier__n_estimators': 130, 'classifier__scale_pos_weight': 12, 'classifier__subsample': 0.9}",0.8570465336908776,0.8783738238176058,0.8447528245153392,0.8703235050548852,0.8610240773624899,0.8623041528882396,0.011488033892535937,413
1.2693868160247803,0.03820246469540389,0.0934147834777832,0.008939259907030497,0.9,0.4,0.18,4,3,90,8,0.9,"{'classifier__colsample_bytree': 0.9, 'classifier__gamma': 0.4, 'classifier__learning_rate': 0.18, 'classifier__max_depth': 4, 'classifier__min_child_weight': 3, 'classifier__n_estimators': 90, 'classifier__scale_pos_weight': 8, 'classifier__subsample': 0.9}",0.8624782975412222,0.8826250897190484,0.8492501058488235,0.8723518044354205,0.8648958185388441,0.8663202232166718,0.011049044050891424,154
1.2720232009887695,0.03124332322309036,0.09343972206115722,0.006458078765360393,0.9,0.4,0.18,4,3,90,10,0.9,"{'classifier__colsample_bytree': 0.9, 'classifier__gamma': 0.4, 'classifier__learning_rate': 0.18, 'classifier__max_depth': 4, 'classifier__min_child_weight': 3, 'classifier__n_estimators': 90, 'classifier__scale_pos_weight': 10, 'classifier__subsample': 0.9}",0.8616166945063782,0.8829369520968884,0.8485485407367933,0.8726277498461908,0.8644576842001572,0.8660375242772815,0.011462337540757287,192
1.30614914894104,0.058200557324370954,0.10305161476135254,0.01725809871166807,0.9,0.4,0.18,4,3,90,12,0.9,"{'classifier__colsample_bytree': 0.9, 'classifier__gamma': 0.4, 'classifier__learning_rate': 0.18, 'classifier__max_depth': 4, 'classifier__min_child_weight': 3, 'classifier__n_estimators': 90, 'classifier__scale_pos_weight': 12, 'classifier__subsample': 0.9}",0.8623579366572517,0.8821759016096298,0.8485611933621611,0.8703799240542562,0.8643438293287519,0.8655637570024102,0.01095455605195914,242
1.4473746299743653,0.05019150279628908,0.10305953025817871,0.006662471096357189,0.9,0.4,0.18,4,3,110,8,0.9,"{'classifier__colsample_bytree': 0.9, 'classifier__gamma': 0.4, 'classifier__learning_rate': 0.18, 'classifier__max_depth': 4, 'classifier__min_child_weight': 3, 'classifier__n_estimators': 110, 'classifier__scale_pos_weight': 8, 'classifier__subsample': 0.9}",0.8611836213118571,0.8811960807039929,0.8465018033831976,0.8718689973694245,0.8641136843995422,0.8649728374336029,0.011550117278323646,289
1.456441068649292,0.03547697093185349,0.10357131958007812,0.002935910633731106,0.9,0.4,0.18,4,3,110,10,0.9,"{'classifier__colsample_bytree': 0.9, 'classifier__gamma': 0.4, 'classifier__learning_rate': 0.18, 'classifier__max_depth': 4, 'classifier__min_child_weight': 3, 'classifier__n_estimators': 110, 'classifier__scale_pos_weight': 10, 'classifier__subsample': 0.9}",0.8621386474073449,0.8818506284897142,0.8471673550161106,0.8713038646431074,0.8646786093448857,0.8654278209802324,0.011393516522263655,254
1.519730234146118,0.07333930082695396,0.1050948143005371,0.010806477007568283,0.9,0.4,0.18,4,3,110,12,0.9,"{'classifier__colsample_bytree': 0.9, 'classifier__gamma': 0.4, 'classifier__learning_rate': 0.18, 'classifier__max_depth': 4, 'classifier__min_child_weight': 3, 'classifier__n_estimators': 110, 'classifier__scale_pos_weight': 12, 'classifier__subsample': 0.9}",0.8612002566982905,0.8804222272807665,0.8467892843923309,0.8689270277413336,0.8642455553877196,0.8643168703000882,0.010932252366476,334
1.6574632167816161,0.037777681240771084,0.1177680492401123,0.006646520817354297,0.9,0.4,0.18,4,3,130,8,0.9,"{'classifier__colsample_bytree': 0.9, 'classifier__gamma': 0.4, 'classifier__learning_rate': 0.18, 'classifier__max_depth': 4, 'classifier__min_child_weight': 3, 'classifier__n_estimators': 130, 'classifier__scale_pos_weight': 8, 'classifier__subsample': 0.9}",0.8603350734541336,0.8796823217966269,0.8460447968375794,0.8712716090417325,0.8614180189515213,0.8637503640163189,0.011322433993555628,358
1.7412474632263184,0.13422680689237304,0.11558208465576172,0.004435597013676791,0.9,0.4,0.18,4,3,130,10,0.9,"{'classifier__colsample_bytree': 0.9, 'classifier__gamma': 0.4, 'classifier__learning_rate': 0.18, 'classifier__max_depth': 4, 'classifier__min_child_weight': 3, 'classifier__n_estimators': 130, 'classifier__scale_pos_weight': 10, 'classifier__subsample': 0.9}",0.8609790633048522,0.8800774812904292,0.8465338296215268,0.8710001890911379,0.8638289383451171,0.8644839003306126,0.011140374164287908,320
1.633505630493164,0.042317956498448626,0.12492766380310058,0.00864998409937522,0.9,0.4,0.18,4,3,130,12,0.9,"{'classifier__colsample_bytree': 0.9, 'classifier__gamma': 0.4, 'classifier__learning_rate': 0.18, 'classifier__max_depth': 4, 'classifier__min_child_weight': 3, 'classifier__n_estimators': 130, 'classifier__scale_pos_weight': 12, 'classifier__subsample': 0.9}",0.8593951677004599,0.8779471670180192,0.8459025865346865,0.8690515438497642,0.8622063533818901,0.8629005636969641,0.010638945295512157,395
1.275663185119629,0.054690745409953855,0.09309601783752441,0.006079696225143541,0.9,0.4,0.18,4,5,90,8,0.9,"{'classifier__colsample_bytree': 0.9, 'classifier__gamma': 0.4, 'classifier__learning_rate': 0.18, 'classifier__max_depth': 4, 'classifier__min_child_weight': 5, 'classifier__n_estimators': 90, 'classifier__scale_pos_weight': 8, 'classifier__subsample': 0.9}",0.8625028237131666,0.8827586917206028,0.8473714054132129,0.8724234955944198,0.8631687300220355,0.8656450292926875,0.01173674478525175,235
1.2830259323120117,0.059529766961039426,0.11211633682250977,0.027587686351823862,0.9,0.4,0.18,4,5,90,10,0.9,"{'classifier__colsample_bytree': 0.9, 'classifier__gamma': 0.4, 'classifier__learning_rate': 0.18, 'classifier__max_depth': 4, 'classifier__min_child_weight': 5, 'classifier__n_estimators': 90, 'classifier__scale_pos_weight': 10, 'classifier__subsample': 0.9}",0.8629208738084354,0.8827231080184892,0.846978701049608,0.874169427214459,0.8631996713268287,0.8659983562835641,0.012046032889237258,195
1.2286704063415528,0.022719346346735336,0.09378972053527831,0.007265363482756087,0.9,0.4,0.18,4,5,90,12,0.9,"{'classifier__colsample_bytree': 0.9, 'classifier__gamma': 0.4, 'classifier__learning_rate': 0.18, 'classifier__max_depth': 4, 'classifier__min_child_weight': 5, 'classifier__n_estimators': 90, 'classifier__scale_pos_weight': 12, 'classifier__subsample': 0.9}",0.8622258385354226,0.8810007911218234,0.8504754135988546,0.8712539969722558,0.8647666683047267,0.8659445417066166,0.010093473387406534,204
1.4740227699279784,0.04234060841954826,0.11586213111877441,0.019942072357280665,0.9,0.4,0.18,4,5,110,8,0.9,"{'classifier__colsample_bytree': 0.9, 'classifier__gamma': 0.4, 'classifier__learning_rate': 0.18, 'classifier__max_depth': 4, 'classifier__min_child_weight': 5, 'classifier__n_estimators': 110, 'classifier__scale_pos_weight': 8, 'classifier__subsample': 0.9}",0.8618316410487767,0.8820707604629,0.8457922348007079,0.8714177277115729,0.8620757284754446,0.8646376184998804,0.011995579155236451,305
1.4828008651733398,0.02169458905546329,0.11351256370544434,0.02145702915944979,0.9,0.4,0.18,4,5,110,10,0.9,"{'classifier__colsample_bytree': 0.9, 'classifier__gamma': 0.4, 'classifier__learning_rate': 0.18, 'classifier__max_depth': 4, 'classifier__min_child_weight': 5, 'classifier__n_estimators': 110, 'classifier__scale_pos_weight': 10, 'classifier__subsample': 0.9}",0.8618704378312195,0.8805568114032586,0.8466352825202421,0.8735752071905923,0.8630676819775391,0.8651410841845705,0.01154330885042913,276
1.438232660293579,0.015605870093133157,0.11473965644836426,0.018823111239949883,0.9,0.4,0.18,4,5,110,12,0.9,"{'classifier__colsample_bytree': 0.9, 'classifier__gamma': 0.4, 'classifier__learning_rate': 0.18, 'classifier__max_depth': 4, 'classifier__min_child_weight': 5, 'classifier__n_estimators': 110, 'classifier__scale_pos_weight': 12, 'classifier__subsample': 0.9}",0.8607679869966759,0.8798506161331424,0.8492146017948807,0.8700404519598799,0.8633003657587193,0.8646348045286596,0.010151429494814906,306
1.674036169052124,0.046776044266019404,0.1361687183380127,0.025300618916189635,0.9,0.4,0.18,4,5,130,8,0.9,"{'classifier__colsample_bytree': 0.9, 'classifier__gamma': 0.4, 'classifier__learning_rate': 0.18, 'classifier__max_depth': 4, 'classifier__min_child_weight': 5, 'classifier__n_estimators': 130, 'classifier__scale_pos_weight': 8, 'classifier__subsample': 0.9}",0.8610162599907184,0.8814734587374777,0.8449839518132339,0.870602088807366,0.8614488646673453,0.8639049248032282,0.012048943729434498,353
1.635781478881836,0.03067116922004351,0.1240734577178955,0.01121294052715012,0.9,0.4,0.18,4,5,130,10,0.9,"{'classifier__colsample_bytree': 0.9, 'classifier__gamma': 0.4, 'classifier__learning_rate': 0.18, 'classifier__max_depth': 4, 'classifier__min_child_weight': 5, 'classifier__n_estimators': 130, 'classifier__scale_pos_weight': 10, 'classifier__subsample': 0.9}",0.8611278353489545,0.8788798973558023,0.8450390259702919,0.8732034761279547,0.8628148494664548,0.8642130168538916,0.011619474041297883,338
1.6640263080596924,0.03807647674556117,0.1361248016357422,0.03369713029533783,0.9,0.4,0.18,4,5,130,12,0.9,"{'classifier__colsample_bytree': 0.9, 'classifier__gamma': 0.4, 'classifier__learning_rate': 0.18, 'classifier__max_depth': 4, 'classifier__min_child_weight': 5, 'classifier__n_estimators': 130, 'classifier__scale_pos_weight': 12, 'classifier__subsample': 0.9}",0.8593012204233843,0.8785240218444295,0.8474006848573606,0.8685084770958456,0.8622097826927753,0.8631888373827591,0.010284010142201786,384
1.4030921936035157,0.037571254443528435,0.10815982818603516,0.0030863212973612506,0.9,0.4,0.18,5,3,90,8,0.9,"{'classifier__colsample_bytree': 0.9, 'classifier__gamma': 0.4, 'classifier__learning_rate': 0.18, 'classifier__max_depth': 5, 'classifier__min_child_weight': 3, 'classifier__n_estimators': 90, 'classifier__scale_pos_weight': 8, 'classifier__subsample': 0.9}",0.860993178536434,0.8804980561399335,0.8484665835014283,0.8724614641666552,0.8617729255522546,0.8648384415793412,0.010913800207606935,295
1.3983375549316406,0.044142689037070866,0.11031208038330079,0.00502794818247584,0.9,0.4,0.18,5,3,90,10,0.9,"{'classifier__colsample_bytree': 0.9, 'classifier__gamma': 0.4, 'classifier__learning_rate': 0.18, 'classifier__max_depth': 5, 'classifier__min_child_weight': 3, 'classifier__n_estimators': 90, 'classifier__scale_pos_weight': 10, 'classifier__subsample': 0.9}",0.8607282018782036,0.8778232297970635,0.8454837859788671,0.8720455975085288,0.8638344730876651,0.8639830576500657,0.011039874363963203,348
1.4598322868347169,0.07481701273770548,0.11105756759643555,0.00548858165923037,0.9,0.4,0.18,5,3,90,12,0.9,"{'classifier__colsample_bytree': 0.9, 'classifier__gamma': 0.4, 'classifier__learning_rate': 0.18, 'classifier__max_depth': 5, 'classifier__min_child_weight': 3, 'classifier__n_estimators': 90, 'classifier__scale_pos_weight': 12, 'classifier__subsample': 0.9}",0.8616949197792956,0.8800562067871814,0.8460824835366054,0.8706361852481734,0.864239441015236,0.8645418472732984,0.011196257068704498,315
1.6203861713409424,0.027337745702590337,0.1240473747253418,0.0038130472059682767,0.9,0.4,0.18,5,3,110,8,0.9,"{'classifier__colsample_bytree': 0.9, 'classifier__gamma': 0.4, 'classifier__learning_rate': 0.18, 'classifier__max_depth': 5, 'classifier__min_child_weight': 3, 'classifier__n_estimators': 110, 'classifier__scale_pos_weight': 8, 'classifier__subsample': 0.9}",0.8586480285706496,0.879772486202617,0.8479100344357766,0.8711794004833463,0.8611445580173065,0.8637309015419392,0.010914551583701191,359
1.667595338821411,0.08790720793833062,0.12562904357910157,0.0064473687707101365,0.9,0.4,0.18,5,3,110,10,0.9,"{'classifier__colsample_bytree': 0.9, 'classifier__gamma': 0.4, 'classifier__learning_rate': 0.18, 'classifier__max_depth': 5, 'classifier__min_child_weight': 3, 'classifier__n_estimators': 110, 'classifier__scale_pos_weight': 10, 'classifier__subsample': 0.9}",0.8596794354935576,0.8768741501132131,0.8435166265491966,0.870726831730346,0.8634639047641313,0.862852189730089,0.011339576075574419,398
1.6537722110748292,0.062161777279745756,0.1283933162689209,0.0040924929045645,0.9,0.4,0.18,5,3,110,12,0.9,"{'classifier__colsample_bytree': 0.9, 'classifier__gamma': 0.4, 'classifier__learning_rate': 0.18, 'classifier__max_depth': 5, 'classifier__min_child_weight': 3, 'classifier__n_estimators': 110, 'classifier__scale_pos_weight': 12, 'classifier__subsample': 0.9}",0.8598630110523363,0.8791063872601426,0.8439517575458232,0.8692153263424831,0.8630200201628646,0.86303130047273,0.011582035525563463,388
1.8963236331939697,0.0863248214872894,0.1484504222869873,0.010067226931524802,0.9,0.4,0.18,5,3,130,8,0.9,"{'classifier__colsample_bytree': 0.9, 'classifier__gamma': 0.4, 'classifier__learning_rate': 0.18, 'classifier__max_depth': 5, 'classifier__min_child_weight': 3, 'classifier__n_estimators': 130, 'classifier__scale_pos_weight': 8, 'classifier__subsample': 0.9}",0.8576929128164266,0.8782619485976391,0.8445869850310157,0.869206680653946,0.8601209828148428,0.861973901982774,0.011328535727151933,423
1.8821234703063965,0.06925021540066982,0.14756383895874023,0.011624501838250994,0.9,0.4,0.18,5,3,130,10,0.9,"{'classifier__colsample_bytree': 0.9, 'classifier__gamma': 0.4, 'classifier__learning_rate': 0.18, 'classifier__max_depth': 5, 'classifier__min_child_weight': 3, 'classifier__n_estimators': 130, 'classifier__scale_pos_weight': 10, 'classifier__subsample': 0.9}",0.8581350304969715,0.8749076182445484,0.8423559389951154,0.8692239749329063,0.8632190979909418,0.8615683321320967,0.011137091709884075,430
1.8806910991668702,0.03921529615130999,0.15522871017456055,0.0187719740884058,0.9,0.4,0.18,5,3,130,12,0.9,"{'classifier__colsample_bytree': 0.9, 'classifier__gamma': 0.4, 'classifier__learning_rate': 0.18, 'classifier__max_depth': 5, 'classifier__min_child_weight': 3, 'classifier__n_estimators': 130, 'classifier__scale_pos_weight': 12, 'classifier__subsample': 0.9}",0.8581006107455219,0.8775799038010667,0.8422159324009785,0.8681954143292211,0.8615446170305134,0.8615272956614604,0.011720249614853167,432
1.4204639434814452,0.055635519428752764,0.12239971160888671,0.01716516611515406,0.9,0.4,0.18,5,5,90,8,0.9,"{'classifier__colsample_bytree': 0.9, 'classifier__gamma': 0.4, 'classifier__learning_rate': 0.18, 'classifier__max_depth': 5, 'classifier__min_child_weight': 5, 'classifier__n_estimators': 90, 'classifier__scale_pos_weight': 8, 'classifier__subsample': 0.9}",0.8606549436999841,0.8822898863794173,0.8485710046059817,0.8703962473669534,0.8631242213229919,0.8650072606750656,0.011138845026515102,284
1.4065474033355714,0.029881055711935542,0.1078338623046875,0.00171128416557468,0.9,0.4,0.18,5,5,90,10,0.9,"{'classifier__colsample_bytree': 0.9, 'classifier__gamma': 0.4, 'classifier__learning_rate': 0.18, 'classifier__max_depth': 5, 'classifier__min_child_weight': 5, 'classifier__n_estimators': 90, 'classifier__scale_pos_weight': 10, 'classifier__subsample': 0.9}",0.8609647334447671,0.8807958763946683,0.8461418466488799,0.8711445377697092,0.8634467665542608,0.8644987521624572,0.011492037823022687,318
1.4181968212127685,0.058558502151629756,0.1107259750366211,0.0044010640474507895,0.9,0.4,0.18,5,5,90,12,0.9,"{'classifier__colsample_bytree': 0.9, 'classifier__gamma': 0.4, 'classifier__learning_rate': 0.18, 'classifier__max_depth': 5, 'classifier__min_child_weight': 5, 'classifier__n_estimators': 90, 'classifier__scale_pos_weight': 12, 'classifier__subsample': 0.9}",0.8581179947160047,0.8835766994694023,0.8456503093696353,0.8695532939362715,0.8626557214698682,0.8639108037922364,0.01254721222422054,352
1.6027920246124268,0.03947737727623201,0.1422109603881836,0.0212717360713504,0.9,0.4,0.18,5,5,110,8,0.9,"{'classifier__colsample_bytree': 0.9, 'classifier__gamma': 0.4, 'classifier__learning_rate': 0.18, 'classifier__max_depth': 5, 'classifier__min_child_weight': 5, 'classifier__n_estimators': 110, 'classifier__scale_pos_weight': 8, 'classifier__subsample': 0.9}",0.8586882604124975,0.8809237067612917,0.8447289382630463,0.8691210085395034,0.8614700374027205,0.8629863902758119,0.011945615633340711,390
1.6140581130981446,0.03577303367035626,0.1302631378173828,0.008977967699665843,0.9,0.4,0.18,5,5,110,10,0.9,"{'classifier__colsample_bytree': 0.9, 'classifier__gamma': 0.4, 'classifier__learning_rate': 0.18, 'classifier__max_depth': 5, 'classifier__min_child_weight': 5, 'classifier__n_estimators': 110, 'classifier__scale_pos_weight': 10, 'classifier__subsample': 0.9}",0.8585924683778371,0.8802660470363769,0.8438505709932566,0.8702086235926546,0.861912987752896,0.8629661395506043,0.012143998218237822,393
1.6593575954437256,0.07314993691446599,0.12870335578918457,0.007134542839223,0.9,0.4,0.18,5,5,110,12,0.9,"{'classifier__colsample_bytree': 0.9, 'classifier__gamma': 0.4, 'classifier__learning_rate': 0.18, 'classifier__max_depth': 5, 'classifier__min_child_weight': 5, 'classifier__n_estimators': 110, 'classifier__scale_pos_weight': 12, 'classifier__subsample': 0.9}",0.8574432438572314,0.8822458478347848,0.8440115569608578,0.8691166795081291,0.8597110024401032,0.8625056661202212,0.01271888839475621,405
1.8288729190826416,0.04670936577076072,0.14768767356872559,0.013067075665173263,0.9,0.4,0.18,5,5,130,8,0.9,"{'classifier__colsample_bytree': 0.9, 'classifier__gamma': 0.4, 'classifier__learning_rate': 0.18, 'classifier__max_depth': 5, 'classifier__min_child_weight': 5, 'classifier__n_estimators': 130, 'classifier__scale_pos_weight': 8, 'classifier__subsample': 0.9}",0.8564612570301295,0.8793747569458794,0.8437669548285046,0.8686561366428136,0.8605521986459059,0.8617622608186466,0.011925782766908302,427
1.8710349559783936,0.0712000002136561,0.16037988662719727,0.021455604231586742,0.9,0.4,0.18,5,5,130,10,0.9,"{'classifier__colsample_bytree': 0.9, 'classifier__gamma': 0.4, 'classifier__learning_rate': 0.18, 'classifier__max_depth': 5, 'classifier__min_child_weight': 5, 'classifier__n_estimators': 130, 'classifier__scale_pos_weight': 10, 'classifier__subsample': 0.9}",0.8580017739166476,0.8796035008641004,0.8421556568072991,0.8696737448040723,0.860806803750289,0.8620482960284817,0.012489719174682798,421
1.8289716243743896,0.06778246906829348,0.14306163787841797,0.004076682561100722,0.9,0.4,0.18,5,5,130,12,0.9,"{'classifier__colsample_bytree': 0.9, 'classifier__gamma': 0.4, 'classifier__learning_rate': 0.18, 'classifier__max_depth': 5, 'classifier__min_child_weight': 5, 'classifier__n_estimators': 130, 'classifier__scale_pos_weight': 12, 'classifier__subsample': 0.9}",0.8566827077217993,0.8806297425339173,0.8418742696725431,0.8684796370039691,0.8588096297185995,0.8612951973301657,0.01288461368830282,437
1.5640649795532227,0.05872276731990639,0.15261759757995605,0.0320201134993007,0.9,0.4,0.18,6,3,90,8,0.9,"{'classifier__colsample_bytree': 0.9, 'classifier__gamma': 0.4, 'classifier__learning_rate': 0.18, 'classifier__max_depth': 6, 'classifier__min_child_weight': 3, 'classifier__n_estimators': 90, 'classifier__scale_pos_weight': 8, 'classifier__subsample': 0.9}",0.85810933262496,0.8799420321039587,0.8441713019893708,0.8664865926861355,0.8616686430197851,0.862075580484842,0.011620043293620505,419
1.5381811618804933,0.035677400756636585,0.1380849838256836,0.013562783826056257,0.9,0.4,0.18,6,3,90,10,0.9,"{'classifier__colsample_bytree': 0.9, 'classifier__gamma': 0.4, 'classifier__learning_rate': 0.18, 'classifier__max_depth': 6, 'classifier__min_child_weight': 3, 'classifier__n_estimators': 90, 'classifier__scale_pos_weight': 10, 'classifier__subsample': 0.9}",0.8590054357899013,0.8763521493963097,0.8391758085437342,0.8671099597748476,0.8623269269838361,0.8607940560977259,0.012286923043714666,443
1.5555845260620118,0.106100855263592,0.13228249549865723,0.004261018225094189,0.9,0.4,0.18,6,3,90,12,0.9,"{'classifier__colsample_bytree': 0.9, 'classifier__gamma': 0.4, 'classifier__learning_rate': 0.18, 'classifier__max_depth': 6, 'classifier__min_child_weight': 3, 'classifier__n_estimators': 90, 'classifier__scale_pos_weight': 12, 'classifier__subsample': 0.9}",0.8577809260684347,0.8790220124599459,0.840565729734616,0.8665380448788802,0.8582936623393276,0.8604400750962409,0.012562972550212029,453
1.7980668544769287,0.07139949527571123,0.1538642406463623,0.008441020702042947,0.9,0.4,0.18,6,3,110,8,0.9,"{'classifier__colsample_bytree': 0.9, 'classifier__gamma': 0.4, 'classifier__learning_rate': 0.18, 'classifier__max_depth': 6, 'classifier__min_child_weight': 3, 'classifier__n_estimators': 110, 'classifier__scale_pos_weight': 8, 'classifier__subsample': 0.9}",0.8570321060242919,0.878431585526634,0.8417964336954001,0.8647571257340162,0.8598114669806404,0.8603657435921965,0.011848194072980885,455
1.814730739593506,0.09476669758277113,0.1589651107788086,0.009479937433999016,0.9,0.4,0.18,6,3,110,10,0.9,"{'classifier__colsample_bytree': 0.9, 'classifier__gamma': 0.4, 'classifier__learning_rate': 0.18, 'classifier__max_depth': 6, 'classifier__min_child_weight': 3, 'classifier__n_estimators': 110, 'classifier__scale_pos_weight': 10, 'classifier__subsample': 0.9}",0.8582487247301918,0.8767238202988306,0.8371704227793507,0.864805491563758,0.8615919252754028,0.8597080769295067,0.012877450107751858,461
1.7831490993499757,0.05145768303756055,0.160689115524292,0.02029423400922864,0.9,0.4,0.18,6,3,110,12,0.9,"{'classifier__colsample_bytree': 0.9, 'classifier__gamma': 0.4, 'classifier__learning_rate': 0.18, 'classifier__max_depth': 6, 'classifier__min_child_weight': 3, 'classifier__n_estimators': 110, 'classifier__scale_pos_weight': 12, 'classifier__subsample': 0.9}",0.8565239295764284,0.8786276939502745,0.8387806723367537,0.8660852431984253,0.8571325662644824,0.859430021065273,0.013061101753346347,465
2.0816183567047117,0.03292346226049459,0.18514885902404785,0.016767488387018598,0.9,0.4,0.18,6,3,130,8,0.9,"{'classifier__colsample_bytree': 0.9, 'classifier__gamma': 0.4, 'classifier__learning_rate': 0.18, 'classifier__max_depth': 6, 'classifier__min_child_weight': 3, 'classifier__n_estimators': 130, 'classifier__scale_pos_weight': 8, 'classifier__subsample': 0.9}",0.8546215306914294,0.8767301347326542,0.8398677719590466,0.8636842392774295,0.8576896035379635,0.8585186560397047,0.012017250911839814,474
2.066617965698242,0.03835561647169639,0.17872490882873535,0.008340136707332657,0.9,0.4,0.18,6,3,130,10,0.9,"{'classifier__colsample_bytree': 0.9, 'classifier__gamma': 0.4, 'classifier__learning_rate': 0.18, 'classifier__max_depth': 6, 'classifier__min_child_weight': 3, 'classifier__n_estimators': 130, 'classifier__scale_pos_weight': 10, 'classifier__subsample': 0.9}",0.8566941168858142,0.8752063846848788,0.8357093112518723,0.8641806839970163,0.8598317199502128,0.8583244433539589,0.012928028037525238,478
2.0830615520477296,0.068909774819819,0.18409342765808107,0.00960258507628559,0.9,0.4,0.18,6,3,130,12,0.9,"{'classifier__colsample_bytree': 0.9, 'classifier__gamma': 0.4, 'classifier__learning_rate': 0.18, 'classifier__max_depth': 6, 'classifier__min_child_weight': 3, 'classifier__n_estimators': 130, 'classifier__scale_pos_weight': 12, 'classifier__subsample': 0.9}",0.855500218457139,0.8776326234441032,0.8362887726365452,0.8651719114203625,0.8551913471474528,0.8579569746211206,0.013582207427654138,483
1.5325573921203612,0.05010689873994246,0.1275038242340088,0.004583155455467466,0.9,0.4,0.18,6,5,90,8,0.9,"{'classifier__colsample_bytree': 0.9, 'classifier__gamma': 0.4, 'classifier__learning_rate': 0.18, 'classifier__max_depth': 6, 'classifier__min_child_weight': 5, 'classifier__n_estimators': 90, 'classifier__scale_pos_weight': 8, 'classifier__subsample': 0.9}",0.8571152275852946,0.880647841253738,0.841170873523161,0.866559861046233,0.8620949770824275,0.8615177560981708,0.012845964753642412,433
1.5335105895996093,0.05790188445604093,0.14757351875305175,0.039181534515430695,0.9,0.4,0.18,6,5,90,10,0.9,"{'classifier__colsample_bytree': 0.9, 'classifier__gamma': 0.4, 'classifier__learning_rate': 0.18, 'classifier__max_depth': 6, 'classifier__min_child_weight': 5, 'classifier__n_estimators': 90, 'classifier__scale_pos_weight': 10, 'classifier__subsample': 0.9}",0.8581752966096016,0.8781091252993886,0.8417465648542928,0.8673782270981333,0.8570974958893314,0.8605013419501495,0.012050426570537691,452
1.5458078384399414,0.06606346889359681,0.1329514980316162,0.007597513178507905,0.9,0.4,0.18,6,5,90,12,0.9,"{'classifier__colsample_bytree': 0.9, 'classifier__gamma': 0.4, 'classifier__learning_rate': 0.18, 'classifier__max_depth': 6, 'classifier__min_child_weight': 5, 'classifier__n_estimators': 90, 'classifier__scale_pos_weight': 12, 'classifier__subsample': 0.9}",0.857528089338881,0.878743160516417,0.8429593512869494,0.8696191284014241,0.861252847896673,0.862020515488069,0.012012368308455815,422
1.7846428394317626,0.06471958181852068,0.15312843322753905,0.000804016728544112,0.9,0.4,0.18,6,5,110,8,0.9,"{'classifier__colsample_bytree': 0.9, 'classifier__gamma': 0.4, 'classifier__learning_rate': 0.18, 'classifier__max_depth': 6, 'classifier__min_child_weight': 5, 'classifier__n_estimators': 110, 'classifier__scale_pos_weight': 8, 'classifier__subsample': 0.9}",0.8546382256559303,0.8782096515882146,0.8386652870792041,0.8667949857474953,0.8607252068028387,0.8598066713747367,0.013130277125197962,460
1.806736993789673,0.06887521762740043,0.14996662139892578,0.00467752377648781,0.9,0.4,0.18,6,5,110,10,0.9,"{'classifier__colsample_bytree': 0.9, 'classifier__gamma': 0.4, 'classifier__learning_rate': 0.18, 'classifier__max_depth': 6, 'classifier__min_child_weight': 5, 'classifier__n_estimators': 110, 'classifier__scale_pos_weight': 10, 'classifier__subsample': 0.9}",0.8582047515331857,0.8769114368433806,0.8400963358728765,0.8663666490779466,0.8564954094577333,0.8596149165570246,0.012144549295144615,463
1.786791706085205,0.0525813588243453,0.15368785858154296,0.006310503480526582,0.9,0.4,0.18,6,5,110,12,0.9,"{'classifier__colsample_bytree': 0.9, 'classifier__gamma': 0.4, 'classifier__learning_rate': 0.18, 'classifier__max_depth': 6, 'classifier__min_child_weight': 5, 'classifier__n_estimators': 110, 'classifier__scale_pos_weight': 12, 'classifier__subsample': 0.9}",0.8557671178825613,0.877446410588264,0.8413513362428964,0.8689328834321903,0.8599690604062356,0.8606933617104296,0.012226698693629828,445
2.044788694381714,0.08198643262669543,0.18103113174438476,0.01033327527191968,0.9,0.4,0.18,6,5,130,8,0.9,"{'classifier__colsample_bytree': 0.9, 'classifier__gamma': 0.4, 'classifier__learning_rate': 0.18, 'classifier__max_depth': 6, 'classifier__min_child_weight': 5, 'classifier__n_estimators': 130, 'classifier__scale_pos_weight': 8, 'classifier__subsample': 0.9}",0.8528482769020227,0.8769511251746593,0.8387726593340684,0.8659134207366709,0.8580285857336197,0.8585028135762082,0.012780727387635409,475
2.0847935676574707,0.05752480839089428,0.18165998458862304,0.011934782888569393,0.9,0.4,0.18,6,5,130,10,0.9,"{'classifier__colsample_bytree': 0.9, 'classifier__gamma': 0.4, 'classifier__learning_rate': 0.18, 'classifier__max_depth': 6, 'classifier__min_child_weight': 5, 'classifier__n_estimators': 130, 'classifier__scale_pos_weight': 10, 'classifier__subsample': 0.9}",0.8560946841177225,0.8746117024599878,0.8378677458643019,0.8649606129278314,0.8546422079033034,0.8576353906546295,0.012197923954811573,484
2.0400185585021973,0.06859481100373825,0.18764691352844237,0.011105546216686883,0.9,0.4,0.18,6,5,130,12,0.9,"{'classifier__colsample_bytree': 0.9, 'classifier__gamma': 0.4, 'classifier__learning_rate': 0.18, 'classifier__max_depth': 6, 'classifier__min_child_weight': 5, 'classifier__n_estimators': 130, 'classifier__scale_pos_weight': 12, 'classifier__subsample': 0.9}",0.8544989908932168,0.8757397245668129,0.838331744027356,0.8693191049530808,0.8581519269651305,0.8592082982811193,0.012920065638675555,469
1.2666800975799561,0.03177977750540372,0.0908703327178955,0.00021952012583428346,0.9,0.5,0.08,4,3,90,8,0.9,"{'classifier__colsample_bytree': 0.9, 'classifier__gamma': 0.5, 'classifier__learning_rate': 0.08, 'classifier__max_depth': 4, 'classifier__min_child_weight': 3, 'classifier__n_estimators': 90, 'classifier__scale_pos_weight': 8, 'classifier__subsample': 0.9}",0.8633818704532442,0.8852826579765976,0.847960577642023,0.8737127079858219,0.8627045172095533,0.866608466253448,0.012430536395218687,90
1.289982223510742,0.09063453376823764,0.09992589950561523,0.010167101082978676,0.9,0.5,0.08,4,3,90,10,0.9,"{'classifier__colsample_bytree': 0.9, 'classifier__gamma': 0.5, 'classifier__learning_rate': 0.08, 'classifier__max_depth': 4, 'classifier__min_child_weight': 3, 'classifier__n_estimators': 90, 'classifier__scale_pos_weight': 10, 'classifier__subsample': 0.9}",0.8625794879378845,0.8841803618407824,0.847222751207772,0.8736992208803068,0.8633501832658083,0.8662064010265107,0.012336101941893263,174
1.2328999519348145,0.023213012705114177,0.09414505958557129,0.00412794573127887,0.9,0.5,0.08,4,3,90,12,0.9,"{'classifier__colsample_bytree': 0.9, 'classifier__gamma': 0.5, 'classifier__learning_rate': 0.08, 'classifier__max_depth': 4, 'classifier__min_child_weight': 3, 'classifier__n_estimators': 90, 'classifier__scale_pos_weight': 12, 'classifier__subsample': 0.9}",0.8624170399543153,0.8847024768313103,0.8457742099681406,0.8733044597082096,0.8625325962025222,0.8657461565328995,0.012936449767399164,225
1.453432273864746,0.05080959464420338,0.10911970138549805,0.006112761467143309,0.9,0.5,0.08,4,3,110,8,0.9,"{'classifier__colsample_bytree': 0.9, 'classifier__gamma': 0.5, 'classifier__learning_rate': 0.08, 'classifier__max_depth': 4, 'classifier__min_child_weight': 3, 'classifier__n_estimators': 110, 'classifier__scale_pos_weight': 8, 'classifier__subsample': 0.9}",0.863898636632087,0.8863459652520562,0.8480195977514441,0.8740407829764031,0.863519997837358,0.8671649960898697,0.012693993990978765,3
1.4724454879760742,0.04128414681929027,0.1155670166015625,0.01213764649695877,0.9,0.5,0.08,4,3,110,10,0.9,"{'classifier__colsample_bytree': 0.9, 'classifier__gamma': 0.5, 'classifier__learning_rate': 0.08, 'classifier__max_depth': 4, 'classifier__min_child_weight': 3, 'classifier__n_estimators': 110, 'classifier__scale_pos_weight': 10, 'classifier__subsample': 0.9}",0.8632974200191544,0.8851736269991655,0.848453343346667,0.8741618691270354,0.8636131497218076,0.8669398818427659,0.012253271751426266,29
1.4249072551727295,0.009875095253921167,0.11034750938415527,0.00946095173144304,0.9,0.5,0.08,4,3,110,12,0.9,"{'classifier__colsample_bytree': 0.9, 'classifier__gamma': 0.5, 'classifier__learning_rate': 0.08, 'classifier__max_depth': 4, 'classifier__min_child_weight': 3, 'classifier__n_estimators': 110, 'classifier__scale_pos_weight': 12, 'classifier__subsample': 0.9}",0.8638067465115516,0.8850889718613382,0.8464497929957686,0.8738583735974427,0.8629019057093896,0.8664211581350981,0.012820882609653278,129
1.6550490856170654,0.04300377967501066,0.1318880558013916,0.014515353897427495,0.9,0.5,0.08,4,3,130,8,0.9,"{'classifier__colsample_bytree': 0.9, 'classifier__gamma': 0.5, 'classifier__learning_rate': 0.08, 'classifier__max_depth': 4, 'classifier__min_child_weight': 3, 'classifier__n_estimators': 130, 'classifier__scale_pos_weight': 8, 'classifier__subsample': 0.9}",0.8633998726895837,0.8858667564140029,0.8474942123761917,0.8744856425477766,0.8637929359699458,0.8670078839995001,0.012772712776230025,20
1.6827876567840576,0.06960236456548172,0.11971583366394042,0.003753547058532647,0.9,0.5,0.08,4,3,130,10,0.9,"{'classifier__colsample_bytree': 0.9, 'classifier__gamma': 0.5, 'classifier__learning_rate': 0.08, 'classifier__max_depth': 4, 'classifier__min_child_weight': 3, 'classifier__n_estimators': 130, 'classifier__scale_pos_weight': 10, 'classifier__subsample': 0.9}",0.8635785669549607,0.8853464003411272,0.8477023825635323,0.8741156140917941,0.8642879475514498,0.8670061823005728,0.012479436281865356,21
1.6445090293884277,0.040008618800309106,0.12204437255859375,0.004138153114938916,0.9,0.5,0.08,4,3,130,12,0.9,"{'classifier__colsample_bytree': 0.9, 'classifier__gamma': 0.5, 'classifier__learning_rate': 0.08, 'classifier__max_depth': 4, 'classifier__min_child_weight': 3, 'classifier__n_estimators': 130, 'classifier__scale_pos_weight': 12, 'classifier__subsample': 0.9}",0.8639721608477056,0.8846504659416471,0.8466059064244777,0.8736560258927528,0.8635525655009513,0.8664874249215068,0.012581729848564824,117
1.2726276397705079,0.08273393301813778,0.09005813598632813,0.0009507367118558284,0.9,0.5,0.08,4,5,90,8,0.9,"{'classifier__colsample_bytree': 0.9, 'classifier__gamma': 0.5, 'classifier__learning_rate': 0.08, 'classifier__max_depth': 4, 'classifier__min_child_weight': 5, 'classifier__n_estimators': 90, 'classifier__scale_pos_weight': 8, 'classifier__subsample': 0.9}",0.8629445244808769,0.883770625196707,0.8477669465838409,0.8739511611649329,0.8634911997868834,0.8663848914426483,0.012052797373832035,140
1.2752396583557128,0.046105942168552475,0.09022350311279297,0.0023992909411076524,0.9,0.5,0.08,4,5,90,10,0.9,"{'classifier__colsample_bytree': 0.9, 'classifier__gamma': 0.5, 'classifier__learning_rate': 0.08, 'classifier__max_depth': 4, 'classifier__min_child_weight': 5, 'classifier__n_estimators': 90, 'classifier__scale_pos_weight': 10, 'classifier__subsample': 0.9}",0.862415218194406,0.8848016109090221,0.8471014785036717,0.8734462824830876,0.8635116975644666,0.8662552575309308,0.012528514180925807,159
1.2289657592773438,0.024752985723819523,0.1022679328918457,0.017436796708368188,0.9,0.5,0.08,4,5,90,12,0.9,"{'classifier__colsample_bytree': 0.9, 'classifier__gamma': 0.5, 'classifier__learning_rate': 0.08, 'classifier__max_depth': 4, 'classifier__min_child_weight': 5, 'classifier__n_estimators': 90, 'classifier__scale_pos_weight': 12, 'classifier__subsample': 0.9}",0.8627951493986744,0.8832227778813966,0.8464537349469488,0.8727281734496112,0.8618954421388507,0.8654190555630963,0.012242384194776777,255
1.47249116897583,0.07459112703867686,0.12259411811828613,0.03852142369553464,0.9,0.5,0.08,4,5,110,8,0.9,"{'classifier__colsample_bytree': 0.9, 'classifier__gamma': 0.5, 'classifier__learning_rate': 0.08, 'classifier__max_depth': 4, 'classifier__min_child_weight': 5, 'classifier__n_estimators': 110, 'classifier__scale_pos_weight': 8, 'classifier__subsample': 0.9}",0.8635763742870878,0.8848508358421061,0.8477045430588066,0.87435572034486,0.863753731804407,0.8668482410674535,0.012387234856697035,46
1.4552226066589355,0.06412664261922797,0.10933094024658203,0.005698893695659371,0.9,0.5,0.08,4,5,110,10,0.9,"{'classifier__colsample_bytree': 0.9, 'classifier__gamma': 0.5, 'classifier__learning_rate': 0.08, 'classifier__max_depth': 4, 'classifier__min_child_weight': 5, 'classifier__n_estimators': 110, 'classifier__scale_pos_weight': 10, 'classifier__subsample': 0.9}",0.8628363346503776,0.8854497499941797,0.8469585008626977,0.8741585463528558,0.8637392557197526,0.8666284775159727,0.012810762397518183,85
1.4817392826080322,0.0818933202224307,0.11015634536743164,0.01000323203138905,0.9,0.5,0.08,4,5,110,12,0.9,"{'classifier__colsample_bytree': 0.9, 'classifier__gamma': 0.5, 'classifier__learning_rate': 0.08, 'classifier__max_depth': 4, 'classifier__min_child_weight': 5, 'classifier__n_estimators': 110, 'classifier__scale_pos_weight': 12, 'classifier__subsample': 0.9}",0.8637129747168573,0.8843351103797014,0.846910583589642,0.873251428262468,0.8626957220320012,0.8661811637961339,0.01240282177006496,177
1.642154836654663,0.03364490095964632,0.13227295875549316,0.012031926180627659,0.9,0.5,0.08,4,5,130,8,0.9,"{'classifier__colsample_bytree': 0.9, 'classifier__gamma': 0.5, 'classifier__learning_rate': 0.08, 'classifier__max_depth': 4, 'classifier__min_child_weight': 5, 'classifier__n_estimators': 130, 'classifier__scale_pos_weight': 8, 'classifier__subsample': 0.9}",0.8632237834853849,0.8849990192027566,0.8473657985569149,0.8744004447042534,0.8647338142386118,0.8669445720375843,0.012518891230175633,28
1.6306384086608887,0.037508717244451276,0.12223615646362304,0.007739285825574693,0.9,0.5,0.08,4,5,130,10,0.9,"{'classifier__colsample_bytree': 0.9, 'classifier__gamma': 0.5, 'classifier__learning_rate': 0.08, 'classifier__max_depth': 4, 'classifier__min_child_weight': 5, 'classifier__n_estimators': 130, 'classifier__scale_pos_weight': 10, 'classifier__subsample': 0.9}",0.8630133279291753,0.8859598155823373,0.8468670411584318,0.8743784173654903,0.8649367261742521,0.8670310656419373,0.012956832245280107,16
1.6776212692260741,0.07878514640262664,0.12410244941711426,0.011113950836053156,0.9,0.5,0.08,4,5,130,12,0.9,"{'classifier__colsample_bytree': 0.9, 'classifier__gamma': 0.5, 'classifier__learning_rate': 0.08, 'classifier__max_depth': 4, 'classifier__min_child_weight': 5, 'classifier__n_estimators': 130, 'classifier__scale_pos_weight': 12, 'classifier__subsample': 0.9}",0.8638079348874973,0.8844547332607894,0.8471607584828026,0.8737475145779076,0.8639698476970132,0.8666281577812021,0.012348861807028383,86
1.4091425895690919,0.042090223744695655,0.11260194778442383,0.0073054422948125655,0.9,0.5,0.08,5,3,90,8,0.9,"{'classifier__colsample_bytree': 0.9, 'classifier__gamma': 0.5, 'classifier__learning_rate': 0.08, 'classifier__max_depth': 5, 'classifier__min_child_weight': 3, 'classifier__n_estimators': 90, 'classifier__scale_pos_weight': 8, 'classifier__subsample': 0.9}",0.8636822535776698,0.8846243391693779,0.8480098438179198,0.8735000062789137,0.8647518454386445,0.8669136576565052,0.012079054680364782,38
1.4202723026275634,0.05781901684594035,0.11539673805236816,0.008185633632358892,0.9,0.5,0.08,5,3,90,10,0.9,"{'classifier__colsample_bytree': 0.9, 'classifier__gamma': 0.5, 'classifier__learning_rate': 0.08, 'classifier__max_depth': 5, 'classifier__min_child_weight': 3, 'classifier__n_estimators': 90, 'classifier__scale_pos_weight': 10, 'classifier__subsample': 0.9}",0.863643033510005,0.8842208892237389,0.8476465620720496,0.8743690214491219,0.8635561188696314,0.8666871250249093,0.012231575122688017,76
1.38866286277771,0.030367924895504404,0.11917791366577149,0.019244513514558883,0.9,0.5,0.08,5,3,90,12,0.9,"{'classifier__colsample_bytree': 0.9, 'classifier__gamma': 0.5, 'classifier__learning_rate': 0.08, 'classifier__max_depth': 5, 'classifier__min_child_weight': 3, 'classifier__n_estimators': 90, 'classifier__scale_pos_weight': 12, 'classifier__subsample': 0.9}",0.8642573844727067,0.8850812316770388,0.8468783995258333,0.8746370941164785,0.8627957564293631,0.866729973244284,0.012766894554530207,65
1.6341083526611329,0.06076051146491638,0.12903380393981934,0.004718826521828084,0.9,0.5,0.08,5,3,110,8,0.9,"{'classifier__colsample_bytree': 0.9, 'classifier__gamma': 0.5, 'classifier__learning_rate': 0.08, 'classifier__max_depth': 5, 'classifier__min_child_weight': 3, 'classifier__n_estimators': 110, 'classifier__scale_pos_weight': 8, 'classifier__subsample': 0.9}",0.8640525434275406,0.8847853289872163,0.847856174046592,0.8728181120990843,0.8651441524541346,0.8669312622029135,0.012072799788381269,33
1.6949180603027343,0.08750765780014286,0.13865017890930176,0.019379336251407808,0.9,0.5,0.08,5,3,110,10,0.9,"{'classifier__colsample_bytree': 0.9, 'classifier__gamma': 0.5, 'classifier__learning_rate': 0.08, 'classifier__max_depth': 5, 'classifier__min_child_weight': 3, 'classifier__n_estimators': 110, 'classifier__scale_pos_weight': 10, 'classifier__subsample': 0.9}",0.8631117057346237,0.8839995147067341,0.8477788602671904,0.8735383770665367,0.8639283994963081,0.8664713714542784,0.012036132342314576,119
1.6135007381439208,0.038296143506412965,0.127394437789917,0.0022815932289229237,0.9,0.5,0.08,5,3,110,12,0.9,"{'classifier__colsample_bytree': 0.9, 'classifier__gamma': 0.5, 'classifier__learning_rate': 0.08, 'classifier__max_depth': 5, 'classifier__min_child_weight': 3, 'classifier__n_estimators': 110, 'classifier__scale_pos_weight': 12, 'classifier__subsample': 0.9}",0.8638928610360843,0.8844007978190954,0.8463521288063647,0.8740072366436314,0.8628361890903504,0.8662978426791053,0.012670834418188977,155
1.8534510135650635,0.08313204264252375,0.16669535636901855,0.011572268181814204,0.9,0.5,0.08,5,3,130,8,0.9,"{'classifier__colsample_bytree': 0.9, 'classifier__gamma': 0.5, 'classifier__learning_rate': 0.08, 'classifier__max_depth': 5, 'classifier__min_child_weight': 3, 'classifier__n_estimators': 130, 'classifier__scale_pos_weight': 8, 'classifier__subsample': 0.9}",0.8633950400104058,0.8844322606269897,0.8485609994919175,0.8728748046052813,0.8655075800266305,0.8669541369522451,0.011777999119225079,27
1.8199921131134034,0.035067606628230386,0.16251344680786134,0.017971963474030624,0.9,0.5,0.08,5,3,130,10,0.9,"{'classifier__colsample_bytree': 0.9, 'classifier__gamma': 0.5, 'classifier__learning_rate': 0.08, 'classifier__max_depth': 5, 'classifier__min_child_weight': 3, 'classifier__n_estimators': 130, 'classifier__scale_pos_weight': 10, 'classifier__subsample': 0.9}",0.86260304100488,0.883631561332628,0.8481232027419784,0.8736833325036177,0.8640969134456472,0.8664276102057503,0.011863660902093898,127
1.8701473236083985,0.03771239246502018,0.15926532745361327,0.00962125302031182,0.9,0.5,0.08,5,3,130,12,0.9,"{'classifier__colsample_bytree': 0.9, 'classifier__gamma': 0.5, 'classifier__learning_rate': 0.08, 'classifier__max_depth': 5, 'classifier__min_child_weight': 3, 'classifier__n_estimators': 130, 'classifier__scale_pos_weight': 12, 'classifier__subsample': 0.9}",0.863201261659529,0.8834387034226232,0.84581383376711,0.8736852213394463,0.8636766861936307,0.8659631412764679,0.012520992307274591,200
1.3953959941864014,0.05226927506260312,0.10848770141601563,0.007803929055440045,0.9,0.5,0.08,5,5,90,8,0.9,"{'classifier__colsample_bytree': 0.9, 'classifier__gamma': 0.5, 'classifier__learning_rate': 0.08, 'classifier__max_depth': 5, 'classifier__min_child_weight': 5, 'classifier__n_estimators': 90, 'classifier__scale_pos_weight': 8, 'classifier__subsample': 0.9}",0.863623347108494,0.8855332441344744,0.8481484039980304,0.8739315978112103,0.8638751034541506,0.8670223393012719,0.012394152864443413,18
1.3921851634979248,0.045013208041574305,0.11407012939453125,0.010630133004526898,0.9,0.5,0.08,5,5,90,10,0.9,"{'classifier__colsample_bytree': 0.9, 'classifier__gamma': 0.5, 'classifier__learning_rate': 0.08, 'classifier__max_depth': 5, 'classifier__min_child_weight': 5, 'classifier__n_estimators': 90, 'classifier__scale_pos_weight': 10, 'classifier__subsample': 0.9}",0.8634302983828519,0.8843948879627447,0.8483937598343197,0.8747273669743865,0.8636341287503985,0.8669160883809403,0.012103909730343738,36
1.3676875114440918,0.0456024325794197,0.10613055229187011,0.004707572574040166,0.9,0.5,0.08,5,5,90,12,0.9,"{'classifier__colsample_bytree': 0.9, 'classifier__gamma': 0.5, 'classifier__learning_rate': 0.08, 'classifier__max_depth': 5, 'classifier__min_child_weight': 5, 'classifier__n_estimators': 90, 'classifier__scale_pos_weight': 12, 'classifier__subsample': 0.9}",0.8633690961851154,0.8831159467193335,0.8482597522637763,0.8745508834137175,0.8635091956566903,0.8665609748477265,0.011767259037325199,104
1.6165503978729248,0.05017448949730469,0.1284801483154297,0.01295107196467349,0.9,0.5,0.08,5,5,110,8,0.9,"{'classifier__colsample_bytree': 0.9, 'classifier__gamma': 0.5, 'classifier__learning_rate': 0.08, 'classifier__max_depth': 5, 'classifier__min_child_weight': 5, 'classifier__n_estimators': 110, 'classifier__scale_pos_weight': 8, 'classifier__subsample': 0.9}",0.8632531566322293,0.8857559982496821,0.8477944741834577,0.8731471283056842,0.8647268136498187,0.8669355142041745,0.012470864428374138,31
1.6387118816375732,0.11618194575087652,0.1268223285675049,0.00754608946723422,0.9,0.5,0.08,5,5,110,10,0.9,"{'classifier__colsample_bytree': 0.9, 'classifier__gamma': 0.5, 'classifier__learning_rate': 0.08, 'classifier__max_depth': 5, 'classifier__min_child_weight': 5, 'classifier__n_estimators': 110, 'classifier__scale_pos_weight': 10, 'classifier__subsample': 0.9}",0.8634350553247044,0.8849729655450704,0.8477292246075261,0.8740598479360244,0.8638704530580634,0.8668135092942777,0.012381928188084068,51
1.6292381763458252,0.04622895490369304,0.13770980834960939,0.015538956245881627,0.9,0.5,0.08,5,5,110,12,0.9,"{'classifier__colsample_bytree': 0.9, 'classifier__gamma': 0.5, 'classifier__learning_rate': 0.08, 'classifier__max_depth': 5, 'classifier__min_child_weight': 5, 'classifier__n_estimators': 110, 'classifier__scale_pos_weight': 12, 'classifier__subsample': 0.9}",0.8633124550806843,0.8830946938058511,0.8477233810553325,0.8740606784080416,0.8639238346589682,0.8664230086017757,0.011848008875697322,128
1.877164602279663,0.08708217187420406,0.1392077922821045,0.0034609743964785795,0.9,0.5,0.08,5,5,130,8,0.9,"{'classifier__colsample_bytree': 0.9, 'classifier__gamma': 0.5, 'classifier__learning_rate': 0.08, 'classifier__max_depth': 5, 'classifier__min_child_weight': 5, 'classifier__n_estimators': 130, 'classifier__scale_pos_weight': 8, 'classifier__subsample': 0.9}",0.862676597928455,0.8850872648556387,0.8471052513276212,0.8738719092695648,0.8645016440167081,0.8666485334795976,0.012605469100520971,82
1.8188350677490235,0.041873724560162674,0.1490623950958252,0.012065859930867576,0.9,0.5,0.08,5,5,130,10,0.9,"{'classifier__colsample_bytree': 0.9, 'classifier__gamma': 0.5, 'classifier__learning_rate': 0.08, 'classifier__max_depth': 5, 'classifier__min_child_weight': 5, 'classifier__n_estimators': 130, 'classifier__scale_pos_weight': 10, 'classifier__subsample': 0.9}",0.8623281703918422,0.8842218327372048,0.8475859987181424,0.8747261276349124,0.8645295429505192,0.8666783344865241,0.012333692255276795,78
1.8469477653503419,0.041560929620821696,0.1465740203857422,0.010453594322540546,0.9,0.5,0.08,5,5,130,12,0.9,"{'classifier__colsample_bytree': 0.9, 'classifier__gamma': 0.5, 'classifier__learning_rate': 0.08, 'classifier__max_depth': 5, 'classifier__min_child_weight': 5, 'classifier__n_estimators': 130, 'classifier__scale_pos_weight': 12, 'classifier__subsample': 0.9}",0.8635182729263194,0.8833563669225432,0.8474413631915093,0.8737652204166316,0.8645173032306489,0.8665197053375305,0.01194128981180076,112
1.559683084487915,0.02579795842726834,0.13145112991333008,0.0014179629933295432,0.9,0.5,0.08,6,3,90,8,0.9,"{'classifier__colsample_bytree': 0.9, 'classifier__gamma': 0.5, 'classifier__learning_rate': 0.08, 'classifier__max_depth': 6, 'classifier__min_child_weight': 3, 'classifier__n_estimators': 90, 'classifier__scale_pos_weight': 8, 'classifier__subsample': 0.9}",0.8634487411042743,0.8840456107431218,0.8469756126637753,0.873171870629268,0.8655663496721914,0.8666416369625262,0.012195454838056409,83
1.5569528102874757,0.04534916920527209,0.1349301815032959,0.005608636944802818,0.9,0.5,0.08,6,3,90,10,0.9,"{'classifier__colsample_bytree': 0.9, 'classifier__gamma': 0.5, 'classifier__learning_rate': 0.08, 'classifier__max_depth': 6, 'classifier__min_child_weight': 3, 'classifier__n_estimators': 90, 'classifier__scale_pos_weight': 10, 'classifier__subsample': 0.9}",0.8636761510558737,0.8852572870111769,0.8464710886538451,0.8740449895544542,0.8646640881260614,0.8668227208802822,0.012812056232657434,49
1.5845696449279785,0.035786102207625986,0.12943606376647948,0.0005823322406217987,0.9,0.5,0.08,6,3,90,12,0.9,"{'classifier__colsample_bytree': 0.9, 'classifier__gamma': 0.5, 'classifier__learning_rate': 0.08, 'classifier__max_depth': 6, 'classifier__min_child_weight': 3, 'classifier__n_estimators': 90, 'classifier__scale_pos_weight': 12, 'classifier__subsample': 0.9}",0.8641007389207862,0.885252538303511,0.8465245908277027,0.8738472304220458,0.8640608637514178,0.8667571924450928,0.012775222572591814,60
1.8042302131652832,0.02885802892365805,0.15024762153625487,0.010767594459690583,0.9,0.5,0.08,6,3,110,8,0.9,"{'classifier__colsample_bytree': 0.9, 'classifier__gamma': 0.5, 'classifier__learning_rate': 0.08, 'classifier__max_depth': 6, 'classifier__min_child_weight': 3, 'classifier__n_estimators': 110, 'classifier__scale_pos_weight': 8, 'classifier__subsample': 0.9}",0.8628566465394006,0.8837414415634618,0.8463172196902432,0.8731673376147142,0.865151841370813,0.8662468973557266,0.012359907527747762,165
1.8281657695770264,0.06875596491749002,0.15626239776611328,0.009721778196633522,0.9,0.5,0.08,6,3,110,10,0.9,"{'classifier__colsample_bytree': 0.9, 'classifier__gamma': 0.5, 'classifier__learning_rate': 0.08, 'classifier__max_depth': 6, 'classifier__min_child_weight': 3, 'classifier__n_estimators': 110, 'classifier__scale_pos_weight': 10, 'classifier__subsample': 0.9}",0.8629237720877921,0.8841402145967451,0.8458944370145088,0.8731417872818434,0.8640390406508418,0.8660278503263463,0.012630208515239372,193
1.7638598442077638,0.038119669234210604,0.15049309730529786,0.003200085713977537,0.9,0.5,0.08,6,3,110,12,0.9,"{'classifier__colsample_bytree': 0.9, 'classifier__gamma': 0.5, 'classifier__learning_rate': 0.08, 'classifier__max_depth': 6, 'classifier__min_child_weight': 3, 'classifier__n_estimators': 110, 'classifier__scale_pos_weight': 12, 'classifier__subsample': 0.9}",0.8633684422216593,0.8843586508575347,0.8463398821163138,0.8733246868074762,0.8635453867510202,0.8661874097508008,0.012569693264405855,176
2.0667170524597167,0.03986776611772707,0.18033990859985352,0.010980087771092837,0.9,0.5,0.08,6,3,130,8,0.9,"{'classifier__colsample_bytree': 0.9, 'classifier__gamma': 0.5, 'classifier__learning_rate': 0.08, 'classifier__max_depth': 6, 'classifier__min_child_weight': 3, 'classifier__n_estimators': 130, 'classifier__scale_pos_weight': 8, 'classifier__subsample': 0.9}",0.8619816678943363,0.8837998640474884,0.8461168848501549,0.8729202569565189,0.8655093828711979,0.8660656113239392,0.012461376796844365,189
2.0238531112670897,0.04703873158111023,0.17914133071899413,0.008358833036000652,0.9,0.5,0.08,6,3,130,10,0.9,"{'classifier__colsample_bytree': 0.9, 'classifier__gamma': 0.5, 'classifier__learning_rate': 0.08, 'classifier__max_depth': 6, 'classifier__min_child_weight': 3, 'classifier__n_estimators': 130, 'classifier__scale_pos_weight': 10, 'classifier__subsample': 0.9}",0.8624001788022098,0.8838294212122877,0.8457157665864892,0.87266233660735,0.8648502780497545,0.8658915962516183,0.012553461127228778,207
2.0974869251251222,0.08806752850680685,0.17881546020507813,0.013274234123091694,0.9,0.5,0.08,6,3,130,12,0.9,"{'classifier__colsample_bytree': 0.9, 'classifier__gamma': 0.5, 'classifier__learning_rate': 0.08, 'classifier__max_depth': 6, 'classifier__min_child_weight': 3, 'classifier__n_estimators': 130, 'classifier__scale_pos_weight': 12, 'classifier__subsample': 0.9}",0.8620624620076016,0.8834834352594434,0.8463197472353907,0.8732161700284581,0.8641212206374219,0.8658406070336632,0.012360930013359984,213
1.5419862270355225,0.07481571766887274,0.13339581489562988,0.007837342176602617,0.9,0.5,0.08,6,5,90,8,0.9,"{'classifier__colsample_bytree': 0.9, 'classifier__gamma': 0.5, 'classifier__learning_rate': 0.08, 'classifier__max_depth': 6, 'classifier__min_child_weight': 5, 'classifier__n_estimators': 90, 'classifier__scale_pos_weight': 8, 'classifier__subsample': 0.9}",0.8632157131316973,0.8852936677425062,0.8476562251199591,0.8737386488245679,0.8645093901372481,0.8668827289911956,0.012447525828101566,41
1.5962652206420898,0.05373105355002161,0.13519725799560547,0.011118189794189009,0.9,0.5,0.08,6,5,90,10,0.9,"{'classifier__colsample_bytree': 0.9, 'classifier__gamma': 0.5, 'classifier__learning_rate': 0.08, 'classifier__max_depth': 6, 'classifier__min_child_weight': 5, 'classifier__n_estimators': 90, 'classifier__scale_pos_weight': 10, 'classifier__subsample': 0.9}",0.8624949006976879,0.8852853975845019,0.8468184579292406,0.8735799101057493,0.8646227449770038,0.8665602822588367,0.012727341630407079,105
1.5506194591522218,0.023909749668523977,0.13406782150268554,0.006644649064435694,0.9,0.5,0.08,6,5,90,12,0.9,"{'classifier__colsample_bytree': 0.9, 'classifier__gamma': 0.5, 'classifier__learning_rate': 0.08, 'classifier__max_depth': 6, 'classifier__min_child_weight': 5, 'classifier__n_estimators': 90, 'classifier__scale_pos_weight': 12, 'classifier__subsample': 0.9}",0.8631444427837621,0.8859267644081026,0.8458902712926802,0.8738189040616647,0.8638592610184302,0.866527928712928,0.013220860909610183,111
1.8239017963409423,0.03510762582401285,0.15893173217773438,0.014378340811929386,0.9,0.5,0.08,6,5,110,8,0.9,"{'classifier__colsample_bytree': 0.9, 'classifier__gamma': 0.5, 'classifier__learning_rate': 0.08, 'classifier__max_depth': 6, 'classifier__min_child_weight': 5, 'classifier__n_estimators': 110, 'classifier__scale_pos_weight': 8, 'classifier__subsample': 0.9}",0.8628342385639591,0.8847741715992421,0.8470053331720951,0.8732345382262084,0.864125692720092,0.8663947948563194,0.012476868107373161,136
1.814556360244751,0.03254453057794056,0.15401983261108398,0.006918484073811126,0.9,0.5,0.08,6,5,110,10,0.9,"{'classifier__colsample_bytree': 0.9, 'classifier__gamma': 0.5, 'classifier__learning_rate': 0.08, 'classifier__max_depth': 6, 'classifier__min_child_weight': 5, 'classifier__n_estimators': 110, 'classifier__scale_pos_weight': 10, 'classifier__subsample': 0.9}",0.8624744787074149,0.8838463474630025,0.846320257727019,0.8729737793401496,0.8642904714173382,0.8659810669309849,0.012407803738294424,199
1.7951790332794189,0.037119007218466324,0.17728061676025392,0.02587065838546591,0.9,0.5,0.08,6,5,110,12,0.9,"{'classifier__colsample_bytree': 0.9, 'classifier__gamma': 0.5, 'classifier__learning_rate': 0.08, 'classifier__max_depth': 6, 'classifier__min_child_weight': 5, 'classifier__n_estimators': 110, 'classifier__scale_pos_weight': 12, 'classifier__subsample': 0.9}",0.8627873375488296,0.8844088932119595,0.8456271215844084,0.8726584926750895,0.8636376446494368,0.8658238979339448,0.012759497733603584,215
2.0672581672668455,0.07316551295557241,0.18004350662231444,0.016753242021749024,0.9,0.5,0.08,6,5,130,8,0.9,"{'classifier__colsample_bytree': 0.9, 'classifier__gamma': 0.5, 'classifier__learning_rate': 0.08, 'classifier__max_depth': 6, 'classifier__min_child_weight': 5, 'classifier__n_estimators': 130, 'classifier__scale_pos_weight': 8, 'classifier__subsample': 0.9}",0.8620726300727206,0.8848073401623091,0.8479761270088226,0.8729696338321508,0.8638664548715017,0.866338437189501,0.012219291207283746,152
2.1201005935668946,0.022722039568926176,0.18390488624572754,0.01844655496905729,0.9,0.5,0.08,6,5,130,10,0.9,"{'classifier__colsample_bytree': 0.9, 'classifier__gamma': 0.5, 'classifier__learning_rate': 0.08, 'classifier__max_depth': 6, 'classifier__min_child_weight': 5, 'classifier__n_estimators': 130, 'classifier__scale_pos_weight': 10, 'classifier__subsample': 0.9}",0.8616840432949198,0.8832844447912614,0.8454943730607127,0.8725291766873342,0.8634653418111796,0.8652914759290816,0.012525213441285096,266
2.000782823562622,0.05052063387968388,0.17249054908752443,0.0083383523491016,0.9,0.5,0.08,6,5,130,12,0.9,"{'classifier__colsample_bytree': 0.9, 'classifier__gamma': 0.5, 'classifier__learning_rate': 0.08, 'classifier__max_depth': 6, 'classifier__min_child_weight': 5, 'classifier__n_estimators': 130, 'classifier__scale_pos_weight': 12, 'classifier__subsample': 0.9}",0.8621988742843059,0.8844486122428649,0.8450674078235931,0.8716206104151701,0.8642248119748709,0.8655120633481609,0.012857102385067222,248
1.3244417667388917,0.05156133503833741,0.09091796875,0.0075017131757925464,0.9,0.5,0.12,4,3,90,8,0.9,"{'classifier__colsample_bytree': 0.9, 'classifier__gamma': 0.5, 'classifier__learning_rate': 0.12, 'classifier__max_depth': 4, 'classifier__min_child_weight': 3, 'classifier__n_estimators': 90, 'classifier__scale_pos_weight': 8, 'classifier__subsample': 0.9}",0.8631462234127384,0.8855151320351471,0.8479264906801343,0.8741548775191454,0.8641844844036088,0.8669854416101547,0.01249462929976221,23
1.282332181930542,0.07722395699104248,0.09011955261230468,0.003597806721928905,0.9,0.5,0.12,4,3,90,10,0.9,"{'classifier__colsample_bytree': 0.9, 'classifier__gamma': 0.5, 'classifier__learning_rate': 0.12, 'classifier__max_depth': 4, 'classifier__min_child_weight': 3, 'classifier__n_estimators': 90, 'classifier__scale_pos_weight': 10, 'classifier__subsample': 0.9}",0.863746115286953,0.8833043046261887,0.8478764544052512,0.8743135427952953,0.8643834291378282,0.8667247692503033,0.011849756981907144,66
1.2320240974426269,0.03078716824085561,0.10517072677612305,0.01713966076073359,0.9,0.5,0.12,4,3,90,12,0.9,"{'classifier__colsample_bytree': 0.9, 'classifier__gamma': 0.5, 'classifier__learning_rate': 0.12, 'classifier__max_depth': 4, 'classifier__min_child_weight': 3, 'classifier__n_estimators': 90, 'classifier__scale_pos_weight': 12, 'classifier__subsample': 0.9}",0.8631454426421905,0.8837673931510563,0.8469289502120657,0.8743503154958776,0.8637158972666831,0.8663815997535746,0.012343018264788359,141
1.477050495147705,0.03072506429327496,0.10736565589904785,0.010675482090403,0.9,0.5,0.12,4,3,110,8,0.9,"{'classifier__colsample_bytree': 0.9, 'classifier__gamma': 0.5, 'classifier__learning_rate': 0.12, 'classifier__max_depth': 4, 'classifier__min_child_weight': 3, 'classifier__n_estimators': 110, 'classifier__scale_pos_weight': 8, 'classifier__subsample': 0.9}",0.8634982774994807,0.8852161478354541,0.8471125730680599,0.8735782772354511,0.8642058524925715,0.8667222256262035,0.01257215217115234,67
1.4679681777954101,0.053708746040448216,0.10466933250427246,0.009288798023537494,0.9,0.5,0.12,4,3,110,10,0.9,"{'classifier__colsample_bytree': 0.9, 'classifier__gamma': 0.5, 'classifier__learning_rate': 0.12, 'classifier__max_depth': 4, 'classifier__min_child_weight': 3, 'classifier__n_estimators': 110, 'classifier__scale_pos_weight': 10, 'classifier__subsample': 0.9}",0.8628400760977343,0.8837508699811675,0.8474903638323175,0.8734514641142469,0.8648315086771391,0.8664728565405211,0.012028772656379763,118
1.434830904006958,0.023122985000001896,0.11803598403930664,0.021155915768839875,0.9,0.5,0.12,4,3,110,12,0.9,"{'classifier__colsample_bytree': 0.9, 'classifier__gamma': 0.5, 'classifier__learning_rate': 0.12, 'classifier__max_depth': 4, 'classifier__min_child_weight': 3, 'classifier__n_estimators': 110, 'classifier__scale_pos_weight': 12, 'classifier__subsample': 0.9}",0.8631443850108628,0.8839104541699251,0.846728626066729,0.8735058069220915,0.8636000134823999,0.8661778571304017,0.012347175108965871,178
1.6682343006134033,0.06466472677146622,0.11883697509765626,0.004201912451309587,0.9,0.5,0.12,4,3,130,8,0.9,"{'classifier__colsample_bytree': 0.9, 'classifier__gamma': 0.5, 'classifier__learning_rate': 0.12, 'classifier__max_depth': 4, 'classifier__min_child_weight': 3, 'classifier__n_estimators': 130, 'classifier__scale_pos_weight': 8, 'classifier__subsample': 0.9}",0.8629651185673194,0.8848577465330334,0.8472284628964679,0.8729507335535266,0.8649278908829658,0.8665859904866625,0.01236883911676837,98
1.6557496070861817,0.04131313163689588,0.11597504615783691,0.005457302933803048,0.9,0.5,0.12,4,3,130,10,0.9,"{'classifier__colsample_bytree': 0.9, 'classifier__gamma': 0.5, 'classifier__learning_rate': 0.12, 'classifier__max_depth': 4, 'classifier__min_child_weight': 3, 'classifier__n_estimators': 130, 'classifier__scale_pos_weight': 10, 'classifier__subsample': 0.9}",0.8632315961537875,0.8831164998060242,0.8463588073541712,0.873280089676094,0.864547495500623,0.8661068976981401,0.012177581150944987,186
1.690722894668579,0.07466086999049122,0.11915254592895508,0.010144331722157148,0.9,0.5,0.12,4,3,130,12,0.9,"{'classifier__colsample_bytree': 0.9, 'classifier__gamma': 0.5, 'classifier__learning_rate': 0.12, 'classifier__max_depth': 4, 'classifier__min_child_weight': 3, 'classifier__n_estimators': 130, 'classifier__scale_pos_weight': 12, 'classifier__subsample': 0.9}",0.8626276029772035,0.8832107596315939,0.8460979369117712,0.872963874379482,0.8637486893971901,0.8657297726594482,0.01230344874959319,227
1.249512243270874,0.031035701132465603,0.09232602119445801,0.006034446207956455,0.9,0.5,0.12,4,5,90,8,0.9,"{'classifier__colsample_bytree': 0.9, 'classifier__gamma': 0.5, 'classifier__learning_rate': 0.12, 'classifier__max_depth': 4, 'classifier__min_child_weight': 5, 'classifier__n_estimators': 90, 'classifier__scale_pos_weight': 8, 'classifier__subsample': 0.9}",0.8635167726556918,0.884041907696196,0.846953590423497,0.8744035578152628,0.8655402140879257,0.8668912085357148,0.012339388095738224,40
1.3003360271453857,0.05613598590885827,0.0950240135192871,0.007806459955607249,0.9,0.5,0.12,4,5,90,10,0.9,"{'classifier__colsample_bytree': 0.9, 'classifier__gamma': 0.5, 'classifier__learning_rate': 0.12, 'classifier__max_depth': 4, 'classifier__min_child_weight': 5, 'classifier__n_estimators': 90, 'classifier__scale_pos_weight': 10, 'classifier__subsample': 0.9}",0.8637774660361693,0.8835330862359982,0.8478746919027428,0.8745342761604279,0.864978228669658,0.8669395498009992,0.011919225485668086,30
1.297003936767578,0.07528492834970275,0.09002084732055664,0.001876668100386968,0.9,0.5,0.12,4,5,90,12,0.9,"{'classifier__colsample_bytree': 0.9, 'classifier__gamma': 0.5, 'classifier__learning_rate': 0.12, 'classifier__max_depth': 4, 'classifier__min_child_weight': 5, 'classifier__n_estimators': 90, 'classifier__scale_pos_weight': 12, 'classifier__subsample': 0.9}",0.8624553217067756,0.883995885075455,0.8463862329487227,0.8735553211542493,0.862921293359912,0.8658628108490231,0.01255056723655987,211
1.4573542118072509,0.05299482790380259,0.10620136260986328,0.003753773761630693,0.9,0.5,0.12,4,5,110,8,0.9,"{'classifier__colsample_bytree': 0.9, 'classifier__gamma': 0.5, 'classifier__learning_rate': 0.12, 'classifier__max_depth': 4, 'classifier__min_child_weight': 5, 'classifier__n_estimators': 110, 'classifier__scale_pos_weight': 8, 'classifier__subsample': 0.9}",0.8635891323603407,0.88460834142106,0.8473616950544954,0.8738691354041038,0.865449841646191,0.8669756291772381,0.0123039487094616,26
1.451826572418213,0.031912060333225196,0.10437150001525879,0.0020099751827730486,0.9,0.5,0.12,4,5,110,10,0.9,"{'classifier__colsample_bytree': 0.9, 'classifier__gamma': 0.5, 'classifier__learning_rate': 0.12, 'classifier__max_depth': 4, 'classifier__min_child_weight': 5, 'classifier__n_estimators': 110, 'classifier__scale_pos_weight': 10, 'classifier__subsample': 0.9}",0.8630531804292991,0.8831291642775246,0.8471941006448275,0.8739933967734466,0.8653698112690915,0.866547930678838,0.011987862650663142,108
1.5190582275390625,0.056562035526634545,0.10601463317871093,0.004384665490853594,0.9,0.5,0.12,4,5,110,12,0.9,"{'classifier__colsample_bytree': 0.9, 'classifier__gamma': 0.5, 'classifier__learning_rate': 0.12, 'classifier__max_depth': 4, 'classifier__min_child_weight': 5, 'classifier__n_estimators': 110, 'classifier__scale_pos_weight': 12, 'classifier__subsample': 0.9}",0.8624058700024013,0.8832999957186671,0.8454450687872923,0.8732478419883368,0.8632587001516165,0.8655314953296628,0.012598898957295367,246
1.6540143489837646,0.06828525308116079,0.11483759880065918,0.0028931998888100355,0.9,0.5,0.12,4,5,130,8,0.9,"{'classifier__colsample_bytree': 0.9, 'classifier__gamma': 0.5, 'classifier__learning_rate': 0.12, 'classifier__max_depth': 4, 'classifier__min_child_weight': 5, 'classifier__n_estimators': 130, 'classifier__scale_pos_weight': 8, 'classifier__subsample': 0.9}",0.863407080298347,0.8837065979640049,0.8468593594653894,0.8739398300535074,0.8660945779410459,0.8668014891444589,0.012218419587944956,52
1.664064598083496,0.04853746169125896,0.1283191204071045,0.0209815253369581,0.9,0.5,0.12,4,5,130,10,0.9,"{'classifier__colsample_bytree': 0.9, 'classifier__gamma': 0.5, 'classifier__learning_rate': 0.12, 'classifier__max_depth': 4, 'classifier__min_child_weight': 5, 'classifier__n_estimators': 130, 'classifier__scale_pos_weight': 10, 'classifier__subsample': 0.9}",0.8627901368459954,0.883394960667074,0.846827577444481,0.8736991881064902,0.8661944214806772,0.8665812569089436,0.012149861431013584,100
1.6375876426696778,0.04226473285464,0.11969265937805176,0.005703046511962885,0.9,0.5,0.12,4,5,130,12,0.9,"{'classifier__colsample_bytree': 0.9, 'classifier__gamma': 0.5, 'classifier__learning_rate': 0.12, 'classifier__max_depth': 4, 'classifier__min_child_weight': 5, 'classifier__n_estimators': 130, 'classifier__scale_pos_weight': 12, 'classifier__subsample': 0.9}",0.8618891100506683,0.8831600424949126,0.8460185926315705,0.8724077254598244,0.8630203173601614,0.8652991575994274,0.012313445243929803,265
1.4492925167083741,0.08304522919352919,0.11488652229309082,0.00734541661478772,0.9,0.5,0.12,5,3,90,8,0.9,"{'classifier__colsample_bytree': 0.9, 'classifier__gamma': 0.5, 'classifier__learning_rate': 0.12, 'classifier__max_depth': 5, 'classifier__min_child_weight': 3, 'classifier__n_estimators': 90, 'classifier__scale_pos_weight': 8, 'classifier__subsample': 0.9}",0.8619661913440787,0.8849174010218219,0.8478019903035309,0.872430627194853,0.8648189154666646,0.8663870250661898,0.012225434269510184,139
1.4342863082885742,0.03711075427578379,0.11469478607177734,0.011310146540690593,0.9,0.5,0.12,5,3,90,10,0.9,"{'classifier__colsample_bytree': 0.9, 'classifier__gamma': 0.5, 'classifier__learning_rate': 0.12, 'classifier__max_depth': 5, 'classifier__min_child_weight': 3, 'classifier__n_estimators': 90, 'classifier__scale_pos_weight': 10, 'classifier__subsample': 0.9}",0.861946115057588,0.8837366905838336,0.8484875024465669,0.8729785419569267,0.8647462415617602,0.8663790183213351,0.011724038810738163,143
1.4116594314575195,0.03932326596453417,0.10815796852111817,0.0020802887627987335,0.9,0.5,0.12,5,3,90,12,0.9,"{'classifier__colsample_bytree': 0.9, 'classifier__gamma': 0.5, 'classifier__learning_rate': 0.12, 'classifier__max_depth': 5, 'classifier__min_child_weight': 3, 'classifier__n_estimators': 90, 'classifier__scale_pos_weight': 12, 'classifier__subsample': 0.9}",0.8644750903477202,0.8831283616461488,0.8476061401948011,0.8738165326280591,0.8632929633806674,0.8664638176394794,0.01184390810697762,122
1.6804732799530029,0.04667611450148112,0.12943048477172853,0.007822403196900649,0.9,0.5,0.12,5,3,110,8,0.9,"{'classifier__colsample_bytree': 0.9, 'classifier__gamma': 0.5, 'classifier__learning_rate': 0.12, 'classifier__max_depth': 5, 'classifier__min_child_weight': 3, 'classifier__n_estimators': 110, 'classifier__scale_pos_weight': 8, 'classifier__subsample': 0.9}",0.8618289897573302,0.8835772391201056,0.8471506809714947,0.8718199857090858,0.8638338424371464,0.8656421475990326,0.011996480066293416,236
1.621080207824707,0.044887719563801,0.12949318885803224,0.008266163013698152,0.9,0.5,0.12,5,3,110,10,0.9,"{'classifier__colsample_bytree': 0.9, 'classifier__gamma': 0.5, 'classifier__learning_rate': 0.12, 'classifier__max_depth': 5, 'classifier__min_child_weight': 3, 'classifier__n_estimators': 110, 'classifier__scale_pos_weight': 10, 'classifier__subsample': 0.9}",0.8611813684709216,0.8824865275711574,0.8471313841596285,0.8724023411223059,0.8640133743755125,0.8654429991399052,0.011785031763441171,253
1.6752583026885985,0.059905703309168896,0.13131141662597656,0.002562915370351416,0.9,0.5,0.12,5,3,110,12,0.9,"{'classifier__colsample_bytree': 0.9, 'classifier__gamma': 0.5, 'classifier__learning_rate': 0.12, 'classifier__max_depth': 5, 'classifier__min_child_weight': 3, 'classifier__n_estimators': 110, 'classifier__scale_pos_weight': 12, 'classifier__subsample': 0.9}",0.8640302230801041,0.8829410098585411,0.8479672063946049,0.8722397523581723,0.8626021021121094,0.8659560587607062,0.011545822159910608,203
1.83868088722229,0.02083827413193779,0.1509462833404541,0.0074536393937809624,0.9,0.5,0.12,5,3,130,8,0.9,"{'classifier__colsample_bytree': 0.9, 'classifier__gamma': 0.5, 'classifier__learning_rate': 0.12, 'classifier__max_depth': 5, 'classifier__min_child_weight': 3, 'classifier__n_estimators': 130, 'classifier__scale_pos_weight': 8, 'classifier__subsample': 0.9}",0.8608151882811875,0.8831474542168155,0.8457790045899016,0.8705384623438809,0.8641289041805289,0.8648818027224628,0.012228269937383199,292
1.9031309604644775,0.0919034162612263,0.1490145206451416,0.0049636520116787585,0.9,0.5,0.12,5,3,130,10,0.9,"{'classifier__colsample_bytree': 0.9, 'classifier__gamma': 0.5, 'classifier__learning_rate': 0.12, 'classifier__max_depth': 5, 'classifier__min_child_weight': 3, 'classifier__n_estimators': 130, 'classifier__scale_pos_weight': 10, 'classifier__subsample': 0.9}",0.8599508043798528,0.8821782779962989,0.8464986072195975,0.8709714094574615,0.863653046335617,0.8646504290777657,0.01183004786192911,303
1.8295196533203124,0.033489093911899526,0.16550741195678711,0.014693185049586477,0.9,0.5,0.12,5,3,130,12,0.9,"{'classifier__colsample_bytree': 0.9, 'classifier__gamma': 0.5, 'classifier__learning_rate': 0.12, 'classifier__max_depth': 5, 'classifier__min_child_weight': 3, 'classifier__n_estimators': 130, 'classifier__scale_pos_weight': 12, 'classifier__subsample': 0.9}",0.862803618291873,0.882127050196032,0.8463228157934589,0.871032508944082,0.8619002214122683,0.8648372429275428,0.011771699053581665,296
1.395182466506958,0.06665337716060749,0.10814189910888672,0.005540831335210777,0.9,0.5,0.12,5,5,90,8,0.9,"{'classifier__colsample_bytree': 0.9, 'classifier__gamma': 0.5, 'classifier__learning_rate': 0.12, 'classifier__max_depth': 5, 'classifier__min_child_weight': 5, 'classifier__n_estimators': 90, 'classifier__scale_pos_weight': 8, 'classifier__subsample': 0.9}",0.8625863681444595,0.8839680333467029,0.8462516005172308,0.8739834296360319,0.8636322820667007,0.8660843427422252,0.012600063931573816,188
1.428720808029175,0.09675517248707614,0.11382622718811035,0.006674587242851176,0.9,0.5,0.12,5,5,90,10,0.9,"{'classifier__colsample_bytree': 0.9, 'classifier__gamma': 0.5, 'classifier__learning_rate': 0.12, 'classifier__max_depth': 5, 'classifier__min_child_weight': 5, 'classifier__n_estimators': 90, 'classifier__scale_pos_weight': 10, 'classifier__subsample': 0.9}",0.8628897181167826,0.8847265142255735,0.8480046094857076,0.872843593035026,0.8643206010377021,0.8665570071801584,0.012102017432688206,106
1.3993424892425537,0.06549968612685711,0.10937032699584961,0.0004100173691739411,0.9,0.5,0.12,5,5,90,12,0.9,"{'classifier__colsample_bytree': 0.9, 'classifier__gamma': 0.5, 'classifier__learning_rate': 0.12, 'classifier__max_depth': 5, 'classifier__min_child_weight': 5, 'classifier__n_estimators': 90, 'classifier__scale_pos_weight': 12, 'classifier__subsample': 0.9}",0.8622916351555598,0.8839543051305909,0.8494491234213932,0.8732017788132934,0.8641083218357108,0.8666010328713096,0.011521097342293347,95
1.6266938686370849,0.0709775867065555,0.1279153823852539,0.004467709199699759,0.9,0.5,0.12,5,5,110,8,0.9,"{'classifier__colsample_bytree': 0.9, 'classifier__gamma': 0.5, 'classifier__learning_rate': 0.12, 'classifier__max_depth': 5, 'classifier__min_child_weight': 5, 'classifier__n_estimators': 110, 'classifier__scale_pos_weight': 8, 'classifier__subsample': 0.9}",0.8620497861075671,0.882832071076197,0.8459336666465765,0.8736722481524021,0.8632399570480715,0.8655455458061627,0.012385710528652588,245
1.5808444023132324,0.049644488360273194,0.12840347290039061,0.005119213104029877,0.9,0.5,0.12,5,5,110,10,0.9,"{'classifier__colsample_bytree': 0.9, 'classifier__gamma': 0.5, 'classifier__learning_rate': 0.12, 'classifier__max_depth': 5, 'classifier__min_child_weight': 5, 'classifier__n_estimators': 110, 'classifier__scale_pos_weight': 10, 'classifier__subsample': 0.9}",0.8618345476887933,0.8840542152926804,0.8476476015914688,0.8728956843132989,0.8638721895710111,0.8660608476914504,0.01210103910661779,190
1.6151815414428712,0.05411472177577088,0.12865614891052246,0.004536427649179219,0.9,0.5,0.12,5,5,110,12,0.9,"{'classifier__colsample_bytree': 0.9, 'classifier__gamma': 0.5, 'classifier__learning_rate': 0.12, 'classifier__max_depth': 5, 'classifier__min_child_weight': 5, 'classifier__n_estimators': 110, 'classifier__scale_pos_weight': 12, 'classifier__subsample': 0.9}",0.8609749039689516,0.8824183868182507,0.8483450207284743,0.872336624553286,0.8634665835420783,0.8655083039222082,0.011418191568080866,249
1.8537025928497315,0.05795294282930077,0.14818344116210938,0.007140824673039314,0.9,0.5,0.12,5,5,130,8,0.9,"{'classifier__colsample_bytree': 0.9, 'classifier__gamma': 0.5, 'classifier__learning_rate': 0.12, 'classifier__max_depth': 5, 'classifier__min_child_weight': 5, 'classifier__n_estimators': 130, 'classifier__scale_pos_weight': 8, 'classifier__subsample': 0.9}",0.8600693735427777,0.8819217022331084,0.8448969763778279,0.8725352259036433,0.8625202768162809,0.8643887109747276,0.012456700426717942,326
1.8673998832702636,0.06753819164067885,0.1456455707550049,0.0012223516672352677,0.9,0.5,0.12,5,5,130,10,0.9,"{'classifier__colsample_bytree': 0.9, 'classifier__gamma': 0.5, 'classifier__learning_rate': 0.12, 'classifier__max_depth': 5, 'classifier__min_child_weight': 5, 'classifier__n_estimators': 130, 'classifier__scale_pos_weight': 10, 'classifier__subsample': 0.9}",0.860193847492732,0.8830101577405026,0.8467098032170203,0.8720749968592402,0.8638283950182266,0.8651634400655442,0.012110250679795822,275
1.8914375305175781,0.05308722067747689,0.15165925025939941,0.013540284552854817,0.9,0.5,0.12,5,5,130,12,0.9,"{'classifier__colsample_bytree': 0.9, 'classifier__gamma': 0.5, 'classifier__learning_rate': 0.12, 'classifier__max_depth': 5, 'classifier__min_child_weight': 5, 'classifier__n_estimators': 130, 'classifier__scale_pos_weight': 12, 'classifier__subsample': 0.9}",0.860011738169605,0.8820662077902958,0.8476538021211006,0.8714073459852847,0.863711583698722,0.8649701355530015,0.011486848349296079,290
1.6414060592651367,0.16042368641128,0.1392160415649414,0.013170542026109263,0.9,0.5,0.12,6,3,90,8,0.9,"{'classifier__colsample_bytree': 0.9, 'classifier__gamma': 0.5, 'classifier__learning_rate': 0.12, 'classifier__max_depth': 6, 'classifier__min_child_weight': 3, 'classifier__n_estimators': 90, 'classifier__scale_pos_weight': 8, 'classifier__subsample': 0.9}",0.8620239231576245,0.8815697711459717,0.8490894400537282,0.8727237454183427,0.8618326112007799,0.8654478981952896,0.01100223430155516,252
1.626863431930542,0.08112127091462888,0.14294085502624512,0.011485621484947696,0.9,0.5,0.12,6,3,90,10,0.9,"{'classifier__colsample_bytree': 0.9, 'classifier__gamma': 0.5, 'classifier__learning_rate': 0.12, 'classifier__max_depth': 6, 'classifier__min_child_weight': 3, 'classifier__n_estimators': 90, 'classifier__scale_pos_weight': 10, 'classifier__subsample': 0.9}",0.8621222904637766,0.8826390698615489,0.8468858066317315,0.8709798832725821,0.8622780177167158,0.864981013589271,0.01175336877855669,288
1.573181438446045,0.0439208887505017,0.13813514709472657,0.004376055534560623,0.9,0.5,0.12,6,3,90,12,0.9,"{'classifier__colsample_bytree': 0.9, 'classifier__gamma': 0.5, 'classifier__learning_rate': 0.12, 'classifier__max_depth': 6, 'classifier__min_child_weight': 3, 'classifier__n_estimators': 90, 'classifier__scale_pos_weight': 12, 'classifier__subsample': 0.9}",0.8627330621244023,0.8812444308393619,0.8458003346669394,0.8705245717534631,0.8636172139270252,0.8647839226622382,0.011574517120221174,299
1.896475648880005,0.09511116153303953,0.16468505859375,0.011399611915963424,0.9,0.5,0.12,6,3,110,8,0.9,"{'classifier__colsample_bytree': 0.9, 'classifier__gamma': 0.5, 'classifier__learning_rate': 0.12, 'classifier__max_depth': 6, 'classifier__min_child_weight': 3, 'classifier__n_estimators': 110, 'classifier__scale_pos_weight': 8, 'classifier__subsample': 0.9}",0.8603175810339151,0.8804600476816639,0.8478718273047222,0.8727510409726869,0.8605362443384702,0.8643873482662917,0.011246683614333263,327
1.7713395595550536,0.045848416242770064,0.1546269416809082,0.008903666451523577,0.9,0.5,0.12,6,3,110,10,0.9,"{'classifier__colsample_bytree': 0.9, 'classifier__gamma': 0.5, 'classifier__learning_rate': 0.12, 'classifier__max_depth': 6, 'classifier__min_child_weight': 3, 'classifier__n_estimators': 110, 'classifier__scale_pos_weight': 10, 'classifier__subsample': 0.9}",0.8614062856093315,0.8813497942381623,0.8464141882528139,0.8705490068048897,0.8615419785308289,0.8642522506872053,0.011537908795633796,337
1.8897759437561035,0.09041368857456979,0.1546037197113037,0.009340550840011896,0.9,0.5,0.12,6,3,110,12,0.9,"{'classifier__colsample_bytree': 0.9, 'classifier__gamma': 0.5, 'classifier__learning_rate': 0.12, 'classifier__max_depth': 6, 'classifier__min_child_weight': 3, 'classifier__n_estimators': 110, 'classifier__scale_pos_weight': 12, 'classifier__subsample': 0.9}",0.8607184420121573,0.8800442091839834,0.8442166901564755,0.8695063107764179,0.862865578670194,0.8634702461598456,0.011745363289367502,375
2.054055166244507,0.07170827958593357,0.1845386028289795,0.010733661181190984,0.9,0.5,0.12,6,3,130,8,0.9,"{'classifier__colsample_bytree': 0.9, 'classifier__gamma': 0.5, 'classifier__learning_rate': 0.12, 'classifier__max_depth': 6, 'classifier__min_child_weight': 3, 'classifier__n_estimators': 130, 'classifier__scale_pos_weight': 8, 'classifier__subsample': 0.9}",0.8591057891783754,0.8794810040739999,0.8455876315699483,0.8711123756298695,0.8598073385239519,0.8630188277952289,0.011541064949004453,389
2.1408788204193114,0.0936988257961391,0.187714147567749,0.014040929169647786,0.9,0.5,0.12,6,3,130,10,0.9,"{'classifier__colsample_bytree': 0.9, 'classifier__gamma': 0.5, 'classifier__learning_rate': 0.12, 'classifier__max_depth': 6, 'classifier__min_child_weight': 3, 'classifier__n_estimators': 130, 'classifier__scale_pos_weight': 10, 'classifier__subsample': 0.9}",0.8596153098978077,0.8804495788672951,0.845311548070652,0.8700070797610399,0.8617620409537775,0.8634291115101144,0.01164934579560433,376
2.0960752964019775,0.07439449877734694,0.1917696475982666,0.014673572892843961,0.9,0.5,0.12,6,3,130,12,0.9,"{'classifier__colsample_bytree': 0.9, 'classifier__gamma': 0.5, 'classifier__learning_rate': 0.12, 'classifier__max_depth': 6, 'classifier__min_child_weight': 3, 'classifier__n_estimators': 130, 'classifier__scale_pos_weight': 12, 'classifier__subsample': 0.9}",0.8603665594852217,0.8787772450689905,0.8429303376000394,0.8683577733446816,0.8615113817586668,0.86238865945152,0.011727752153849275,411
1.6054228782653808,0.03401698075849309,0.13992395401000976,0.012699511568535436,0.9,0.5,0.12,6,5,90,8,0.9,"{'classifier__colsample_bytree': 0.9, 'classifier__gamma': 0.5, 'classifier__learning_rate': 0.12, 'classifier__max_depth': 6, 'classifier__min_child_weight': 5, 'classifier__n_estimators': 90, 'classifier__scale_pos_weight': 8, 'classifier__subsample': 0.9}",0.8605702231140433,0.8800633612851255,0.8456642710166984,0.8722966515089166,0.8632070933318431,0.8643603200513252,0.011617296390820701,330
1.5303790092468261,0.04296940868406049,0.14638233184814453,0.01892947566209467,0.9,0.5,0.12,6,5,90,10,0.9,"{'classifier__colsample_bytree': 0.9, 'classifier__gamma': 0.5, 'classifier__learning_rate': 0.12, 'classifier__max_depth': 6, 'classifier__min_child_weight': 5, 'classifier__n_estimators': 90, 'classifier__scale_pos_weight': 10, 'classifier__subsample': 0.9}",0.8621131687671794,0.8810282250343106,0.846535639822615,0.8714722904139048,0.8618221485665962,0.8645942945209212,0.011465920698604417,310
1.6253607749938965,0.07903442917008581,0.13923182487487792,0.009373212335594497,0.9,0.5,0.12,6,5,90,12,0.9,"{'classifier__colsample_bytree': 0.9, 'classifier__gamma': 0.5, 'classifier__learning_rate': 0.12, 'classifier__max_depth': 6, 'classifier__min_child_weight': 5, 'classifier__n_estimators': 90, 'classifier__scale_pos_weight': 12, 'classifier__subsample': 0.9}",0.860961484391939,0.8806413303607887,0.8477735886246396,0.873332671479993,0.8624473978618888,0.8650312945438499,0.01125748078010028,283
1.844620418548584,0.07351062406888574,0.16268253326416016,0.011874193401663213,0.9,0.5,0.12,6,5,110,8,0.9,"{'classifier__colsample_bytree': 0.9, 'classifier__gamma': 0.5, 'classifier__learning_rate': 0.12, 'classifier__max_depth': 6, 'classifier__min_child_weight': 5, 'classifier__n_estimators': 110, 'classifier__scale_pos_weight': 8, 'classifier__subsample': 0.9}",0.8592275722058865,0.8803602258648835,0.8452410908560011,0.8709089032279572,0.8630502457739655,0.8637576075857389,0.011753050124657235,357
1.9062389850616455,0.10234980233113651,0.16667671203613282,0.015205625572741223,0.9,0.5,0.12,6,5,110,10,0.9,"{'classifier__colsample_bytree': 0.9, 'classifier__gamma': 0.5, 'classifier__learning_rate': 0.12, 'classifier__max_depth': 6, 'classifier__min_child_weight': 5, 'classifier__n_estimators': 110, 'classifier__scale_pos_weight': 10, 'classifier__subsample': 0.9}",0.860956145430288,0.881715936256041,0.8459188654676605,0.8701813982221256,0.8612631953347791,0.8640071081421787,0.011796155349721985,346
1.8176414012908935,0.037476696177269946,0.15749154090881348,0.007567646622202924,0.9,0.5,0.12,6,5,110,12,0.9,"{'classifier__colsample_bytree': 0.9, 'classifier__gamma': 0.5, 'classifier__learning_rate': 0.12, 'classifier__max_depth': 6, 'classifier__min_child_weight': 5, 'classifier__n_estimators': 110, 'classifier__scale_pos_weight': 12, 'classifier__subsample': 0.9}",0.8598442685147901,0.8793060646854656,0.8462138179575311,0.8722043099853295,0.8614891443289832,0.8638115210944199,0.011325471019145066,355
2.1014047145843504,0.09389819382841953,0.18566689491271973,0.008051816018290076,0.9,0.5,0.12,6,5,130,8,0.9,"{'classifier__colsample_bytree': 0.9, 'classifier__gamma': 0.5, 'classifier__learning_rate': 0.12, 'classifier__max_depth': 6, 'classifier__min_child_weight': 5, 'classifier__n_estimators': 130, 'classifier__scale_pos_weight': 8, 'classifier__subsample': 0.9}",0.8585254539555919,0.8795261901025985,0.8440016141102666,0.8704857120400006,0.8623137414744454,0.8629705423365805,0.011921222124983722,392
2.050172233581543,0.0677524448734473,0.18856124877929686,0.018501152525652133,0.9,0.5,0.12,6,5,130,10,0.9,"{'classifier__colsample_bytree': 0.9, 'classifier__gamma': 0.5, 'classifier__learning_rate': 0.12, 'classifier__max_depth': 6, 'classifier__min_child_weight': 5, 'classifier__n_estimators': 130, 'classifier__scale_pos_weight': 10, 'classifier__subsample': 0.9}",0.8599291535831972,0.8805627253107676,0.8440539674824413,0.8683822356521286,0.8602440248439879,0.8626344213745044,0.01193923939982747,401
2.0845181941986084,0.09875922033244927,0.1874526023864746,0.021544433720445667,0.9,0.5,0.12,6,5,130,12,0.9,"{'classifier__colsample_bytree': 0.9, 'classifier__gamma': 0.5, 'classifier__learning_rate': 0.12, 'classifier__max_depth': 6, 'classifier__min_child_weight': 5, 'classifier__n_estimators': 130, 'classifier__scale_pos_weight': 12, 'classifier__subsample': 0.9}",0.8592816594601118,0.8783214507431969,0.8451982991781414,0.8710641899598153,0.8605935061423846,0.8628918210967299,0.01128040176959056,397
1.2770901203155518,0.036817195459854055,0.09770412445068359,0.0191523472065982,0.9,0.5,0.18,4,3,90,8,0.9,"{'classifier__colsample_bytree': 0.9, 'classifier__gamma': 0.5, 'classifier__learning_rate': 0.18, 'classifier__max_depth': 4, 'classifier__min_child_weight': 3, 'classifier__n_estimators': 90, 'classifier__scale_pos_weight': 8, 'classifier__subsample': 0.9}",0.8623859510881796,0.8836879159898816,0.8492293507580644,0.8732127106090041,0.8644751639099219,0.8665982184710103,0.01148683934190542,96
1.2288486957550049,0.01958647700469693,0.10745306015014648,0.031441625850566056,0.9,0.5,0.18,4,3,90,10,0.9,"{'classifier__colsample_bytree': 0.9, 'classifier__gamma': 0.5, 'classifier__learning_rate': 0.18, 'classifier__max_depth': 4, 'classifier__min_child_weight': 3, 'classifier__n_estimators': 90, 'classifier__scale_pos_weight': 10, 'classifier__subsample': 0.9}",0.8616113953327765,0.8827408576528746,0.8475523200310485,0.8734036895962041,0.8613920806554896,0.8653400686536787,0.011947410225894186,261
1.296146297454834,0.10987459252211006,0.09332518577575684,0.00238459445979507,0.9,0.5,0.18,4,3,90,12,0.9,"{'classifier__colsample_bytree': 0.9, 'classifier__gamma': 0.5, 'classifier__learning_rate': 0.18, 'classifier__max_depth': 4, 'classifier__min_child_weight': 3, 'classifier__n_estimators': 90, 'classifier__scale_pos_weight': 12, 'classifier__subsample': 0.9}",0.861796759259589,0.8823777074834983,0.8484325510648044,0.8703853806627122,0.8643388320548597,0.8654662461050927,0.011091243155073286,251
1.4678653717041015,0.046316700963693634,0.10780701637268067,0.004498182584108035,0.9,0.5,0.18,4,3,110,8,0.9,"{'classifier__colsample_bytree': 0.9, 'classifier__gamma': 0.5, 'classifier__learning_rate': 0.18, 'classifier__max_depth': 4, 'classifier__min_child_weight': 3, 'classifier__n_estimators': 110, 'classifier__scale_pos_weight': 8, 'classifier__subsample': 0.9}",0.8610724585824968,0.8826058280006457,0.8465481232505017,0.8728061657846641,0.8635688300707789,0.8653202811378173,0.012069250915785609,263
1.4672975540161133,0.06337886307938119,0.1159904956817627,0.019148483342634942,0.9,0.5,0.18,4,3,110,10,0.9,"{'classifier__colsample_bytree': 0.9, 'classifier__gamma': 0.5, 'classifier__learning_rate': 0.18, 'classifier__max_depth': 4, 'classifier__min_child_weight': 3, 'classifier__n_estimators': 110, 'classifier__scale_pos_weight': 10, 'classifier__subsample': 0.9}",0.8621294618563925,0.8816753725754333,0.8467460591152578,0.8721087946333884,0.8600370141254843,0.8645393404611912,0.011778111490930433,316
1.4379824161529542,0.03190390797480887,0.10948367118835449,0.0074928896725795545,0.9,0.5,0.18,4,3,110,12,0.9,"{'classifier__colsample_bytree': 0.9, 'classifier__gamma': 0.5, 'classifier__learning_rate': 0.18, 'classifier__max_depth': 4, 'classifier__min_child_weight': 3, 'classifier__n_estimators': 110, 'classifier__scale_pos_weight': 12, 'classifier__subsample': 0.9}",0.8614090595674914,0.8816103807001782,0.8467978082078346,0.8689245708505274,0.864314807076327,0.8646113252804717,0.01127151978882094,309
1.660388994216919,0.0691477331351708,0.12535181045532226,0.007412139725709855,0.9,0.5,0.18,4,3,130,8,0.9,"{'classifier__colsample_bytree': 0.9, 'classifier__gamma': 0.5, 'classifier__learning_rate': 0.18, 'classifier__max_depth': 4, 'classifier__min_child_weight': 3, 'classifier__n_estimators': 130, 'classifier__scale_pos_weight': 8, 'classifier__subsample': 0.9}",0.8599604001858292,0.8814387275939645,0.8455937165483506,0.8719748561557973,0.8632267143949909,0.8644388829757865,0.012020416525711628,323
1.6719574451446533,0.049469284688146646,0.13400874137878419,0.01832677532657272,0.9,0.5,0.18,4,3,130,10,0.9,"{'classifier__colsample_bytree': 0.9, 'classifier__gamma': 0.5, 'classifier__learning_rate': 0.18, 'classifier__max_depth': 4, 'classifier__min_child_weight': 3, 'classifier__n_estimators': 130, 'classifier__scale_pos_weight': 10, 'classifier__subsample': 0.9}",0.8609837077766498,0.8798868084713186,0.8463060043500882,0.8709542086476829,0.8593645445630297,0.8634990547617539,0.01134160410704888,374
1.6478188514709473,0.028962689257536575,0.12561049461364746,0.008230119115151358,0.9,0.5,0.18,4,3,130,12,0.9,"{'classifier__colsample_bytree': 0.9, 'classifier__gamma': 0.5, 'classifier__learning_rate': 0.18, 'classifier__max_depth': 4, 'classifier__min_child_weight': 3, 'classifier__n_estimators': 130, 'classifier__scale_pos_weight': 12, 'classifier__subsample': 0.9}",0.859776952035448,0.8806506434227831,0.8462548469485857,0.8686223208050674,0.863257459747454,0.8637124445918676,0.011238080729462441,360
1.2902057647705079,0.07671239409077542,0.0942457675933838,0.005431045413873003,0.9,0.5,0.18,4,5,90,8,0.9,"{'classifier__colsample_bytree': 0.9, 'classifier__gamma': 0.5, 'classifier__learning_rate': 0.18, 'classifier__max_depth': 4, 'classifier__min_child_weight': 5, 'classifier__n_estimators': 90, 'classifier__scale_pos_weight': 8, 'classifier__subsample': 0.9}",0.8625341938754311,0.8813908589090208,0.8472321789418191,0.8724234955944198,0.8631788938928763,0.8653519242427133,0.01138631970134029,259
1.263977336883545,0.05097736531978608,0.0917121410369873,0.0003729867252121019,0.9,0.5,0.18,4,5,90,10,0.9,"{'classifier__colsample_bytree': 0.9, 'classifier__gamma': 0.5, 'classifier__learning_rate': 0.18, 'classifier__max_depth': 4, 'classifier__min_child_weight': 5, 'classifier__n_estimators': 90, 'classifier__scale_pos_weight': 10, 'classifier__subsample': 0.9}",0.8629213541523587,0.8835177353291732,0.8460642766440228,0.8744201186925709,0.8631996713268287,0.8660246312289909,0.012589832270779257,194
1.2426142692565918,0.032212659991934574,0.09334206581115723,0.0021258528024045613,0.9,0.5,0.18,4,5,90,12,0.9,"{'classifier__colsample_bytree': 0.9, 'classifier__gamma': 0.5, 'classifier__learning_rate': 0.18, 'classifier__max_depth': 4, 'classifier__min_child_weight': 5, 'classifier__n_estimators': 90, 'classifier__scale_pos_weight': 12, 'classifier__subsample': 0.9}",0.8621379176577946,0.8819156775776261,0.8492684645595905,0.8712648105163616,0.863298877116812,0.865577149485637,0.010791561821927297,240
1.5040323257446289,0.06305278957046427,0.1066741943359375,0.0026129092347735665,0.9,0.5,0.18,4,5,110,8,0.9,"{'classifier__colsample_bytree': 0.9, 'classifier__gamma': 0.5, 'classifier__learning_rate': 0.18, 'classifier__max_depth': 4, 'classifier__min_child_weight': 5, 'classifier__n_estimators': 110, 'classifier__scale_pos_weight': 8, 'classifier__subsample': 0.9}",0.8620531615581674,0.8797497673892486,0.8464722763320761,0.8720786622148035,0.8620758308594642,0.8644859396707518,0.011196901115553054,319
1.4506839752197265,0.04564961150196674,0.11218404769897461,0.007855135112745762,0.9,0.5,0.18,4,5,110,10,0.9,"{'classifier__colsample_bytree': 0.9, 'classifier__gamma': 0.5, 'classifier__learning_rate': 0.18, 'classifier__max_depth': 4, 'classifier__min_child_weight': 5, 'classifier__n_estimators': 110, 'classifier__scale_pos_weight': 10, 'classifier__subsample': 0.9}",0.8618733863670508,0.8835980388806771,0.8448652117644221,0.8731179611740036,0.8630676819775391,0.8653044560327385,0.012885993477351225,264
1.4635996341705322,0.03746883302757498,0.1131962776184082,0.0066117598287589304,0.9,0.5,0.18,4,5,110,12,0.9,"{'classifier__colsample_bytree': 0.9, 'classifier__gamma': 0.5, 'classifier__learning_rate': 0.18, 'classifier__max_depth': 4, 'classifier__min_child_weight': 5, 'classifier__n_estimators': 110, 'classifier__scale_pos_weight': 12, 'classifier__subsample': 0.9}",0.8603226289121804,0.881588449829328,0.8477787798527142,0.8700298390401224,0.8619733401731013,0.8643386075614894,0.011188365761658785,333
1.6898719310760497,0.08532857411465197,0.12130246162414551,0.003847153462087618,0.9,0.5,0.18,4,5,130,8,0.9,"{'classifier__colsample_bytree': 0.9, 'classifier__gamma': 0.5, 'classifier__learning_rate': 0.18, 'classifier__max_depth': 4, 'classifier__min_child_weight': 5, 'classifier__n_estimators': 130, 'classifier__scale_pos_weight': 8, 'classifier__subsample': 0.9}",0.8622284314869058,0.8787541345864593,0.8443647573737946,0.8711097170533761,0.8614364661539955,0.8635787013309063,0.011511715900748027,368
1.6389769077301026,0.06349969726745164,0.1217167854309082,0.0051549757673953105,0.9,0.5,0.18,4,5,130,10,0.9,"{'classifier__colsample_bytree': 0.9, 'classifier__gamma': 0.5, 'classifier__learning_rate': 0.18, 'classifier__max_depth': 4, 'classifier__min_child_weight': 5, 'classifier__n_estimators': 130, 'classifier__scale_pos_weight': 10, 'classifier__subsample': 0.9}",0.8611290378820429,0.882327741715514,0.8435769017055456,0.8720495137356002,0.8628148494664548,0.8643796089010316,0.012858695286819358,328
1.6996885776519775,0.04777561000151145,0.16130881309509276,0.05949637397527467,0.9,0.5,0.18,4,5,130,12,0.9,"{'classifier__colsample_bytree': 0.9, 'classifier__gamma': 0.5, 'classifier__learning_rate': 0.18, 'classifier__max_depth': 4, 'classifier__min_child_weight': 5, 'classifier__n_estimators': 130, 'classifier__scale_pos_weight': 12, 'classifier__subsample': 0.9}",0.860076898846312,0.8796867242378473,0.8473430800966409,0.869539697770396,0.861476742758361,0.8636246287419114,0.010726300212385192,365
1.4058348178863525,0.05981971617756779,0.10526189804077149,0.003757348671413015,0.9,0.5,0.18,5,3,90,8,0.9,"{'classifier__colsample_bytree': 0.9, 'classifier__gamma': 0.5, 'classifier__learning_rate': 0.18, 'classifier__max_depth': 5, 'classifier__min_child_weight': 3, 'classifier__n_estimators': 90, 'classifier__scale_pos_weight': 8, 'classifier__subsample': 0.9}",0.8613031819336682,0.8816057281751782,0.8475553947010652,0.8712026714237655,0.8642463128277786,0.8651826578122911,0.011248157927784462,272
1.416684913635254,0.0519592850834688,0.11489305496215821,0.013257045811010285,0.9,0.5,0.18,5,3,90,10,0.9,"{'classifier__colsample_bytree': 0.9, 'classifier__gamma': 0.5, 'classifier__learning_rate': 0.18, 'classifier__max_depth': 5, 'classifier__min_child_weight': 3, 'classifier__n_estimators': 90, 'classifier__scale_pos_weight': 10, 'classifier__subsample': 0.9}",0.8620985942355927,0.8799019641421854,0.8466279086299369,0.871153938948426,0.8629585551106858,0.8645481922133655,0.011036650238649455,313
1.4402543544769286,0.10450338898729546,0.11909384727478027,0.011900363615609841,0.9,0.5,0.18,5,3,90,12,0.9,"{'classifier__colsample_bytree': 0.9, 'classifier__gamma': 0.5, 'classifier__learning_rate': 0.18, 'classifier__max_depth': 5, 'classifier__min_child_weight': 3, 'classifier__n_estimators': 90, 'classifier__scale_pos_weight': 12, 'classifier__subsample': 0.9}",0.8609894173706413,0.8779296938999993,0.844872625221599,0.8707172838566507,0.861939534665651,0.8632897110029083,0.011097759353466005,380
1.6447280406951905,0.027002062104341633,0.12959609031677247,0.00246559082854955,0.9,0.5,0.18,5,3,110,8,0.9,"{'classifier__colsample_bytree': 0.9, 'classifier__gamma': 0.5, 'classifier__learning_rate': 0.18, 'classifier__max_depth': 5, 'classifier__min_child_weight': 3, 'classifier__n_estimators': 110, 'classifier__scale_pos_weight': 8, 'classifier__subsample': 0.9}",0.8604109083921713,0.8803188880994554,0.845748855553782,0.8699653661946322,0.8631143235578106,0.8639116683595702,0.011389670453278718,351
1.7009857177734375,0.07966236397225511,0.13040266036987305,0.0028592148654481503,0.9,0.5,0.18,5,3,110,10,0.9,"{'classifier__colsample_bytree': 0.9, 'classifier__gamma': 0.5, 'classifier__learning_rate': 0.18, 'classifier__max_depth': 5, 'classifier__min_child_weight': 3, 'classifier__n_estimators': 110, 'classifier__scale_pos_weight': 10, 'classifier__subsample': 0.9}",0.8607788226123978,0.8786344843451732,0.8439918300644564,0.8704906345098795,0.8629417490680992,0.8633675041200013,0.0115422610970792,378
1.6453636169433594,0.04875893398548376,0.1369959831237793,0.01157767743331483,0.9,0.5,0.18,5,3,110,12,0.9,"{'classifier__colsample_bytree': 0.9, 'classifier__gamma': 0.5, 'classifier__learning_rate': 0.18, 'classifier__max_depth': 5, 'classifier__min_child_weight': 3, 'classifier__n_estimators': 110, 'classifier__scale_pos_weight': 12, 'classifier__subsample': 0.9}",0.8593804787368348,0.8770922057983223,0.8432926485706971,0.870467812219185,0.8611048793432304,0.8622676049336538,0.011460790441967812,414
1.9351573944091798,0.06792795147233008,0.15768718719482422,0.010563122538158802,0.9,0.5,0.18,5,3,130,8,0.9,"{'classifier__colsample_bytree': 0.9, 'classifier__gamma': 0.5, 'classifier__learning_rate': 0.18, 'classifier__max_depth': 5, 'classifier__min_child_weight': 3, 'classifier__n_estimators': 130, 'classifier__scale_pos_weight': 8, 'classifier__subsample': 0.9}",0.8596799728057424,0.878474043280202,0.8444251849232646,0.8696441035728931,0.8623310946784771,0.8629108798521157,0.01131409904283845,394
1.8505643367767335,0.038728636411437936,0.15955286026000975,0.017845115628324987,0.9,0.5,0.18,5,3,130,10,0.9,"{'classifier__colsample_bytree': 0.9, 'classifier__gamma': 0.5, 'classifier__learning_rate': 0.18, 'classifier__max_depth': 5, 'classifier__min_child_weight': 3, 'classifier__n_estimators': 130, 'classifier__scale_pos_weight': 10, 'classifier__subsample': 0.9}",0.8596035470451323,0.8768577055452984,0.8429555992480444,0.8683380561520778,0.8615897487854072,0.861868931355192,0.011219955149059008,426
1.8993645191192627,0.051140099774148705,0.16174793243408203,0.0173371253542364,0.9,0.5,0.18,5,3,130,12,0.9,"{'classifier__colsample_bytree': 0.9, 'classifier__gamma': 0.5, 'classifier__learning_rate': 0.18, 'classifier__max_depth': 5, 'classifier__min_child_weight': 3, 'classifier__n_estimators': 130, 'classifier__scale_pos_weight': 12, 'classifier__subsample': 0.9}",0.8584407719935816,0.8760819000923808,0.840574454366622,0.8684803899751324,0.8593695200964176,0.860589407304827,0.01190788007914087,449
1.380438995361328,0.03409127398837943,0.10544724464416504,0.003091079370924997,0.9,0.5,0.18,5,5,90,8,0.9,"{'classifier__colsample_bytree': 0.9, 'classifier__gamma': 0.5, 'classifier__learning_rate': 0.18, 'classifier__max_depth': 5, 'classifier__min_child_weight': 5, 'classifier__n_estimators': 90, 'classifier__scale_pos_weight': 8, 'classifier__subsample': 0.9}",0.8608415593380959,0.8812792282787454,0.8468513326369834,0.8706715827014777,0.8625514650973977,0.8644390336105401,0.011386560377936332,322
1.38883376121521,0.04304670079287172,0.11321783065795898,0.005880456462129658,0.9,0.5,0.18,5,5,90,10,0.9,"{'classifier__colsample_bytree': 0.9, 'classifier__gamma': 0.5, 'classifier__learning_rate': 0.18, 'classifier__max_depth': 5, 'classifier__min_child_weight': 5, 'classifier__n_estimators': 90, 'classifier__scale_pos_weight': 10, 'classifier__subsample': 0.9}",0.8608640269451711,0.8812266722955301,0.8457662894147229,0.8695661111627826,0.8611252498979327,0.8637096699432278,0.011643754471838599,361
1.4044142246246338,0.05132165196738071,0.11571979522705078,0.008380731542675294,0.9,0.5,0.18,5,5,90,12,0.9,"{'classifier__colsample_bytree': 0.9, 'classifier__gamma': 0.5, 'classifier__learning_rate': 0.18, 'classifier__max_depth': 5, 'classifier__min_child_weight': 5, 'classifier__n_estimators': 90, 'classifier__scale_pos_weight': 12, 'classifier__subsample': 0.9}",0.857653565241725,0.8805406231327092,0.8457146140408962,0.8701662834027033,0.862301061413984,0.8632752294464036,0.011717574569657765,381
1.6006954193115235,0.0436244815594487,0.13187532424926757,0.0052419314927065405,0.9,0.5,0.18,5,5,110,8,0.9,"{'classifier__colsample_bytree': 0.9, 'classifier__gamma': 0.5, 'classifier__learning_rate': 0.18, 'classifier__max_depth': 5, 'classifier__min_child_weight': 5, 'classifier__n_estimators': 110, 'classifier__scale_pos_weight': 8, 'classifier__subsample': 0.9}",0.8601046560377215,0.8798178337909047,0.845410393253717,0.8694415786262449,0.8593800245335704,0.8628308972484315,0.011446152143318651,399
1.6368657112121583,0.06208583320468996,0.14339895248413087,0.031602357269141644,0.9,0.5,0.18,5,5,110,10,0.9,"{'classifier__colsample_bytree': 0.9, 'classifier__gamma': 0.5, 'classifier__learning_rate': 0.18, 'classifier__max_depth': 5, 'classifier__min_child_weight': 5, 'classifier__n_estimators': 110, 'classifier__scale_pos_weight': 10, 'classifier__subsample': 0.9}",0.8590045127887674,0.8782820228437023,0.8435449772314891,0.8682773420812229,0.8606542384682239,0.861952618682681,0.011453121405631744,425
1.6064223766326904,0.062163564139455556,0.12375235557556152,0.003601921717275963,0.9,0.5,0.18,5,5,110,12,0.9,"{'classifier__colsample_bytree': 0.9, 'classifier__gamma': 0.5, 'classifier__learning_rate': 0.18, 'classifier__max_depth': 5, 'classifier__min_child_weight': 5, 'classifier__n_estimators': 110, 'classifier__scale_pos_weight': 12, 'classifier__subsample': 0.9}",0.8571909966418572,0.8800531669451009,0.8433027967761699,0.8691052605814278,0.8612728058025708,0.8621850053494253,0.012243130015430712,417
1.8567071437835694,0.1090421956970156,0.15177793502807618,0.012483898536402959,0.9,0.5,0.18,5,5,130,8,0.9,"{'classifier__colsample_bytree': 0.9, 'classifier__gamma': 0.5, 'classifier__learning_rate': 0.18, 'classifier__max_depth': 5, 'classifier__min_child_weight': 5, 'classifier__n_estimators': 130, 'classifier__scale_pos_weight': 8, 'classifier__subsample': 0.9}",0.8578375165207371,0.8779102582392692,0.8438395581858729,0.8668032458249574,0.8570042378693996,0.860678963328047,0.011309883758173265,446
1.8079400062561035,0.08013929277080042,0.1466681957244873,0.0011035399712343084,0.9,0.5,0.18,5,5,130,10,0.9,"{'classifier__colsample_bytree': 0.9, 'classifier__gamma': 0.5, 'classifier__learning_rate': 0.18, 'classifier__max_depth': 5, 'classifier__min_child_weight': 5, 'classifier__n_estimators': 130, 'classifier__scale_pos_weight': 10, 'classifier__subsample': 0.9}",0.8588718119403895,0.8777580306129159,0.8420785089141126,0.8665915547969648,0.8588009288710393,0.8608201670270844,0.011656099679916616,442
1.8342603206634522,0.1174416632583801,0.15073561668395996,0.009532022564335583,0.9,0.5,0.18,5,5,130,12,0.9,"{'classifier__colsample_bytree': 0.9, 'classifier__gamma': 0.5, 'classifier__learning_rate': 0.18, 'classifier__max_depth': 5, 'classifier__min_child_weight': 5, 'classifier__n_estimators': 130, 'classifier__scale_pos_weight': 12, 'classifier__subsample': 0.9}",0.8573442526260132,0.878681767413515,0.8417974375951135,0.8694522097234687,0.859902803168934,0.8614356941054089,0.012380971964831945,435
1.5072341918945313,0.06726761023039705,0.134110164642334,0.0035889089155771766,0.9,0.5,0.18,6,3,90,8,0.9,"{'classifier__colsample_bytree': 0.9, 'classifier__gamma': 0.5, 'classifier__learning_rate': 0.18, 'classifier__max_depth': 6, 'classifier__min_child_weight': 3, 'classifier__n_estimators': 90, 'classifier__scale_pos_weight': 8, 'classifier__subsample': 0.9}",0.8582800952241239,0.8793529189738198,0.8446102777808325,0.8697822524975508,0.8601962198735035,0.8624443528699661,0.011663565120738116,406
1.5238404750823975,0.04698237058283515,0.14438514709472655,0.018055280257821445,0.9,0.5,0.18,6,3,90,10,0.9,"{'classifier__colsample_bytree': 0.9, 'classifier__gamma': 0.5, 'classifier__learning_rate': 0.18, 'classifier__max_depth': 6, 'classifier__min_child_weight': 3, 'classifier__n_estimators': 90, 'classifier__scale_pos_weight': 10, 'classifier__subsample': 0.9}",0.8579413002087933,0.8772021789184079,0.8398348171157836,0.8685265232778846,0.8639135517627156,0.8614836742567171,0.012520374157609395,434
1.5735491275787354,0.0759186914223737,0.13799352645874025,0.009071002290366786,0.9,0.5,0.18,6,3,90,12,0.9,"{'classifier__colsample_bytree': 0.9, 'classifier__gamma': 0.5, 'classifier__learning_rate': 0.18, 'classifier__max_depth': 6, 'classifier__min_child_weight': 3, 'classifier__n_estimators': 90, 'classifier__scale_pos_weight': 12, 'classifier__subsample': 0.9}",0.858196841919319,0.8749993397515167,0.8406832630154791,0.864527442369314,0.8577929043694581,0.8592399582850174,0.011170036600313876,468
1.7663309097290039,0.042932770457722015,0.15899243354797363,0.00919842626607196,0.9,0.5,0.18,6,3,110,8,0.9,"{'classifier__colsample_bytree': 0.9, 'classifier__gamma': 0.5, 'classifier__learning_rate': 0.18, 'classifier__max_depth': 6, 'classifier__min_child_weight': 3, 'classifier__n_estimators': 110, 'classifier__scale_pos_weight': 8, 'classifier__subsample': 0.9}",0.8553554851359901,0.8784667423453718,0.8433212242928552,0.8694113587884447,0.8594632297248479,0.8612036080575021,0.012019917512647957,439
1.817232322692871,0.07932321775550391,0.16003985404968263,0.007128728132013492,0.9,0.5,0.18,6,3,110,10,0.9,"{'classifier__colsample_bytree': 0.9, 'classifier__gamma': 0.5, 'classifier__learning_rate': 0.18, 'classifier__max_depth': 6, 'classifier__min_child_weight': 3, 'classifier__n_estimators': 110, 'classifier__scale_pos_weight': 10, 'classifier__subsample': 0.9}",0.8562161315657171,0.8760611007051257,0.840325706061854,0.8675070797603032,0.8609651069496939,0.8602150250085387,0.011970053945852842,456
1.756106424331665,0.03329004306543975,0.16413097381591796,0.015808595599609978,0.9,0.5,0.18,6,3,110,12,0.9,"{'classifier__colsample_bytree': 0.9, 'classifier__gamma': 0.5, 'classifier__learning_rate': 0.18, 'classifier__max_depth': 6, 'classifier__min_child_weight': 3, 'classifier__n_estimators': 110, 'classifier__scale_pos_weight': 12, 'classifier__subsample': 0.9}",0.8573385010547957,0.874190129226314,0.8389854646257825,0.8635817290428139,0.8568303823726663,0.8581852412644745,0.011458294407003723,481
2.0553636074066164,0.03829387739238635,0.18169193267822265,0.005451297211523127,0.9,0.5,0.18,6,3,130,8,0.9,"{'classifier__colsample_bytree': 0.9, 'classifier__gamma': 0.5, 'classifier__learning_rate': 0.18, 'classifier__max_depth': 6, 'classifier__min_child_weight': 3, 'classifier__n_estimators': 130, 'classifier__scale_pos_weight': 8, 'classifier__subsample': 0.9}",0.8540503049276563,0.8755003938226706,0.8423522896352408,0.8686560180125511,0.85970422320186,0.8600526459199959,0.011507415305042682,458
2.0341324329376222,0.024522140907649467,0.1934443950653076,0.018157959654676804,0.9,0.5,0.18,6,3,130,10,0.9,"{'classifier__colsample_bytree': 0.9, 'classifier__gamma': 0.5, 'classifier__learning_rate': 0.18, 'classifier__max_depth': 6, 'classifier__min_child_weight': 3, 'classifier__n_estimators': 130, 'classifier__scale_pos_weight': 10, 'classifier__subsample': 0.9}",0.8546081332225185,0.8743749339244768,0.8383840021944335,0.8658281023577162,0.8599650025388355,0.8586320348475962,0.012062948830470821,472
2.1013800621032717,0.05889123006008593,0.1872105598449707,0.007753496466704636,0.9,0.5,0.18,6,3,130,12,0.9,"{'classifier__colsample_bytree': 0.9, 'classifier__gamma': 0.5, 'classifier__learning_rate': 0.18, 'classifier__max_depth': 6, 'classifier__min_child_weight': 3, 'classifier__n_estimators': 130, 'classifier__scale_pos_weight': 12, 'classifier__subsample': 0.9}",0.85634001738483,0.8719953551538684,0.8353558499510075,0.8637284820218719,0.8555112454537123,0.856586189993058,0.012168797404795545,486
1.5457903861999511,0.03288173240777043,0.13191232681274415,0.003167845966815776,0.9,0.5,0.18,6,5,90,8,0.9,"{'classifier__colsample_bytree': 0.9, 'classifier__gamma': 0.5, 'classifier__learning_rate': 0.18, 'classifier__max_depth': 6, 'classifier__min_child_weight': 5, 'classifier__n_estimators': 90, 'classifier__scale_pos_weight': 8, 'classifier__subsample': 0.9}",0.8576674310439691,0.8781312496660673,0.8432417115523811,0.8688279258540401,0.860321382726142,0.8616379401685199,0.011658856254747593,428
1.5777521133422852,0.08653505562719471,0.1496342182159424,0.027963158216275086,0.9,0.5,0.18,6,5,90,10,0.9,"{'classifier__colsample_bytree': 0.9, 'classifier__gamma': 0.5, 'classifier__learning_rate': 0.18, 'classifier__max_depth': 6, 'classifier__min_child_weight': 5, 'classifier__n_estimators': 90, 'classifier__scale_pos_weight': 10, 'classifier__subsample': 0.9}",0.8577941024877448,0.8790297729546406,0.8439546840523118,0.867504280924769,0.8614892617066832,0.86195442042523,0.011522879354023867,424
1.5880680561065674,0.1453688778611979,0.14222140312194825,0.021087668729036658,0.9,0.5,0.18,6,5,90,12,0.9,"{'classifier__colsample_bytree': 0.9, 'classifier__gamma': 0.5, 'classifier__learning_rate': 0.18, 'classifier__max_depth': 6, 'classifier__min_child_weight': 5, 'classifier__n_estimators': 90, 'classifier__scale_pos_weight': 12, 'classifier__subsample': 0.9}",0.8574668323024206,0.8781619175329911,0.8425742736800729,0.8673890454330603,0.8600028206972247,0.8611189779291539,0.011732566361838528,440
1.8063435554504395,0.06961814381565287,0.16698813438415527,0.02530479511796299,0.9,0.5,0.18,6,5,110,8,0.9,"{'classifier__colsample_bytree': 0.9, 'classifier__gamma': 0.5, 'classifier__learning_rate': 0.18, 'classifier__max_depth': 6, 'classifier__min_child_weight': 5, 'classifier__n_estimators': 110, 'classifier__scale_pos_weight': 8, 'classifier__subsample': 0.9}",0.8564210088131053,0.8766870243776482,0.8423591815738742,0.8687307370525158,0.8587649192573161,0.8605925742148919,0.011648690125159832,448
1.802708673477173,0.0426839603914012,0.1602935314178467,0.011546707085384132,0.9,0.5,0.18,6,5,110,10,0.9,"{'classifier__colsample_bytree': 0.9, 'classifier__gamma': 0.5, 'classifier__learning_rate': 0.18, 'classifier__max_depth': 6, 'classifier__min_child_weight': 5, 'classifier__n_estimators': 110, 'classifier__scale_pos_weight': 10, 'classifier__subsample': 0.9}",0.8554946408424869,0.8778267215160297,0.8425850527691603,0.8671433779492814,0.8590849456570172,0.860426947746795,0.011767110089445235,454
1.8272347450256348,0.06462132189420308,0.16181607246398927,0.015008042641623653,0.9,0.5,0.18,6,5,110,12,0.9,"{'classifier__colsample_bytree': 0.9, 'classifier__gamma': 0.5, 'classifier__learning_rate': 0.18, 'classifier__max_depth': 6, 'classifier__min_child_weight': 5, 'classifier__n_estimators': 110, 'classifier__scale_pos_weight': 12, 'classifier__subsample': 0.9}",0.856353540810029,0.8767406734460349,0.8390150025572958,0.8672894096834528,0.8607503123172598,0.8600297877628144,0.012550784479655323,459
2.066935396194458,0.073102014864523,0.18173375129699706,0.010334547968118132,0.9,0.5,0.18,6,5,130,8,0.9,"{'classifier__colsample_bytree': 0.9, 'classifier__gamma': 0.5, 'classifier__learning_rate': 0.18, 'classifier__max_depth': 6, 'classifier__min_child_weight': 5, 'classifier__n_estimators': 130, 'classifier__scale_pos_weight': 8, 'classifier__subsample': 0.9}",0.8548671770830142,0.8739573131783027,0.8401097276442184,0.8660656795714858,0.8564213748654903,0.8582842544685022,0.011416264796460702,479
2.167936992645264,0.17228583097679562,0.18188180923461914,0.005111181920704728,0.9,0.5,0.18,6,5,130,10,0.9,"{'classifier__colsample_bytree': 0.9, 'classifier__gamma': 0.5, 'classifier__learning_rate': 0.18, 'classifier__max_depth': 6, 'classifier__min_child_weight': 5, 'classifier__n_estimators': 130, 'classifier__scale_pos_weight': 10, 'classifier__subsample': 0.9}",0.8542178332161567,0.8757449531790659,0.8404783544058437,0.8656358300683876,0.8574818686996345,0.8587117679138178,0.01176637162677834,471
2.039176273345947,0.018455470494335536,0.17596874237060547,0.010593647589182301,0.9,0.5,0.18,6,5,130,12,0.9,"{'classifier__colsample_bytree': 0.9, 'classifier__gamma': 0.5, 'classifier__learning_rate': 0.18, 'classifier__max_depth': 6, 'classifier__min_child_weight': 5, 'classifier__n_estimators': 130, 'classifier__scale_pos_weight': 12, 'classifier__subsample': 0.9}",0.8547108113719486,0.8749359093591679,0.839182068835861,0.8656481523396394,0.8584201592843548,0.8585794202381944,0.011905884678792604,473
1.258248472213745,0.03797028393886457,0.09023747444152833,0.0019518091777149698,0.9,0.6,0.08,4,3,90,8,0.9,"{'classifier__colsample_bytree': 0.9, 'classifier__gamma': 0.6, 'classifier__learning_rate': 0.08, 'classifier__max_depth': 4, 'classifier__min_child_weight': 3, 'classifier__n_estimators': 90, 'classifier__scale_pos_weight': 8, 'classifier__subsample': 0.9}",0.8633785538860822,0.885282047569594,0.8479654061385262,0.8737087870406186,0.8625627692654381,0.8665795127800517,0.012437658070566017,101
1.2827585220336915,0.035213999663476235,0.09164290428161621,0.0028261218925710735,0.9,0.6,0.08,4,3,90,10,0.9,"{'classifier__colsample_bytree': 0.9, 'classifier__gamma': 0.6, 'classifier__learning_rate': 0.08, 'classifier__max_depth': 4, 'classifier__min_child_weight': 3, 'classifier__n_estimators': 90, 'classifier__scale_pos_weight': 10, 'classifier__subsample': 0.9}",0.8624434527667928,0.8841886788858315,0.8464151075358957,0.8735795567087754,0.8633522301043454,0.8659958052003282,0.012581775375555024,196
1.2463393211364746,0.03645563154705944,0.09036669731140137,0.0006787856854878559,0.9,0.6,0.08,4,3,90,12,0.9,"{'classifier__colsample_bytree': 0.9, 'classifier__gamma': 0.6, 'classifier__learning_rate': 0.08, 'classifier__max_depth': 4, 'classifier__min_child_weight': 3, 'classifier__n_estimators': 90, 'classifier__scale_pos_weight': 12, 'classifier__subsample': 0.9}",0.8624957126629036,0.8847646936691138,0.8457705720917269,0.8732828983628699,0.8625325499231862,0.8657692853419601,0.012949294838442354,222
1.4960308074951172,0.01547466164718627,0.10723786354064942,0.0028330612379407942,0.9,0.6,0.08,4,3,110,8,0.9,"{'classifier__colsample_bytree': 0.9, 'classifier__gamma': 0.6, 'classifier__learning_rate': 0.08, 'classifier__max_depth': 4, 'classifier__min_child_weight': 3, 'classifier__n_estimators': 110, 'classifier__scale_pos_weight': 8, 'classifier__subsample': 0.9}",0.8639131692845909,0.8863426804770828,0.8480207171049744,0.8739674904396624,0.8632036158896796,0.867089534639198,0.012702750601309312,10
1.440164852142334,0.02654370883578685,0.12312526702880859,0.02225184812090116,0.9,0.6,0.08,4,3,110,10,0.9,"{'classifier__colsample_bytree': 0.9, 'classifier__gamma': 0.6, 'classifier__learning_rate': 0.08, 'classifier__max_depth': 4, 'classifier__min_child_weight': 3, 'classifier__n_estimators': 110, 'classifier__scale_pos_weight': 10, 'classifier__subsample': 0.9}",0.8625280147811459,0.885027103680491,0.8467569946746416,0.8739333339819823,0.8636170923797049,0.8663725078995931,0.012745986316484924,146
1.4359200477600098,0.06501716127731957,0.10780057907104493,0.005360704704205705,0.9,0.6,0.08,4,3,110,12,0.9,"{'classifier__colsample_bytree': 0.9, 'classifier__gamma': 0.6, 'classifier__learning_rate': 0.08, 'classifier__max_depth': 4, 'classifier__min_child_weight': 3, 'classifier__n_estimators': 110, 'classifier__scale_pos_weight': 12, 'classifier__subsample': 0.9}",0.8631202049359967,0.8852909746688428,0.8464518950493187,0.8738221326470534,0.8630056720227259,0.8663381758647875,0.012900723042166298,153
1.6595514297485352,0.04572873867745592,0.12277274131774903,0.005076940447432706,0.9,0.6,0.08,4,3,130,8,0.9,"{'classifier__colsample_bytree': 0.9, 'classifier__gamma': 0.6, 'classifier__learning_rate': 0.08, 'classifier__max_depth': 4, 'classifier__min_child_weight': 3, 'classifier__n_estimators': 130, 'classifier__scale_pos_weight': 8, 'classifier__subsample': 0.9}",0.863580268265249,0.8858681968135856,0.8475025127581243,0.8745006300225227,0.8641485117389269,0.8671200239196818,0.012744989856506751,7
1.6753193378448485,0.07290223134152352,0.11895546913146973,0.0002781630124348467,0.9,0.6,0.08,4,3,130,10,0.9,"{'classifier__colsample_bytree': 0.9, 'classifier__gamma': 0.6, 'classifier__learning_rate': 0.08, 'classifier__max_depth': 4, 'classifier__min_child_weight': 3, 'classifier__n_estimators': 130, 'classifier__scale_pos_weight': 10, 'classifier__subsample': 0.9}",0.8628100440725048,0.8849165832020003,0.8469913466222798,0.8740274618031687,0.8642877027339977,0.8666066276867902,0.012608520621139204,92
1.6900749683380127,0.05977842813824643,0.13119859695434571,0.013893472147713035,0.9,0.6,0.08,4,3,130,12,0.9,"{'classifier__colsample_bytree': 0.9, 'classifier__gamma': 0.6, 'classifier__learning_rate': 0.08, 'classifier__max_depth': 4, 'classifier__min_child_weight': 3, 'classifier__n_estimators': 130, 'classifier__scale_pos_weight': 12, 'classifier__subsample': 0.9}",0.8630154419447097,0.8848471465235891,0.8466014492345683,0.8736459103016884,0.8641713510811568,0.8664562598171426,0.01265850960241547,125
1.2779549598693847,0.03389402502969475,0.09584107398986816,0.016539042111460654,0.9,0.6,0.08,4,5,90,8,0.9,"{'classifier__colsample_bytree': 0.9, 'classifier__gamma': 0.6, 'classifier__learning_rate': 0.08, 'classifier__max_depth': 4, 'classifier__min_child_weight': 5, 'classifier__n_estimators': 90, 'classifier__scale_pos_weight': 8, 'classifier__subsample': 0.9}",0.8628960661713215,0.883770625196707,0.847818099575669,0.8738844830459723,0.8629051815637451,0.866254891110683,0.012061750741903292,160
1.2302977085113525,0.0205910781545833,0.09554071426391601,0.009562794910840696,0.9,0.6,0.08,4,5,90,10,0.9,"{'classifier__colsample_bytree': 0.9, 'classifier__gamma': 0.6, 'classifier__learning_rate': 0.08, 'classifier__max_depth': 4, 'classifier__min_child_weight': 5, 'classifier__n_estimators': 90, 'classifier__scale_pos_weight': 10, 'classifier__subsample': 0.9}",0.8624142473076674,0.8848136611743942,0.8469198533188762,0.8734340842386796,0.8635073859772138,0.8662178464033662,0.012586539749953163,172
1.2958219051361084,0.06047089137235916,0.0963754653930664,0.006350979791372051,0.9,0.6,0.08,4,5,90,12,0.9,"{'classifier__colsample_bytree': 0.9, 'classifier__gamma': 0.6, 'classifier__learning_rate': 0.08, 'classifier__max_depth': 4, 'classifier__min_child_weight': 5, 'classifier__n_estimators': 90, 'classifier__scale_pos_weight': 12, 'classifier__subsample': 0.9}",0.8628012751065376,0.8832154906036015,0.8464537349469488,0.8733370735582898,0.8620910990093985,0.8655797346449553,0.012303580582104597,239
1.4393812656402587,0.029518937948534964,0.1085970401763916,0.006982769540459011,0.9,0.6,0.08,4,5,110,8,0.9,"{'classifier__colsample_bytree': 0.9, 'classifier__gamma': 0.6, 'classifier__learning_rate': 0.08, 'classifier__max_depth': 4, 'classifier__min_child_weight': 5, 'classifier__n_estimators': 110, 'classifier__scale_pos_weight': 8, 'classifier__subsample': 0.9}",0.8630819627091211,0.8848508358421061,0.8475430305642558,0.8743588702270395,0.8635454321871174,0.8666760263059279,0.01247508902668017,79
1.440882921218872,0.01914733533727304,0.10655393600463867,0.002825660699708377,0.9,0.6,0.08,4,5,110,10,0.9,"{'classifier__colsample_bytree': 0.9, 'classifier__gamma': 0.6, 'classifier__learning_rate': 0.08, 'classifier__max_depth': 4, 'classifier__min_child_weight': 5, 'classifier__n_estimators': 110, 'classifier__scale_pos_weight': 10, 'classifier__subsample': 0.9}",0.8628301160806467,0.8854225760931681,0.8476335035194111,0.8743502090983445,0.8634890137965618,0.8667450837176265,0.012632245359374033,62
1.6075233936309814,0.2018733143319828,0.13923587799072265,0.059176797275019115,0.9,0.6,0.08,4,5,110,12,0.9,"{'classifier__colsample_bytree': 0.9, 'classifier__gamma': 0.6, 'classifier__learning_rate': 0.08, 'classifier__max_depth': 4, 'classifier__min_child_weight': 5, 'classifier__n_estimators': 110, 'classifier__scale_pos_weight': 12, 'classifier__subsample': 0.9}",0.863765359742855,0.8843337982240516,0.8469083302632788,0.8733921229312396,0.8628393971303766,0.8662478016583604,0.0124091860438606,162
1.703720474243164,0.12306752316706109,0.12050704956054688,0.0034240417061553795,0.9,0.6,0.08,4,5,130,8,0.9,"{'classifier__colsample_bytree': 0.9, 'classifier__gamma': 0.6, 'classifier__learning_rate': 0.08, 'classifier__max_depth': 4, 'classifier__min_child_weight': 5, 'classifier__n_estimators': 130, 'classifier__scale_pos_weight': 8, 'classifier__subsample': 0.9}",0.8632552964510604,0.8849990192027566,0.8472220897159608,0.8743482791223806,0.864106288448497,0.8667861945881311,0.0125801068434822,56
1.6836794853210448,0.06887724971944906,0.12825684547424315,0.014762697571748298,0.9,0.6,0.08,4,5,130,10,0.9,"{'classifier__colsample_bytree': 0.9, 'classifier__gamma': 0.6, 'classifier__learning_rate': 0.08, 'classifier__max_depth': 4, 'classifier__min_child_weight': 5, 'classifier__n_estimators': 130, 'classifier__scale_pos_weight': 10, 'classifier__subsample': 0.9}",0.8630139623270624,0.8856587537887808,0.8469938374082233,0.8742836327981631,0.8641694796631786,0.8668239331970817,0.012846729431642993,48
1.6644095420837401,0.05455036778006004,0.11899046897888184,0.0006778855871121686,0.9,0.6,0.08,4,5,130,12,0.9,"{'classifier__colsample_bytree': 0.9, 'classifier__gamma': 0.6, 'classifier__learning_rate': 0.08, 'classifier__max_depth': 4, 'classifier__min_child_weight': 5, 'classifier__n_estimators': 130, 'classifier__scale_pos_weight': 12, 'classifier__subsample': 0.9}",0.8639585574754748,0.884455629353883,0.847313685771876,0.8734353349354523,0.8638733870635156,0.8666073189200404,0.012263103919414705,91
1.4258924007415772,0.05993538535817187,0.12543802261352538,0.026078019726998556,0.9,0.6,0.08,5,3,90,8,0.9,"{'classifier__colsample_bytree': 0.9, 'classifier__gamma': 0.6, 'classifier__learning_rate': 0.08, 'classifier__max_depth': 5, 'classifier__min_child_weight': 3, 'classifier__n_estimators': 90, 'classifier__scale_pos_weight': 8, 'classifier__subsample': 0.9}",0.8642143521590402,0.8846243391693779,0.8480516305831597,0.873945818134034,0.8638345860330224,0.8669341452157269,0.012129801478000498,32
1.4191112041473388,0.06817361667313379,0.12277331352233886,0.02283208167671184,0.9,0.6,0.08,5,3,90,10,0.9,"{'classifier__colsample_bytree': 0.9, 'classifier__gamma': 0.6, 'classifier__learning_rate': 0.08, 'classifier__max_depth': 5, 'classifier__min_child_weight': 3, 'classifier__n_estimators': 90, 'classifier__scale_pos_weight': 10, 'classifier__subsample': 0.9}",0.8639415559180631,0.8842129451620235,0.8478894682858845,0.8743620342941584,0.8638422241582192,0.8668496455636697,0.012123613724315497,45
1.38270902633667,0.044456034626716545,0.11635007858276367,0.018517282221072393,0.9,0.6,0.08,5,3,90,12,0.9,"{'classifier__colsample_bytree': 0.9, 'classifier__gamma': 0.6, 'classifier__learning_rate': 0.08, 'classifier__max_depth': 5, 'classifier__min_child_weight': 3, 'classifier__n_estimators': 90, 'classifier__scale_pos_weight': 12, 'classifier__subsample': 0.9}",0.8634272387351172,0.8851474527707188,0.8468747667404871,0.87433394193954,0.8635165456525539,0.8666599891676834,0.012747256964570394,81
1.6546049118041992,0.034682427755412436,0.1308833599090576,0.016874745972488194,0.9,0.6,0.08,5,3,110,8,0.9,"{'classifier__colsample_bytree': 0.9, 'classifier__gamma': 0.6, 'classifier__learning_rate': 0.08, 'classifier__max_depth': 5, 'classifier__min_child_weight': 3, 'classifier__n_estimators': 110, 'classifier__scale_pos_weight': 8, 'classifier__subsample': 0.9}",0.8639522633959801,0.8847856528474293,0.8482853883439293,0.8737402111670025,0.86436193891537,0.8670250909339423,0.012068483750177425,17
1.5952173709869384,0.06044665386108676,0.13073220252990722,0.009641302506093926,0.9,0.6,0.08,5,3,110,10,0.9,"{'classifier__colsample_bytree': 0.9, 'classifier__gamma': 0.6, 'classifier__learning_rate': 0.08, 'classifier__max_depth': 5, 'classifier__min_child_weight': 3, 'classifier__n_estimators': 110, 'classifier__scale_pos_weight': 10, 'classifier__subsample': 0.9}",0.8635727222300472,0.8839831430834497,0.8479542780630221,0.8735300014826538,0.8638321056245115,0.866574450096737,0.0119556172282563,102
1.641107702255249,0.04485226605406874,0.15050091743469238,0.029446453576536597,0.9,0.6,0.08,5,3,110,12,0.9,"{'classifier__colsample_bytree': 0.9, 'classifier__gamma': 0.6, 'classifier__learning_rate': 0.08, 'classifier__max_depth': 5, 'classifier__min_child_weight': 3, 'classifier__n_estimators': 110, 'classifier__scale_pos_weight': 12, 'classifier__subsample': 0.9}",0.8635280130473232,0.8843255791318447,0.8463786496670033,0.8736568334221153,0.8634666912509268,0.8662711533038427,0.012582623650122636,158
1.8607988834381104,0.060044576372439394,0.14802179336547852,0.004961365732108476,0.9,0.6,0.08,5,3,130,8,0.9,"{'classifier__colsample_bytree': 0.9, 'classifier__gamma': 0.6, 'classifier__learning_rate': 0.08, 'classifier__max_depth': 5, 'classifier__min_child_weight': 3, 'classifier__n_estimators': 130, 'classifier__scale_pos_weight': 8, 'classifier__subsample': 0.9}",0.8631554559161708,0.8843859312666148,0.8484174606108097,0.8737724021539274,0.8642346140174162,0.8667931727929877,0.011963785341355454,54
1.870917797088623,0.08013135032566301,0.1602463722229004,0.032282802697720936,0.9,0.6,0.08,5,3,130,10,0.9,"{'classifier__colsample_bytree': 0.9, 'classifier__gamma': 0.6, 'classifier__learning_rate': 0.08, 'classifier__max_depth': 5, 'classifier__min_child_weight': 3, 'classifier__n_estimators': 130, 'classifier__scale_pos_weight': 10, 'classifier__subsample': 0.9}",0.8629358828313753,0.8838656429295753,0.8477982580804041,0.8736705076807308,0.8637435449495093,0.866402767294319,0.012024895760262439,132
1.8396803855895996,0.02394323317366633,0.14740986824035646,0.005154785210164199,0.9,0.6,0.08,5,3,130,12,0.9,"{'classifier__colsample_bytree': 0.9, 'classifier__gamma': 0.6, 'classifier__learning_rate': 0.08, 'classifier__max_depth': 5, 'classifier__min_child_weight': 3, 'classifier__n_estimators': 130, 'classifier__scale_pos_weight': 12, 'classifier__subsample': 0.9}",0.8625624904872549,0.8846246202614363,0.8456809643761504,0.8737105789443567,0.864289336041733,0.8661735980221863,0.01291344166119104,179
1.3974396228790282,0.049093830242198155,0.11190652847290039,0.004795736590638046,0.9,0.6,0.08,5,5,90,8,0.9,"{'classifier__colsample_bytree': 0.9, 'classifier__gamma': 0.6, 'classifier__learning_rate': 0.08, 'classifier__max_depth': 5, 'classifier__min_child_weight': 5, 'classifier__n_estimators': 90, 'classifier__scale_pos_weight': 8, 'classifier__subsample': 0.9}",0.8637591717890144,0.8855934734798658,0.8486272090673169,0.8736973704467279,0.8640411376629147,0.8671436724891679,0.012225269718950852,5
1.4392055511474608,0.08951123917684815,0.11825270652770996,0.013596230809563025,0.9,0.6,0.08,5,5,90,10,0.9,"{'classifier__colsample_bytree': 0.9, 'classifier__gamma': 0.6, 'classifier__learning_rate': 0.08, 'classifier__max_depth': 5, 'classifier__min_child_weight': 5, 'classifier__n_estimators': 90, 'classifier__scale_pos_weight': 10, 'classifier__subsample': 0.9}",0.8638694771559269,0.8842272064738347,0.8483845865072325,0.8747555207893706,0.8636437832082225,0.8669761148269174,0.012037606714263502,25
1.3895273208618164,0.03667068479182159,0.10902895927429199,0.00527717504802388,0.9,0.6,0.08,5,5,90,12,0.9,"{'classifier__colsample_bytree': 0.9, 'classifier__gamma': 0.6, 'classifier__learning_rate': 0.08, 'classifier__max_depth': 5, 'classifier__min_child_weight': 5, 'classifier__n_estimators': 90, 'classifier__scale_pos_weight': 12, 'classifier__subsample': 0.9}",0.8632629227271325,0.8849271194535073,0.8472313727908873,0.8745509576433655,0.863551680252988,0.8667048105735763,0.012606491713389133,71
1.70083646774292,0.14169341762415408,0.14903020858764648,0.02319740994853315,0.9,0.6,0.08,5,5,110,8,0.9,"{'classifier__colsample_bytree': 0.9, 'classifier__gamma': 0.6, 'classifier__learning_rate': 0.08, 'classifier__max_depth': 5, 'classifier__min_child_weight': 5, 'classifier__n_estimators': 110, 'classifier__scale_pos_weight': 8, 'classifier__subsample': 0.9}",0.8631136829302406,0.8850176816225354,0.8479995366525437,0.8728607940224115,0.8643141517292495,0.8666611693913963,0.012179873360883317,80
1.5668352127075196,0.043647264532625143,0.1215928077697754,0.003620126649943062,0.9,0.6,0.08,5,5,110,10,0.9,"{'classifier__colsample_bytree': 0.9, 'classifier__gamma': 0.6, 'classifier__learning_rate': 0.08, 'classifier__max_depth': 5, 'classifier__min_child_weight': 5, 'classifier__n_estimators': 110, 'classifier__scale_pos_weight': 10, 'classifier__subsample': 0.9}",0.8640697383794724,0.88383815223749,0.8478510517670045,0.873975250037987,0.8638116460855785,0.8667091677015065,0.011976550580316332,70
1.6310937404632568,0.049958219427841684,0.1271273136138916,0.00708406376966232,0.9,0.6,0.08,5,5,110,12,0.9,"{'classifier__colsample_bytree': 0.9, 'classifier__gamma': 0.6, 'classifier__learning_rate': 0.08, 'classifier__max_depth': 5, 'classifier__min_child_weight': 5, 'classifier__n_estimators': 110, 'classifier__scale_pos_weight': 12, 'classifier__subsample': 0.9}",0.8630741554166919,0.8850232823928962,0.8472367154537009,0.87404761594529,0.8636385573368861,0.866604065309093,0.012577938987423534,93
1.831488800048828,0.07496060351751341,0.14410147666931153,0.015452124074107431,0.9,0.6,0.08,5,5,130,8,0.9,"{'classifier__colsample_bytree': 0.9, 'classifier__gamma': 0.6, 'classifier__learning_rate': 0.08, 'classifier__max_depth': 5, 'classifier__min_child_weight': 5, 'classifier__n_estimators': 130, 'classifier__scale_pos_weight': 8, 'classifier__subsample': 0.9}",0.8631184022097336,0.8841403875147472,0.8477852810351217,0.8726082930029007,0.8642510869840463,0.86638069014931,0.011959572401889718,142
1.794907808303833,0.03603663281799809,0.16645984649658202,0.02322188340323818,0.9,0.6,0.08,5,5,130,10,0.9,"{'classifier__colsample_bytree': 0.9, 'classifier__gamma': 0.6, 'classifier__learning_rate': 0.08, 'classifier__max_depth': 5, 'classifier__min_child_weight': 5, 'classifier__n_estimators': 130, 'classifier__scale_pos_weight': 10, 'classifier__subsample': 0.9}",0.8635195320204182,0.8834563690775828,0.8469517366063041,0.8735625374607476,0.864377054320531,0.8663734458971168,0.012106547793813802,144
1.841915988922119,0.03543113976288371,0.13934154510498048,0.00533392827788757,0.9,0.6,0.08,5,5,130,12,0.9,"{'classifier__colsample_bytree': 0.9, 'classifier__gamma': 0.6, 'classifier__learning_rate': 0.08, 'classifier__max_depth': 5, 'classifier__min_child_weight': 5, 'classifier__n_estimators': 130, 'classifier__scale_pos_weight': 12, 'classifier__subsample': 0.9}",0.8625153328610263,0.885502961453054,0.8471447580598833,0.8737591929993255,0.8641471873372535,0.8666138865421086,0.012726211270132145,88
1.5203917980194093,0.04285286489525167,0.14297313690185548,0.020225392606130595,0.9,0.6,0.08,6,3,90,8,0.9,"{'classifier__colsample_bytree': 0.9, 'classifier__gamma': 0.6, 'classifier__learning_rate': 0.08, 'classifier__max_depth': 6, 'classifier__min_child_weight': 3, 'classifier__n_estimators': 90, 'classifier__scale_pos_weight': 8, 'classifier__subsample': 0.9}",0.8638060838855878,0.8840693092861328,0.8480314006530223,0.8737980196112942,0.8651904904559261,0.8669790607783927,0.011923551350234145,24
1.519655179977417,0.044332750691168994,0.12842955589294433,0.0030616771698055317,0.9,0.6,0.08,6,3,90,10,0.9,"{'classifier__colsample_bytree': 0.9, 'classifier__gamma': 0.6, 'classifier__learning_rate': 0.08, 'classifier__max_depth': 6, 'classifier__min_child_weight': 3, 'classifier__n_estimators': 90, 'classifier__scale_pos_weight': 10, 'classifier__subsample': 0.9}",0.8622408958234088,0.8847521637309844,0.8471951282816546,0.8736432089833716,0.8645099809843922,0.8664682755607623,0.0124815071155199,120
1.540204906463623,0.059652264370224396,0.13060345649719238,0.002984369829824075,0.9,0.6,0.08,6,3,90,12,0.9,"{'classifier__colsample_bytree': 0.9, 'classifier__gamma': 0.6, 'classifier__learning_rate': 0.08, 'classifier__max_depth': 6, 'classifier__min_child_weight': 3, 'classifier__n_estimators': 90, 'classifier__scale_pos_weight': 12, 'classifier__subsample': 0.9}",0.8635330577982192,0.8856105544522789,0.8470787971810623,0.8737749888071566,0.8638073482320783,0.866760949294159,0.01273604742024365,59
1.8113752841949462,0.04080375041496315,0.15660552978515624,0.004461119724746857,0.9,0.6,0.08,6,3,110,8,0.9,"{'classifier__colsample_bytree': 0.9, 'classifier__gamma': 0.6, 'classifier__learning_rate': 0.08, 'classifier__max_depth': 6, 'classifier__min_child_weight': 3, 'classifier__n_estimators': 110, 'classifier__scale_pos_weight': 8, 'classifier__subsample': 0.9}",0.8637453446290737,0.8838301334737109,0.8475269342214494,0.8739383742244942,0.8645299774409071,0.866714152797927,0.012057196774947883,69
1.7660673141479493,0.029178759784731,0.1622187614440918,0.010580982093230636,0.9,0.6,0.08,6,3,110,10,0.9,"{'classifier__colsample_bytree': 0.9, 'classifier__gamma': 0.6, 'classifier__learning_rate': 0.08, 'classifier__max_depth': 6, 'classifier__min_child_weight': 3, 'classifier__n_estimators': 110, 'classifier__scale_pos_weight': 10, 'classifier__subsample': 0.9}",0.8619421964088205,0.883764632451144,0.8466720489654406,0.8732910798983917,0.863766784737199,0.8658873484921991,0.01235881282313835,208
1.787678098678589,0.051551497449006375,0.17456350326538086,0.022676209157332664,0.9,0.6,0.08,6,3,110,12,0.9,"{'classifier__colsample_bytree': 0.9, 'classifier__gamma': 0.6, 'classifier__learning_rate': 0.08, 'classifier__max_depth': 6, 'classifier__min_child_weight': 3, 'classifier__n_estimators': 110, 'classifier__scale_pos_weight': 12, 'classifier__subsample': 0.9}",0.8630922227545248,0.8847677374003359,0.8466914717693278,0.87372765669339,0.8629887772880847,0.8662535731811326,0.012664636129574641,161
2.0338892936706543,0.018740366607813547,0.18433842658996583,0.008088225180431995,0.9,0.6,0.08,6,3,130,8,0.9,"{'classifier__colsample_bytree': 0.9, 'classifier__gamma': 0.6, 'classifier__learning_rate': 0.08, 'classifier__max_depth': 6, 'classifier__min_child_weight': 3, 'classifier__n_estimators': 130, 'classifier__scale_pos_weight': 8, 'classifier__subsample': 0.9}",0.8633990869922273,0.8827618307703244,0.8468489935103026,0.8736296988545346,0.8644865720172099,0.8662252364289198,0.011956035132441211,170
2.102599334716797,0.08242244103928249,0.19457831382751464,0.03469133005046108,0.9,0.6,0.08,6,3,130,10,0.9,"{'classifier__colsample_bytree': 0.9, 'classifier__gamma': 0.6, 'classifier__learning_rate': 0.08, 'classifier__max_depth': 6, 'classifier__min_child_weight': 3, 'classifier__n_estimators': 130, 'classifier__scale_pos_weight': 10, 'classifier__subsample': 0.9}",0.861107912283006,0.8840050314006508,0.8462936563774945,0.8715781151348196,0.8632732628672293,0.8652515956126401,0.012427417874610016,269
2.033977508544922,0.037857870372530425,0.19035444259643555,0.028240227231321722,0.9,0.6,0.08,6,3,130,12,0.9,"{'classifier__colsample_bytree': 0.9, 'classifier__gamma': 0.6, 'classifier__learning_rate': 0.08, 'classifier__max_depth': 6, 'classifier__min_child_weight': 3, 'classifier__n_estimators': 130, 'classifier__scale_pos_weight': 12, 'classifier__subsample': 0.9}",0.862229373845513,0.8837462969671868,0.8468261622162486,0.8730718006686381,0.8631773599260707,0.8658101987247313,0.012284805835384858,216
1.6164495468139648,0.09027454137301003,0.1265176296234131,0.0029709290891748517,0.9,0.6,0.08,6,5,90,8,0.9,"{'classifier__colsample_bytree': 0.9, 'classifier__gamma': 0.6, 'classifier__learning_rate': 0.08, 'classifier__max_depth': 6, 'classifier__min_child_weight': 5, 'classifier__n_estimators': 90, 'classifier__scale_pos_weight': 8, 'classifier__subsample': 0.9}",0.8633019622329061,0.8850229420132504,0.8473219599390444,0.8737973750782433,0.8642584933008249,0.8667405465128537,0.012482874421834073,63
1.5533467769622802,0.03568779876294694,0.12966208457946776,0.004942751486253527,0.9,0.6,0.08,6,5,90,10,0.9,"{'classifier__colsample_bytree': 0.9, 'classifier__gamma': 0.6, 'classifier__learning_rate': 0.08, 'classifier__max_depth': 6, 'classifier__min_child_weight': 5, 'classifier__n_estimators': 90, 'classifier__scale_pos_weight': 10, 'classifier__subsample': 0.9}",0.8632019916283565,0.884289775444582,0.8461864819565263,0.8735746386762255,0.8647545857863445,0.866401494698407,0.012593970395350146,133
1.5472023963928223,0.03880939715706774,0.12787466049194335,0.0034637767751177556,0.9,0.6,0.08,6,5,90,12,0.9,"{'classifier__colsample_bytree': 0.9, 'classifier__gamma': 0.6, 'classifier__learning_rate': 0.08, 'classifier__max_depth': 6, 'classifier__min_child_weight': 5, 'classifier__n_estimators': 90, 'classifier__scale_pos_weight': 12, 'classifier__subsample': 0.9}",0.8636785427109152,0.8844837189493032,0.846967648090735,0.8727406793193992,0.8648630536502695,0.8665467285441244,0.01228415478186692,109
1.839002799987793,0.09147213136716942,0.16383757591247558,0.017642039900956977,0.9,0.6,0.08,6,5,110,8,0.9,"{'classifier__colsample_bytree': 0.9, 'classifier__gamma': 0.6, 'classifier__learning_rate': 0.08, 'classifier__max_depth': 6, 'classifier__min_child_weight': 5, 'classifier__n_estimators': 110, 'classifier__scale_pos_weight': 8, 'classifier__subsample': 0.9}",0.8628843952131545,0.8845755989619396,0.8466578932139633,0.872971868783144,0.8636174743519971,0.8661414461048398,0.012514474121551971,181
1.7967456817626952,0.07653553454637707,0.1520535945892334,0.008429516226278633,0.9,0.6,0.08,6,5,110,10,0.9,"{'classifier__colsample_bytree': 0.9, 'classifier__gamma': 0.6, 'classifier__learning_rate': 0.08, 'classifier__max_depth': 6, 'classifier__min_child_weight': 5, 'classifier__n_estimators': 110, 'classifier__scale_pos_weight': 10, 'classifier__subsample': 0.9}",0.8626237380647119,0.883219829385032,0.8456785328565392,0.8729365749508522,0.8645384911121141,0.8657994332738499,0.012417202911992786,218
1.8498607635498048,0.031984702249568335,0.15437211990356445,0.0040119126624679055,0.9,0.6,0.08,6,5,110,12,0.9,"{'classifier__colsample_bytree': 0.9, 'classifier__gamma': 0.6, 'classifier__learning_rate': 0.08, 'classifier__max_depth': 6, 'classifier__min_child_weight': 5, 'classifier__n_estimators': 110, 'classifier__scale_pos_weight': 12, 'classifier__subsample': 0.9}",0.8626189559677644,0.8833173320291858,0.8466942102784603,0.8722715947793713,0.8642474125597025,0.8658299011228969,0.012052342177368334,214
2.037190246582031,0.062455154296486196,0.21162676811218262,0.05088445002022997,0.9,0.6,0.08,6,5,130,8,0.9,"{'classifier__colsample_bytree': 0.9, 'classifier__gamma': 0.6, 'classifier__learning_rate': 0.08, 'classifier__max_depth': 6, 'classifier__min_child_weight': 5, 'classifier__n_estimators': 130, 'classifier__scale_pos_weight': 8, 'classifier__subsample': 0.9}",0.8624916367986732,0.88336864429935,0.846482108336795,0.8724083906731112,0.8636795081811663,0.8656860576578191,0.012172804660026345,231
2.0359787940979004,0.055298730657206016,0.1758181095123291,0.0017279218086995536,0.9,0.6,0.08,6,5,130,10,0.9,"{'classifier__colsample_bytree': 0.9, 'classifier__gamma': 0.6, 'classifier__learning_rate': 0.08, 'classifier__max_depth': 6, 'classifier__min_child_weight': 5, 'classifier__n_estimators': 130, 'classifier__scale_pos_weight': 10, 'classifier__subsample': 0.9}",0.8622402695834618,0.883874520524363,0.8448915328262886,0.8720105492833353,0.8651451512855121,0.8656324047005921,0.012770147068032532,237
2.0415668964385985,0.04763798129792509,0.20482864379882812,0.03889891729342542,0.9,0.6,0.08,6,5,130,12,0.9,"{'classifier__colsample_bytree': 0.9, 'classifier__gamma': 0.6, 'classifier__learning_rate': 0.08, 'classifier__max_depth': 6, 'classifier__min_child_weight': 5, 'classifier__n_estimators': 130, 'classifier__scale_pos_weight': 12, 'classifier__subsample': 0.9}",0.8619988613102274,0.8831364844575018,0.8466616017430638,0.871835403334201,0.8648100128338465,0.8656884727357681,0.01198853296168871,230
1.297816801071167,0.02429942143891551,0.09257035255432129,0.0012956561790107477,0.9,0.6,0.12,4,3,90,8,0.9,"{'classifier__colsample_bytree': 0.9, 'classifier__gamma': 0.6, 'classifier__learning_rate': 0.12, 'classifier__max_depth': 4, 'classifier__min_child_weight': 3, 'classifier__n_estimators': 90, 'classifier__scale_pos_weight': 8, 'classifier__subsample': 0.9}",0.8631967247164294,0.8860377850545381,0.8472724150258931,0.8741080489555614,0.8643661830057688,0.8669962313516383,0.012833869661767859,22
1.2938705444335938,0.055972725819757506,0.09116811752319336,0.002192039006295249,0.9,0.6,0.12,4,3,90,10,0.9,"{'classifier__colsample_bytree': 0.9, 'classifier__gamma': 0.6, 'classifier__learning_rate': 0.12, 'classifier__max_depth': 4, 'classifier__min_child_weight': 3, 'classifier__n_estimators': 90, 'classifier__scale_pos_weight': 10, 'classifier__subsample': 0.9}",0.8639333973059183,0.8833082033142174,0.8478839764125413,0.8746235897263355,0.8642051377801305,0.8667908609078285,0.01188693050843361,55
1.3302806854248046,0.067369856498651,0.09996423721313477,0.012957565990460735,0.9,0.6,0.12,4,3,90,12,0.9,"{'classifier__colsample_bytree': 0.9, 'classifier__gamma': 0.6, 'classifier__learning_rate': 0.12, 'classifier__max_depth': 4, 'classifier__min_child_weight': 3, 'classifier__n_estimators': 90, 'classifier__scale_pos_weight': 12, 'classifier__subsample': 0.9}",0.8629876894814694,0.8837693081977275,0.8469407153823663,0.8744962776958399,0.8629117106468867,0.8662211402808581,0.01240611469652071,171
1.442518711090088,0.04011785112168101,0.1082075595855713,0.004979342553697881,0.9,0.6,0.12,4,3,110,8,0.9,"{'classifier__colsample_bytree': 0.9, 'classifier__gamma': 0.6, 'classifier__learning_rate': 0.12, 'classifier__max_depth': 4, 'classifier__min_child_weight': 3, 'classifier__n_estimators': 110, 'classifier__scale_pos_weight': 8, 'classifier__subsample': 0.9}",0.8632252343013396,0.8853573393633971,0.8474511708399847,0.8735650220290977,0.8650495265622484,0.8669296586192136,0.01249221043238414,34
1.4514096260070801,0.029973137946837362,0.10994873046875,0.006212365810003757,0.9,0.6,0.12,4,3,110,10,0.9,"{'classifier__colsample_bytree': 0.9, 'classifier__gamma': 0.6, 'classifier__learning_rate': 0.12, 'classifier__max_depth': 4, 'classifier__min_child_weight': 3, 'classifier__n_estimators': 110, 'classifier__scale_pos_weight': 10, 'classifier__subsample': 0.9}",0.8640341088343858,0.8837443837677268,0.847499954113667,0.8738097362101916,0.864396795935958,0.8666969957723858,0.012017593840515286,74
1.4984739780426026,0.09257736328146875,0.10816569328308105,0.0062461860125734535,0.9,0.6,0.12,4,3,110,12,0.9,"{'classifier__colsample_bytree': 0.9, 'classifier__gamma': 0.6, 'classifier__learning_rate': 0.12, 'classifier__max_depth': 4, 'classifier__min_child_weight': 3, 'classifier__n_estimators': 110, 'classifier__scale_pos_weight': 12, 'classifier__subsample': 0.9}",0.8633997068373663,0.8839323026806113,0.8465256310196239,0.8741438282005969,0.8634775510337995,0.8662958039543996,0.01248861271555224,156
1.6643600463867188,0.08069857595864469,0.141245698928833,0.03996868266264531,0.9,0.6,0.12,4,3,130,8,0.9,"{'classifier__colsample_bytree': 0.9, 'classifier__gamma': 0.6, 'classifier__learning_rate': 0.12, 'classifier__max_depth': 4, 'classifier__min_child_weight': 3, 'classifier__n_estimators': 130, 'classifier__scale_pos_weight': 8, 'classifier__subsample': 0.9}",0.862647959460781,0.8847589073781719,0.8469930141349161,0.872941373469612,0.8655083758511849,0.8665699260589331,0.012419328281835316,103
1.6679428577423097,0.0810485234552162,0.11986150741577148,0.0025618143028325094,0.9,0.6,0.12,4,3,130,10,0.9,"{'classifier__colsample_bytree': 0.9, 'classifier__gamma': 0.6, 'classifier__learning_rate': 0.12, 'classifier__max_depth': 4, 'classifier__min_child_weight': 3, 'classifier__n_estimators': 130, 'classifier__scale_pos_weight': 10, 'classifier__subsample': 0.9}",0.8634185875956387,0.8831224592040617,0.8464046135312269,0.8735318686127141,0.865466782924815,0.8663888623736913,0.01216617249242192,138
1.621523380279541,0.038427725919311956,0.12071657180786133,0.004347536767108209,0.9,0.6,0.12,4,3,130,12,0.9,"{'classifier__colsample_bytree': 0.9, 'classifier__gamma': 0.6, 'classifier__learning_rate': 0.12, 'classifier__max_depth': 4, 'classifier__min_child_weight': 3, 'classifier__n_estimators': 130, 'classifier__scale_pos_weight': 12, 'classifier__subsample': 0.9}",0.8633503314988197,0.883228130003913,0.8460331617847833,0.8730732328036276,0.8636797191637982,0.8658729150509885,0.012311274567991288,210
1.2604268074035645,0.06899396863676031,0.09585552215576172,0.014698020835339057,0.9,0.6,0.12,4,5,90,8,0.9,"{'classifier__colsample_bytree': 0.9, 'classifier__gamma': 0.6, 'classifier__learning_rate': 0.12, 'classifier__max_depth': 4, 'classifier__min_child_weight': 5, 'classifier__n_estimators': 90, 'classifier__scale_pos_weight': 8, 'classifier__subsample': 0.9}",0.863585700316461,0.8858815731278432,0.8469604427926708,0.8743527450123881,0.8655823378204996,0.8672725598139726,0.012848784224107321,1
1.2941070079803467,0.07222832365084089,0.10957527160644531,0.01660635258500628,0.9,0.6,0.12,4,5,90,10,0.9,"{'classifier__colsample_bytree': 0.9, 'classifier__gamma': 0.6, 'classifier__learning_rate': 0.12, 'classifier__max_depth': 4, 'classifier__min_child_weight': 5, 'classifier__n_estimators': 90, 'classifier__scale_pos_weight': 10, 'classifier__subsample': 0.9}",0.8637525369659687,0.8835268861251929,0.8478517085840643,0.8745278758730939,0.8649523961588729,0.8669222807414384,0.011926210131783197,35
1.2299199104309082,0.01589053001374829,0.09138050079345703,0.007842296647105824,0.9,0.6,0.12,4,5,90,12,0.9,"{'classifier__colsample_bytree': 0.9, 'classifier__gamma': 0.6, 'classifier__learning_rate': 0.12, 'classifier__max_depth': 4, 'classifier__min_child_weight': 5, 'classifier__n_estimators': 90, 'classifier__scale_pos_weight': 12, 'classifier__subsample': 0.9}",0.8624553217067756,0.8839975215668491,0.8463862329487227,0.8741880075396066,0.8629150569889915,0.8659884281501892,0.012631191994461232,198
1.4638120651245117,0.03732907881696446,0.10928058624267578,0.007633753443309864,0.9,0.6,0.12,4,5,110,8,0.9,"{'classifier__colsample_bytree': 0.9, 'classifier__gamma': 0.6, 'classifier__learning_rate': 0.12, 'classifier__max_depth': 4, 'classifier__min_child_weight': 5, 'classifier__n_estimators': 110, 'classifier__scale_pos_weight': 8, 'classifier__subsample': 0.9}",0.8636865749695255,0.8857605381833871,0.8473500849009381,0.8738609462399523,0.8654996313104862,0.8672315551208578,0.01263417066851046,2
1.488806962966919,0.027578961959995017,0.11624751091003419,0.024121870713611136,0.9,0.6,0.12,4,5,110,10,0.9,"{'classifier__colsample_bytree': 0.9, 'classifier__gamma': 0.6, 'classifier__learning_rate': 0.12, 'classifier__max_depth': 4, 'classifier__min_child_weight': 5, 'classifier__n_estimators': 110, 'classifier__scale_pos_weight': 10, 'classifier__subsample': 0.9}",0.8630174448998715,0.883134063927099,0.8469426073925262,0.8739949185552525,0.864934404703399,0.8664046878956297,0.012082146739346667,131
1.4277499675750733,0.027064428195013288,0.11184024810791016,0.013351047899232152,0.9,0.6,0.12,4,5,110,12,0.9,"{'classifier__colsample_bytree': 0.9, 'classifier__gamma': 0.6, 'classifier__learning_rate': 0.12, 'classifier__max_depth': 4, 'classifier__min_child_weight': 5, 'classifier__n_estimators': 110, 'classifier__scale_pos_weight': 12, 'classifier__subsample': 0.9}",0.8624074761502537,0.8833003977025354,0.8454450687872923,0.8741025447637766,0.8632448808218512,0.8657000736451419,0.012708322624793154,229
1.6874701023101806,0.04482736088880796,0.11617813110351563,0.0035098876438173867,0.9,0.6,0.12,4,5,130,8,0.9,"{'classifier__colsample_bytree': 0.9, 'classifier__gamma': 0.6, 'classifier__learning_rate': 0.12, 'classifier__max_depth': 4, 'classifier__min_child_weight': 5, 'classifier__n_estimators': 130, 'classifier__scale_pos_weight': 8, 'classifier__subsample': 0.9}",0.8635775048180998,0.8848070102189602,0.8469754554563466,0.873930868118311,0.8658888249239898,0.8670359327071415,0.012482392859662756,15
1.6866740226745605,0.06147895412237519,0.13124189376831055,0.01590112950144787,0.9,0.6,0.12,4,5,130,10,0.9,"{'classifier__colsample_bytree': 0.9, 'classifier__gamma': 0.6, 'classifier__learning_rate': 0.12, 'classifier__max_depth': 4, 'classifier__min_child_weight': 5, 'classifier__n_estimators': 130, 'classifier__scale_pos_weight': 10, 'classifier__subsample': 0.9}",0.8626691790663914,0.8833793922120684,0.8468281842678573,0.8736778866625111,0.865188476672882,0.866348623776342,0.012163034006740013,149
1.8242449760437012,0.2170564036983317,0.11903738975524902,0.0042421622373137,0.9,0.6,0.12,4,5,130,12,0.9,"{'classifier__colsample_bytree': 0.9, 'classifier__gamma': 0.6, 'classifier__learning_rate': 0.12, 'classifier__max_depth': 4, 'classifier__min_child_weight': 5, 'classifier__n_estimators': 130, 'classifier__scale_pos_weight': 12, 'classifier__subsample': 0.9}",0.8618868701123785,0.8831612675134404,0.8460185926315705,0.872984417838707,0.8630237721554344,0.8654149840503061,0.012382345391603895,256
1.4454894065856934,0.040605299041680545,0.1126746654510498,0.007285865722421341,0.9,0.6,0.12,5,3,90,8,0.9,"{'classifier__colsample_bytree': 0.9, 'classifier__gamma': 0.6, 'classifier__learning_rate': 0.12, 'classifier__max_depth': 5, 'classifier__min_child_weight': 3, 'classifier__n_estimators': 90, 'classifier__scale_pos_weight': 8, 'classifier__subsample': 0.9}",0.8620274015365892,0.884679292027778,0.8475534910010228,0.8734099093029037,0.8635680218761739,0.8662476231488935,0.012373244286059633,163
1.3846981525421143,0.02849961046855883,0.11335897445678711,0.0063897322477247075,0.9,0.6,0.12,5,3,90,10,0.9,"{'classifier__colsample_bytree': 0.9, 'classifier__gamma': 0.6, 'classifier__learning_rate': 0.12, 'classifier__max_depth': 5, 'classifier__min_child_weight': 3, 'classifier__n_estimators': 90, 'classifier__scale_pos_weight': 10, 'classifier__subsample': 0.9}",0.8621862128437562,0.883759614373249,0.8476731715705741,0.8739178440229922,0.8647731857172384,0.866462005705562,0.012074366205629341,123
1.51113862991333,0.06901417803463207,0.13120107650756835,0.0279317441667378,0.9,0.6,0.12,5,3,90,12,0.9,"{'classifier__colsample_bytree': 0.9, 'classifier__gamma': 0.6, 'classifier__learning_rate': 0.12, 'classifier__max_depth': 5, 'classifier__min_child_weight': 3, 'classifier__n_estimators': 90, 'classifier__scale_pos_weight': 12, 'classifier__subsample': 0.9}",0.8640456478519067,0.882703591846949,0.8476164763448002,0.8739451595264974,0.8623146737969968,0.86612510987343,0.011810269612598992,184
1.6805731296539306,0.07627345138471683,0.12760262489318847,0.001278527008826744,0.9,0.6,0.12,5,3,110,8,0.9,"{'classifier__colsample_bytree': 0.9, 'classifier__gamma': 0.6, 'classifier__learning_rate': 0.12, 'classifier__max_depth': 5, 'classifier__min_child_weight': 3, 'classifier__n_estimators': 110, 'classifier__scale_pos_weight': 8, 'classifier__subsample': 0.9}",0.8613020246070603,0.8835421313713283,0.8460535974048252,0.8720507199416645,0.862733744341804,0.8651364435333363,0.012419398627244192,277
1.676769781112671,0.08837784309957544,0.1364154815673828,0.012055902846362312,0.9,0.6,0.12,5,3,110,10,0.9,"{'classifier__colsample_bytree': 0.9, 'classifier__gamma': 0.6, 'classifier__learning_rate': 0.12, 'classifier__max_depth': 5, 'classifier__min_child_weight': 3, 'classifier__n_estimators': 110, 'classifier__scale_pos_weight': 10, 'classifier__subsample': 0.9}",0.8616418473458893,0.8827748268860778,0.8461706032442493,0.8734486135734902,0.8638191163150084,0.8655710014729431,0.012271195430315223,241
1.6897372245788573,0.08848008356427875,0.142694091796875,0.023743433457582338,0.9,0.6,0.12,5,3,110,12,0.9,"{'classifier__colsample_bytree': 0.9, 'classifier__gamma': 0.6, 'classifier__learning_rate': 0.12, 'classifier__max_depth': 5, 'classifier__min_child_weight': 3, 'classifier__n_estimators': 110, 'classifier__scale_pos_weight': 12, 'classifier__subsample': 0.9}",0.8631406934047485,0.8816332624985339,0.847731260677018,0.8727009373573218,0.862431007700813,0.865527432327687,0.011338827395093506,247
1.923550271987915,0.10232986101126547,0.1494412899017334,0.006116842544025959,0.9,0.6,0.12,5,3,130,8,0.9,"{'classifier__colsample_bytree': 0.9, 'classifier__gamma': 0.6, 'classifier__learning_rate': 0.12, 'classifier__max_depth': 5, 'classifier__min_child_weight': 3, 'classifier__n_estimators': 130, 'classifier__scale_pos_weight': 8, 'classifier__subsample': 0.9}",0.8601656071265167,0.8835025953419531,0.8446026168540883,0.8716516743488927,0.8629282275119989,0.86457014423669,0.012879314896716145,312
1.8459527015686035,0.05240190417938616,0.14751605987548827,0.005555172505569218,0.9,0.6,0.12,5,3,130,10,0.9,"{'classifier__colsample_bytree': 0.9, 'classifier__gamma': 0.6, 'classifier__learning_rate': 0.12, 'classifier__max_depth': 5, 'classifier__min_child_weight': 3, 'classifier__n_estimators': 130, 'classifier__scale_pos_weight': 10, 'classifier__subsample': 0.9}",0.8605153078037677,0.882193019757088,0.8454118607324079,0.8718760899740924,0.8631238039402416,0.8646240164415195,0.012243377795644265,308
1.884763765335083,0.0685368202157865,0.1504002571105957,0.006095603658738776,0.9,0.6,0.12,5,3,130,12,0.9,"{'classifier__colsample_bytree': 0.9, 'classifier__gamma': 0.6, 'classifier__learning_rate': 0.12, 'classifier__max_depth': 5, 'classifier__min_child_weight': 3, 'classifier__n_estimators': 130, 'classifier__scale_pos_weight': 12, 'classifier__subsample': 0.9}",0.8622012010913044,0.8807785855951957,0.8468694443365666,0.8709744420173385,0.8618078345193995,0.8645263015119609,0.011227430818912356,317
1.4271001815795898,0.07272574626108592,0.11289052963256836,0.013168919091976003,0.9,0.6,0.12,5,5,90,8,0.9,"{'classifier__colsample_bytree': 0.9, 'classifier__gamma': 0.6, 'classifier__learning_rate': 0.12, 'classifier__max_depth': 5, 'classifier__min_child_weight': 5, 'classifier__n_estimators': 90, 'classifier__scale_pos_weight': 8, 'classifier__subsample': 0.9}",0.8641043344958393,0.8837838140352506,0.8458207472396942,0.8740663096111658,0.8636157331546902,0.866278187707328,0.012628720983841848,157
1.3760437488555908,0.030773819905391735,0.11357507705688477,0.008938966631517999,0.9,0.6,0.12,5,5,90,10,0.9,"{'classifier__colsample_bytree': 0.9, 'classifier__gamma': 0.6, 'classifier__learning_rate': 0.12, 'classifier__max_depth': 5, 'classifier__min_child_weight': 5, 'classifier__n_estimators': 90, 'classifier__scale_pos_weight': 10, 'classifier__subsample': 0.9}",0.8627904998524895,0.8833760608494493,0.8471313170357676,0.8732673133765544,0.8654150713784442,0.8663960524985409,0.012005226161490733,134
1.4041381359100342,0.06834520676685711,0.1167539119720459,0.017923399765435586,0.9,0.6,0.12,5,5,90,12,0.9,"{'classifier__colsample_bytree': 0.9, 'classifier__gamma': 0.6, 'classifier__learning_rate': 0.12, 'classifier__max_depth': 5, 'classifier__min_child_weight': 5, 'classifier__n_estimators': 90, 'classifier__scale_pos_weight': 12, 'classifier__subsample': 0.9}",0.8618429431808264,0.882803879694216,0.8468463369764249,0.8734603112694179,0.8640792017244431,0.8658065345690658,0.012047181141523077,217
1.6210755348205566,0.0743442628692271,0.12571468353271484,0.003653691280491837,0.9,0.6,0.12,5,5,110,8,0.9,"{'classifier__colsample_bytree': 0.9, 'classifier__gamma': 0.6, 'classifier__learning_rate': 0.12, 'classifier__max_depth': 5, 'classifier__min_child_weight': 5, 'classifier__n_estimators': 110, 'classifier__scale_pos_weight': 8, 'classifier__subsample': 0.9}",0.8633632850971179,0.8831307681373106,0.8448598579840232,0.8740182246013039,0.863594019189403,0.8657932310018317,0.01278427150238873,219
1.6664541721343995,0.10155370668966263,0.1376007080078125,0.025631568816773413,0.9,0.6,0.12,5,5,110,10,0.9,"{'classifier__colsample_bytree': 0.9, 'classifier__gamma': 0.6, 'classifier__learning_rate': 0.12, 'classifier__max_depth': 5, 'classifier__min_child_weight': 5, 'classifier__n_estimators': 110, 'classifier__scale_pos_weight': 10, 'classifier__subsample': 0.9}",0.8616948973466002,0.8827617983122085,0.8459411496279934,0.8719233052586807,0.8645186778984434,0.8653679656887853,0.01214192565670969,258
1.649033546447754,0.03828200825786834,0.12419524192810058,0.0042213189483734145,0.9,0.6,0.12,5,5,110,12,0.9,"{'classifier__colsample_bytree': 0.9, 'classifier__gamma': 0.6, 'classifier__learning_rate': 0.12, 'classifier__max_depth': 5, 'classifier__min_child_weight': 5, 'classifier__n_estimators': 110, 'classifier__scale_pos_weight': 12, 'classifier__subsample': 0.9}",0.8611230976046625,0.8828150875141084,0.845470533831154,0.8733379840384717,0.8632728255558285,0.8652039057088452,0.012538779732129645,271
1.8608582019805908,0.06984177981435269,0.1439140796661377,0.006952904428092912,0.9,0.6,0.12,5,5,130,8,0.9,"{'classifier__colsample_bytree': 0.9, 'classifier__gamma': 0.6, 'classifier__learning_rate': 0.12, 'classifier__max_depth': 5, 'classifier__min_child_weight': 5, 'classifier__n_estimators': 130, 'classifier__scale_pos_weight': 8, 'classifier__subsample': 0.9}",0.8621172232759885,0.882750711534473,0.8437420862369132,0.8724876727781966,0.8638770551921048,0.8649949498035353,0.012904442493435487,286
1.8768574237823485,0.06479438046695771,0.15074853897094725,0.013085289518881868,0.9,0.6,0.12,5,5,130,10,0.9,"{'classifier__colsample_bytree': 0.9, 'classifier__gamma': 0.6, 'classifier__learning_rate': 0.12, 'classifier__max_depth': 5, 'classifier__min_child_weight': 5, 'classifier__n_estimators': 130, 'classifier__scale_pos_weight': 10, 'classifier__subsample': 0.9}",0.8604864029729308,0.8827355425428567,0.8451724261509024,0.8712832014742988,0.864631620026473,0.8648618386334924,0.012390105680818206,293
1.9346521854400636,0.22045372957839043,0.15011000633239746,0.010432684252026864,0.9,0.6,0.12,5,5,130,12,0.9,"{'classifier__colsample_bytree': 0.9, 'classifier__gamma': 0.6, 'classifier__learning_rate': 0.12, 'classifier__max_depth': 5, 'classifier__min_child_weight': 5, 'classifier__n_estimators': 130, 'classifier__scale_pos_weight': 12, 'classifier__subsample': 0.9}",0.8595192945698801,0.8821198037217763,0.8442951917887458,0.8716853647858709,0.8625295420979132,0.8640298393928374,0.01263254607034074,344
1.5639111042022704,0.0787605833466876,0.13058595657348632,0.0020804860754662924,0.9,0.6,0.12,6,3,90,8,0.9,"{'classifier__colsample_bytree': 0.9, 'classifier__gamma': 0.6, 'classifier__learning_rate': 0.12, 'classifier__max_depth': 6, 'classifier__min_child_weight': 3, 'classifier__n_estimators': 90, 'classifier__scale_pos_weight': 8, 'classifier__subsample': 0.9}",0.8605983645006617,0.8814646083301058,0.8466930350851729,0.8725468096502004,0.8632145351111373,0.8649034705354556,0.011710664524301136,291
1.5430004596710205,0.04574983913433871,0.14011006355285643,0.016358908698251108,0.9,0.6,0.12,6,3,90,10,0.9,"{'classifier__colsample_bytree': 0.9, 'classifier__gamma': 0.6, 'classifier__learning_rate': 0.12, 'classifier__max_depth': 6, 'classifier__min_child_weight': 3, 'classifier__n_estimators': 90, 'classifier__scale_pos_weight': 10, 'classifier__subsample': 0.9}",0.8607158525816581,0.881787226828561,0.8477542210015455,0.8728984140485047,0.8623963803985478,0.8651104189717633,0.011547160817475734,278
1.585353469848633,0.09088390099772455,0.13613882064819335,0.014319643256908904,0.9,0.6,0.12,6,3,90,12,0.9,"{'classifier__colsample_bytree': 0.9, 'classifier__gamma': 0.6, 'classifier__learning_rate': 0.12, 'classifier__max_depth': 6, 'classifier__min_child_weight': 3, 'classifier__n_estimators': 90, 'classifier__scale_pos_weight': 12, 'classifier__subsample': 0.9}",0.8607925113893852,0.8816077314979401,0.8462072549582073,0.8732937867294194,0.8633618172124605,0.8650526203574824,0.011984520589246178,281
1.7830954551696778,0.05741565643805239,0.15805521011352539,0.011226867033117427,0.9,0.6,0.12,6,3,110,8,0.9,"{'classifier__colsample_bytree': 0.9, 'classifier__gamma': 0.6, 'classifier__learning_rate': 0.12, 'classifier__max_depth': 6, 'classifier__min_child_weight': 3, 'classifier__n_estimators': 110, 'classifier__scale_pos_weight': 8, 'classifier__subsample': 0.9}",0.8593773875670776,0.8812556111300446,0.8452635904015166,0.8720902642439045,0.8620956712527951,0.8640165049190676,0.012159401196361051,345
1.816267967224121,0.10045953478855411,0.1746757984161377,0.03276590475096541,0.9,0.6,0.12,6,3,110,10,0.9,"{'classifier__colsample_bytree': 0.9, 'classifier__gamma': 0.6, 'classifier__learning_rate': 0.12, 'classifier__max_depth': 6, 'classifier__min_child_weight': 3, 'classifier__n_estimators': 110, 'classifier__scale_pos_weight': 10, 'classifier__subsample': 0.9}",0.8595327788351927,0.8800830621462133,0.8466127688624288,0.8723596554630338,0.8611921530379434,0.8639560836689624,0.011477760760426163,349
1.763778066635132,0.04420311069295075,0.15155162811279296,0.0038300908086825137,0.9,0.6,0.12,6,3,110,12,0.9,"{'classifier__colsample_bytree': 0.9, 'classifier__gamma': 0.6, 'classifier__learning_rate': 0.12, 'classifier__max_depth': 6, 'classifier__min_child_weight': 3, 'classifier__n_estimators': 110, 'classifier__scale_pos_weight': 12, 'classifier__subsample': 0.9}",0.8598579960005566,0.8799268622044545,0.8456004161400456,0.8722742784233246,0.8622725799435993,0.863986426542396,0.011668869399515761,347
2.089516305923462,0.12186169109191473,0.19346065521240235,0.022991681583703464,0.9,0.6,0.12,6,3,130,8,0.9,"{'classifier__colsample_bytree': 0.9, 'classifier__gamma': 0.6, 'classifier__learning_rate': 0.12, 'classifier__max_depth': 6, 'classifier__min_child_weight': 3, 'classifier__n_estimators': 130, 'classifier__scale_pos_weight': 8, 'classifier__subsample': 0.9}",0.8577084078109456,0.8809779412223755,0.8441049257309582,0.8709100757852881,0.8611595797901787,0.8629721860679492,0.01244334141239157,391
2.0478542327880858,0.043554156800816916,0.17763657569885255,0.00019679546119348132,0.9,0.6,0.12,6,3,130,10,0.9,"{'classifier__colsample_bytree': 0.9, 'classifier__gamma': 0.6, 'classifier__learning_rate': 0.12, 'classifier__max_depth': 6, 'classifier__min_child_weight': 3, 'classifier__n_estimators': 130, 'classifier__scale_pos_weight': 10, 'classifier__subsample': 0.9}",0.8585853765827653,0.8798737591910955,0.8449649752727681,0.8722773093713684,0.8598084887233938,0.8631019818282782,0.012047215263298224,387
2.121815872192383,0.05720520269925603,0.21294617652893066,0.03470342438538998,0.9,0.6,0.12,6,3,130,12,0.9,"{'classifier__colsample_bytree': 0.9, 'classifier__gamma': 0.6, 'classifier__learning_rate': 0.12, 'classifier__max_depth': 6, 'classifier__min_child_weight': 3, 'classifier__n_estimators': 130, 'classifier__scale_pos_weight': 12, 'classifier__subsample': 0.9}",0.8587176792294346,0.8786976002062711,0.8437822681841748,0.8712148630661695,0.8603696400296856,0.8625564101431472,0.011895318814783834,404
1.5436154365539552,0.017491255726526798,0.1333174228668213,0.003987748886396811,0.9,0.6,0.12,6,5,90,8,0.9,"{'classifier__colsample_bytree': 0.9, 'classifier__gamma': 0.6, 'classifier__learning_rate': 0.12, 'classifier__max_depth': 6, 'classifier__min_child_weight': 5, 'classifier__n_estimators': 90, 'classifier__scale_pos_weight': 8, 'classifier__subsample': 0.9}",0.8602709639055526,0.8817557799982115,0.8466088285570823,0.8708952648771949,0.8624360094641734,0.864393369360443,0.011669132997354113,325
1.5864394187927247,0.05712619722459341,0.1372103214263916,0.006415798238480054,0.9,0.6,0.12,6,5,90,10,0.9,"{'classifier__colsample_bytree': 0.9, 'classifier__gamma': 0.6, 'classifier__learning_rate': 0.12, 'classifier__max_depth': 6, 'classifier__min_child_weight': 5, 'classifier__n_estimators': 90, 'classifier__scale_pos_weight': 10, 'classifier__subsample': 0.9}",0.8616615209652216,0.8814014419436672,0.8473260860910488,0.8721498886489737,0.86092247816608,0.8646922831629983,0.011487328816553533,302
1.5288323402404784,0.03950292479188041,0.135398530960083,0.009326662918966302,0.9,0.6,0.12,6,5,90,12,0.9,"{'classifier__colsample_bytree': 0.9, 'classifier__gamma': 0.6, 'classifier__learning_rate': 0.12, 'classifier__max_depth': 6, 'classifier__min_child_weight': 5, 'classifier__n_estimators': 90, 'classifier__scale_pos_weight': 12, 'classifier__subsample': 0.9}",0.861156536370553,0.8823468094039146,0.8477187032851928,0.8717371348529023,0.8622076380508092,0.8650333643926743,0.01155428864690349,282
1.8180570602416992,0.08580969580453615,0.16958236694335938,0.022721303574557362,0.9,0.6,0.12,6,5,110,8,0.9,"{'classifier__colsample_bytree': 0.9, 'classifier__gamma': 0.6, 'classifier__learning_rate': 0.12, 'classifier__max_depth': 6, 'classifier__min_child_weight': 5, 'classifier__n_estimators': 110, 'classifier__scale_pos_weight': 8, 'classifier__subsample': 0.9}",0.8586299601280833,0.8808086308058928,0.8456791292792397,0.8701419517501621,0.8623775760101727,0.8635274495947101,0.011715468520191428,371
1.8358989238739014,0.09213453346858609,0.1547764778137207,0.001585477775907396,0.9,0.6,0.12,6,5,110,10,0.9,"{'classifier__colsample_bytree': 0.9, 'classifier__gamma': 0.6, 'classifier__learning_rate': 0.12, 'classifier__max_depth': 6, 'classifier__min_child_weight': 5, 'classifier__n_estimators': 110, 'classifier__scale_pos_weight': 10, 'classifier__subsample': 0.9}",0.8602845187932945,0.8798132087860226,0.8465908198621163,0.8715050161304584,0.8602643582896253,0.8636915843723034,0.0112849156921149,363
1.8001015186309814,0.09471856312085623,0.1759284496307373,0.04311972331077681,0.9,0.6,0.12,6,5,110,12,0.9,"{'classifier__colsample_bytree': 0.9, 'classifier__gamma': 0.6, 'classifier__learning_rate': 0.12, 'classifier__max_depth': 6, 'classifier__min_child_weight': 5, 'classifier__n_estimators': 110, 'classifier__scale_pos_weight': 12, 'classifier__subsample': 0.9}",0.8611247561233015,0.8798371456067738,0.8465675825436237,0.8711965283720973,0.8618294129432328,0.8641110851178059,0.011130239493905209,341
2.0414114952087403,0.08221566662076082,0.177360200881958,0.002462368370601121,0.9,0.6,0.12,6,5,130,8,0.9,"{'classifier__colsample_bytree': 0.9, 'classifier__gamma': 0.6, 'classifier__learning_rate': 0.12, 'classifier__max_depth': 6, 'classifier__min_child_weight': 5, 'classifier__n_estimators': 130, 'classifier__scale_pos_weight': 8, 'classifier__subsample': 0.9}",0.8573599953780694,0.8795740211650881,0.8440817078515408,0.8693108752438022,0.8612821092001105,0.8623217417677222,0.011873396578280014,412
2.0357869148254393,0.09463196569503624,0.18700380325317384,0.018741300867855106,0.9,0.6,0.12,6,5,130,10,0.9,"{'classifier__colsample_bytree': 0.9, 'classifier__gamma': 0.6, 'classifier__learning_rate': 0.12, 'classifier__max_depth': 6, 'classifier__min_child_weight': 5, 'classifier__n_estimators': 130, 'classifier__scale_pos_weight': 10, 'classifier__subsample': 0.9}",0.8594309681791144,0.8785806228824453,0.8448879862214199,0.8702018140151448,0.8590076122831604,0.862421800716257,0.01139888199246445,408
2.0501803398132323,0.10548609117577994,0.17914352416992188,0.0058803082701460365,0.9,0.6,0.12,6,5,130,12,0.9,"{'classifier__colsample_bytree': 0.9, 'classifier__gamma': 0.6, 'classifier__learning_rate': 0.12, 'classifier__max_depth': 6, 'classifier__min_child_weight': 5, 'classifier__n_estimators': 130, 'classifier__scale_pos_weight': 12, 'classifier__subsample': 0.9}",0.8597897372363845,0.87885647358651,0.844536718807903,0.8692367216562653,0.8608146607382033,0.8626468624050533,0.011363759658595748,400
1.2393207550048828,0.018785769711524333,0.09504132270812989,0.006884587122164797,0.9,0.6,0.18,4,3,90,8,0.9,"{'classifier__colsample_bytree': 0.9, 'classifier__gamma': 0.6, 'classifier__learning_rate': 0.18, 'classifier__max_depth': 4, 'classifier__min_child_weight': 3, 'classifier__n_estimators': 90, 'classifier__scale_pos_weight': 8, 'classifier__subsample': 0.9}",0.8625921194341288,0.8823431025990052,0.8505922901781852,0.8719567469800155,0.8642323808404688,0.8663433280063607,0.010527355944807873,151
1.3172199726104736,0.06199795479913031,0.08891916275024414,0.0010298869754363082,0.9,0.6,0.18,4,3,90,10,0.9,"{'classifier__colsample_bytree': 0.9, 'classifier__gamma': 0.6, 'classifier__learning_rate': 0.18, 'classifier__max_depth': 4, 'classifier__min_child_weight': 3, 'classifier__n_estimators': 90, 'classifier__scale_pos_weight': 10, 'classifier__subsample': 0.9}",0.8616134409422379,0.8829299570767553,0.8488181050182321,0.8721031784261586,0.8628649767970313,0.865665931652083,0.011380703064677433,233
1.2431050777435302,0.02599313179548092,0.09879121780395508,0.007393060323534153,0.9,0.6,0.18,4,3,90,12,0.9,"{'classifier__colsample_bytree': 0.9, 'classifier__gamma': 0.6, 'classifier__learning_rate': 0.18, 'classifier__max_depth': 4, 'classifier__min_child_weight': 3, 'classifier__n_estimators': 90, 'classifier__scale_pos_weight': 12, 'classifier__subsample': 0.9}",0.8626583596075844,0.8823777074834983,0.8463862414451049,0.8719647072084298,0.8649128544767251,0.8656599740442685,0.011834499708861348,234
1.477292013168335,0.050122897125696675,0.10992469787597656,0.006403965100585526,0.9,0.6,0.18,4,3,110,8,0.9,"{'classifier__colsample_bytree': 0.9, 'classifier__gamma': 0.6, 'classifier__learning_rate': 0.18, 'classifier__max_depth': 4, 'classifier__min_child_weight': 3, 'classifier__n_estimators': 110, 'classifier__scale_pos_weight': 8, 'classifier__subsample': 0.9}",0.86114514186094,0.8804677160429459,0.848288673654739,0.8712623140111797,0.86281672847973,0.8647961148099069,0.01074387271450514,298
1.4681503772735596,0.0847025003149699,0.11262588500976563,0.02109589407855302,0.9,0.6,0.18,4,3,110,10,0.9,"{'classifier__colsample_bytree': 0.9, 'classifier__gamma': 0.6, 'classifier__learning_rate': 0.18, 'classifier__max_depth': 4, 'classifier__min_child_weight': 3, 'classifier__n_estimators': 110, 'classifier__scale_pos_weight': 10, 'classifier__subsample': 0.9}",0.8615779294382752,0.881849013208826,0.8466001820413537,0.870976376865665,0.8619027474584722,0.8645812498025183,0.011649776041271723,311
1.4502511024475098,0.04359932128521324,0.10645847320556641,0.003180676264714721,0.9,0.6,0.18,4,3,110,12,0.9,"{'classifier__colsample_bytree': 0.9, 'classifier__gamma': 0.6, 'classifier__learning_rate': 0.18, 'classifier__max_depth': 4, 'classifier__min_child_weight': 3, 'classifier__n_estimators': 110, 'classifier__scale_pos_weight': 12, 'classifier__subsample': 0.9}",0.8624535427823546,0.8816103807001782,0.8443402131488404,0.8706432601009626,0.8641746552001631,0.8646444103864998,0.01217465681521317,304
1.6657517910003663,0.05674668561425815,0.11953816413879395,0.005436069344019972,0.9,0.6,0.18,4,3,130,8,0.9,"{'classifier__colsample_bytree': 0.9, 'classifier__gamma': 0.6, 'classifier__learning_rate': 0.18, 'classifier__max_depth': 4, 'classifier__min_child_weight': 3, 'classifier__n_estimators': 130, 'classifier__scale_pos_weight': 8, 'classifier__subsample': 0.9}",0.8598483208915457,0.8791078296919718,0.8471649459388534,0.8701590641863218,0.8622317725413151,0.8637023866500015,0.010672580139116514,362
1.6606258392333983,0.03096601750640488,0.11886410713195801,0.000373938101274579,0.9,0.6,0.18,4,3,130,10,0.9,"{'classifier__colsample_bytree': 0.9, 'classifier__gamma': 0.6, 'classifier__learning_rate': 0.18, 'classifier__max_depth': 4, 'classifier__min_child_weight': 3, 'classifier__n_estimators': 130, 'classifier__scale_pos_weight': 10, 'classifier__subsample': 0.9}",0.8599671558870406,0.880000791510166,0.8448071749086044,0.8707287695388946,0.8606845247160295,0.8632376833121469,0.011781483588949359,383
1.688887596130371,0.06273927688228974,0.12489309310913085,0.006960704285160599,0.9,0.6,0.18,4,3,130,12,0.9,"{'classifier__colsample_bytree': 0.9, 'classifier__gamma': 0.6, 'classifier__learning_rate': 0.18, 'classifier__max_depth': 4, 'classifier__min_child_weight': 3, 'classifier__n_estimators': 130, 'classifier__scale_pos_weight': 12, 'classifier__subsample': 0.9}",0.8619082035408535,0.8806506434227831,0.8431785054953012,0.8686607412204729,0.8635405956675417,0.8635877378693904,0.012134561656455456,366
1.2430714607238769,0.030820833476831226,0.09765701293945313,0.007603946479415601,0.9,0.6,0.18,4,5,90,8,0.9,"{'classifier__colsample_bytree': 0.9, 'classifier__gamma': 0.6, 'classifier__learning_rate': 0.18, 'classifier__max_depth': 4, 'classifier__min_child_weight': 5, 'classifier__n_estimators': 90, 'classifier__scale_pos_weight': 8, 'classifier__subsample': 0.9}",0.8628816035872382,0.8832905891549748,0.8504321048918384,0.8724234955944198,0.863153548202352,0.8664362682861647,0.010949522007944265,126
1.2407248497009278,0.02663773698014901,0.09292383193969726,0.002480942384682105,0.9,0.6,0.18,4,5,90,10,0.9,"{'classifier__colsample_bytree': 0.9, 'classifier__gamma': 0.6, 'classifier__learning_rate': 0.18, 'classifier__max_depth': 4, 'classifier__min_child_weight': 5, 'classifier__n_estimators': 90, 'classifier__scale_pos_weight': 10, 'classifier__subsample': 0.9}",0.8623124284838697,0.8827202883804356,0.8460460504943006,0.874578444986236,0.863875046504574,0.8659064517698832,0.01240473875154425,206
1.3024730205535888,0.07173789367558606,0.0989145278930664,0.009255935412990732,0.9,0.6,0.18,4,5,90,12,0.9,"{'classifier__colsample_bytree': 0.9, 'classifier__gamma': 0.6, 'classifier__learning_rate': 0.18, 'classifier__max_depth': 4, 'classifier__min_child_weight': 5, 'classifier__n_estimators': 90, 'classifier__scale_pos_weight': 12, 'classifier__subsample': 0.9}",0.8631284178205727,0.8820591024345298,0.8495231447628983,0.8712539520668631,0.863295758745554,0.8658520751660836,0.010699860167507132,212
1.4463040351867675,0.07704651970562104,0.11124320030212402,0.008083877292131612,0.9,0.6,0.18,4,5,110,8,0.9,"{'classifier__colsample_bytree': 0.9, 'classifier__gamma': 0.6, 'classifier__learning_rate': 0.18, 'classifier__max_depth': 4, 'classifier__min_child_weight': 5, 'classifier__n_estimators': 110, 'classifier__scale_pos_weight': 8, 'classifier__subsample': 0.9}",0.8622588585617605,0.8819307893720055,0.8473963322248614,0.8720786622148035,0.861616879164564,0.865056304307599,0.011537692306040037,280
1.420438289642334,0.022497531239531084,0.10610957145690918,0.001213603930995685,0.9,0.6,0.18,4,5,110,10,0.9,"{'classifier__colsample_bytree': 0.9, 'classifier__gamma': 0.6, 'classifier__learning_rate': 0.18, 'classifier__max_depth': 4, 'classifier__min_child_weight': 5, 'classifier__n_estimators': 110, 'classifier__scale_pos_weight': 10, 'classifier__subsample': 0.9}",0.8621170410868075,0.8808608780267355,0.8448477885059278,0.8735026712553088,0.8627518062819475,0.8648160370313456,0.01219156358779724,297
1.502082395553589,0.08269190073400288,0.12380781173706054,0.022102090503672428,0.9,0.6,0.18,4,5,110,12,0.9,"{'classifier__colsample_bytree': 0.9, 'classifier__gamma': 0.6, 'classifier__learning_rate': 0.18, 'classifier__max_depth': 4, 'classifier__min_child_weight': 5, 'classifier__n_estimators': 110, 'classifier__scale_pos_weight': 12, 'classifier__subsample': 0.9}",0.8614503565937405,0.8810976811554593,0.8479144850960679,0.870023630591201,0.8618995773590704,0.8644771461591076,0.010928245335839387,321
1.6622369766235352,0.057886542183546344,0.12204127311706543,0.0031932546279162745,0.9,0.6,0.18,4,5,130,8,0.9,"{'classifier__colsample_bytree': 0.9, 'classifier__gamma': 0.6, 'classifier__learning_rate': 0.18, 'classifier__max_depth': 4, 'classifier__min_child_weight': 5, 'classifier__n_estimators': 130, 'classifier__scale_pos_weight': 8, 'classifier__subsample': 0.9}",0.8611048896081173,0.8807178520729164,0.8456147201153951,0.8711175480153032,0.8611081401056768,0.8639326299834817,0.011703729391533918,350
1.7127436637878417,0.1056852862831983,0.12342453002929688,0.005463451614281568,0.9,0.6,0.18,4,5,130,10,0.9,"{'classifier__colsample_bytree': 0.9, 'classifier__gamma': 0.6, 'classifier__learning_rate': 0.18, 'classifier__max_depth': 4, 'classifier__min_child_weight': 5, 'classifier__n_estimators': 130, 'classifier__scale_pos_weight': 10, 'classifier__subsample': 0.9}",0.861362270301741,0.8798937457116937,0.8435753114103685,0.8716573608591672,0.8614335298808267,0.8635844436327595,0.012174524084503903,367
1.6584037303924561,0.040977364516349604,0.12278218269348144,0.0032987278414035536,0.9,0.6,0.18,4,5,130,12,0.9,"{'classifier__colsample_bytree': 0.9, 'classifier__gamma': 0.6, 'classifier__learning_rate': 0.18, 'classifier__max_depth': 4, 'classifier__min_child_weight': 5, 'classifier__n_estimators': 130, 'classifier__scale_pos_weight': 12, 'classifier__subsample': 0.9}",0.8602140661706391,0.8807225138132498,0.846688450392635,0.8692890489899007,0.8607571541563451,0.8635342467045539,0.011234509074499662,370
1.3848702430725097,0.026204271890095117,0.12208924293518067,0.013415703138844005,0.9,0.6,0.18,5,3,90,8,0.9,"{'classifier__colsample_bytree': 0.9, 'classifier__gamma': 0.6, 'classifier__learning_rate': 0.18, 'classifier__max_depth': 5, 'classifier__min_child_weight': 3, 'classifier__n_estimators': 90, 'classifier__scale_pos_weight': 8, 'classifier__subsample': 0.9}",0.8609365786000549,0.8837718175411075,0.848087313035535,0.8695793198402577,0.86393662283299,0.865262330369989,0.011633472075968978,268
1.425852632522583,0.05300058729044181,0.12163910865783692,0.015431589170771075,0.9,0.6,0.18,5,3,90,10,0.9,"{'classifier__colsample_bytree': 0.9, 'classifier__gamma': 0.6, 'classifier__learning_rate': 0.18, 'classifier__max_depth': 5, 'classifier__min_child_weight': 3, 'classifier__n_estimators': 90, 'classifier__scale_pos_weight': 10, 'classifier__subsample': 0.9}",0.8604275277356257,0.8801230802409944,0.8475407392926466,0.871829123948076,0.8642783464796976,0.8648397635394082,0.01096786380400847,294
1.405884599685669,0.03477924088815219,0.10997657775878907,0.0007047829574163995,0.9,0.6,0.18,5,3,90,12,0.9,"{'classifier__colsample_bytree': 0.9, 'classifier__gamma': 0.6, 'classifier__learning_rate': 0.18, 'classifier__max_depth': 5, 'classifier__min_child_weight': 3, 'classifier__n_estimators': 90, 'classifier__scale_pos_weight': 12, 'classifier__subsample': 0.9}",0.8611775641038507,0.8779250111861647,0.8469564648811523,0.8685105056368648,0.8617911899950791,0.8632721471606224,0.010148190225150075,382
1.71445689201355,0.05121899510374531,0.128975772857666,0.00215700637521104,0.9,0.6,0.18,5,3,110,8,0.9,"{'classifier__colsample_bytree': 0.9, 'classifier__gamma': 0.6, 'classifier__learning_rate': 0.18, 'classifier__max_depth': 5, 'classifier__min_child_weight': 3, 'classifier__n_estimators': 110, 'classifier__scale_pos_weight': 8, 'classifier__subsample': 0.9}",0.8592501027768811,0.882393635937205,0.8458713680485628,0.8691579467494596,0.8622684676885068,0.8637883042401231,0.011990939966437648,356
1.6315474033355712,0.03009633696704062,0.13359804153442384,0.011440787638470442,0.9,0.6,0.18,5,3,110,10,0.9,"{'classifier__colsample_bytree': 0.9, 'classifier__gamma': 0.6, 'classifier__learning_rate': 0.18, 'classifier__max_depth': 5, 'classifier__min_child_weight': 3, 'classifier__n_estimators': 110, 'classifier__scale_pos_weight': 10, 'classifier__subsample': 0.9}",0.8591173494607747,0.8794239361877909,0.8467951740212261,0.8703378998861695,0.8625447025850533,0.8636438124282029,0.010948941851838307,364
1.6432044982910157,0.044317237138336935,0.15046110153198242,0.022558063104680077,0.9,0.6,0.18,5,3,110,12,0.9,"{'classifier__colsample_bytree': 0.9, 'classifier__gamma': 0.6, 'classifier__learning_rate': 0.18, 'classifier__max_depth': 5, 'classifier__min_child_weight': 3, 'classifier__n_estimators': 110, 'classifier__scale_pos_weight': 12, 'classifier__subsample': 0.9}",0.8607184817963758,0.8770889458856023,0.8452951284211857,0.8674026394807811,0.8605537844595694,0.8622117960087028,0.010386790421604711,416
1.8717267036437988,0.06119565710603043,0.14557228088378907,0.0009184907547154943,0.9,0.6,0.18,5,3,130,8,0.9,"{'classifier__colsample_bytree': 0.9, 'classifier__gamma': 0.6, 'classifier__learning_rate': 0.18, 'classifier__max_depth': 5, 'classifier__min_child_weight': 3, 'classifier__n_estimators': 130, 'classifier__scale_pos_weight': 8, 'classifier__subsample': 0.9}",0.8582734296932534,0.8808036870212148,0.8435271228429214,0.8691159916326605,0.8603696752854091,0.8624179812950918,0.012338029956839226,409
1.8362632751464845,0.049153928876133096,0.1608747959136963,0.01955104193495464,0.9,0.6,0.18,5,3,130,10,0.9,"{'classifier__colsample_bytree': 0.9, 'classifier__gamma': 0.6, 'classifier__learning_rate': 0.18, 'classifier__max_depth': 5, 'classifier__min_child_weight': 3, 'classifier__n_estimators': 130, 'classifier__scale_pos_weight': 10, 'classifier__subsample': 0.9}",0.8577518503346266,0.877903146661647,0.8452895484963059,0.8688944471783276,0.8604740021786366,0.8620625989699088,0.010954802753760267,420
1.862290382385254,0.04191192736983037,0.14631390571594238,0.0009680148996704538,0.9,0.6,0.18,5,3,130,12,0.9,"{'classifier__colsample_bytree': 0.9, 'classifier__gamma': 0.6, 'classifier__learning_rate': 0.18, 'classifier__max_depth': 5, 'classifier__min_child_weight': 3, 'classifier__n_estimators': 130, 'classifier__scale_pos_weight': 12, 'classifier__subsample': 0.9}",0.8590166586800516,0.8760914694275352,0.8440302559910394,0.8648127289712227,0.8586890540830883,0.8605280334305874,0.010377108605280912,451
1.4124428272247314,0.06931116805373583,0.10957818031311035,0.0020654899710204244,0.9,0.6,0.18,5,5,90,8,0.9,"{'classifier__colsample_bytree': 0.9, 'classifier__gamma': 0.6, 'classifier__learning_rate': 0.18, 'classifier__max_depth': 5, 'classifier__min_child_weight': 5, 'classifier__n_estimators': 90, 'classifier__scale_pos_weight': 8, 'classifier__subsample': 0.9}",0.8615426922778784,0.8822528267116004,0.8450541146836793,0.8702128858998482,0.8617082688552399,0.8641541576856492,0.012180999749677873,339
1.4271968364715577,0.052470723900219854,0.11339640617370605,0.005211846789170288,0.9,0.6,0.18,5,5,90,10,0.9,"{'classifier__colsample_bytree': 0.9, 'classifier__gamma': 0.6, 'classifier__learning_rate': 0.18, 'classifier__max_depth': 5, 'classifier__min_child_weight': 5, 'classifier__n_estimators': 90, 'classifier__scale_pos_weight': 10, 'classifier__subsample': 0.9}",0.8606379131939306,0.882535855167962,0.8453761647350141,0.8715074851769136,0.8631071620694124,0.8646329160686465,0.012303539116682314,307
1.4057906150817872,0.041167937557171144,0.11844282150268555,0.015142528019638382,0.9,0.6,0.18,5,5,90,12,0.9,"{'classifier__colsample_bytree': 0.9, 'classifier__gamma': 0.6, 'classifier__learning_rate': 0.18, 'classifier__max_depth': 5, 'classifier__min_child_weight': 5, 'classifier__n_estimators': 90, 'classifier__scale_pos_weight': 12, 'classifier__subsample': 0.9}",0.8591858240200501,0.8813924590893494,0.8456956838042202,0.8701647654722443,0.8642634009778178,0.8641404266727364,0.011821142331319055,340
1.6394851207733154,0.08514468057610122,0.13234481811523438,0.00814335749179706,0.9,0.6,0.18,5,5,110,8,0.9,"{'classifier__colsample_bytree': 0.9, 'classifier__gamma': 0.6, 'classifier__learning_rate': 0.18, 'classifier__max_depth': 5, 'classifier__min_child_weight': 5, 'classifier__n_estimators': 110, 'classifier__scale_pos_weight': 8, 'classifier__subsample': 0.9}",0.8598970935684778,0.8813031880653066,0.8435368415753887,0.8694191425271598,0.860343939289728,0.8629000410052121,0.012423037855659387,396
1.6002464294433594,0.047564608292960775,0.1329117774963379,0.011322571613647279,0.9,0.6,0.18,5,5,110,10,0.9,"{'classifier__colsample_bytree': 0.9, 'classifier__gamma': 0.6, 'classifier__learning_rate': 0.18, 'classifier__max_depth': 5, 'classifier__min_child_weight': 5, 'classifier__n_estimators': 110, 'classifier__scale_pos_weight': 10, 'classifier__subsample': 0.9}",0.8597112059922781,0.881038683244533,0.8440351426672288,0.8701989713777679,0.8625902603493988,0.8635148527262413,0.012219196223195668,373
1.6109549522399902,0.03019677907354868,0.12492208480834961,0.0032787408656640305,0.9,0.6,0.18,5,5,110,12,0.9,"{'classifier__colsample_bytree': 0.9, 'classifier__gamma': 0.6, 'classifier__learning_rate': 0.18, 'classifier__max_depth': 5, 'classifier__min_child_weight': 5, 'classifier__n_estimators': 110, 'classifier__scale_pos_weight': 12, 'classifier__subsample': 0.9}",0.8578480148587846,0.8804930267850676,0.8438367039686999,0.8689515855448751,0.8645917064757377,0.8631442075266328,0.01214604275252496,386
1.8797005653381347,0.07118610520251498,0.14474778175354003,0.0010627098741523581,0.9,0.6,0.18,5,5,130,8,0.9,"{'classifier__colsample_bytree': 0.9, 'classifier__gamma': 0.6, 'classifier__learning_rate': 0.18, 'classifier__max_depth': 5, 'classifier__min_child_weight': 5, 'classifier__n_estimators': 130, 'classifier__scale_pos_weight': 8, 'classifier__subsample': 0.9}",0.8588522483055236,0.8792001206786391,0.8428077201510512,0.8674346292462034,0.8582268963724478,0.861304322950773,0.011962004607372654,436
1.8107155323028565,0.04158701165637901,0.15638561248779298,0.014722302735141655,0.9,0.6,0.18,5,5,130,10,0.9,"{'classifier__colsample_bytree': 0.9, 'classifier__gamma': 0.6, 'classifier__learning_rate': 0.18, 'classifier__max_depth': 5, 'classifier__min_child_weight': 5, 'classifier__n_estimators': 130, 'classifier__scale_pos_weight': 10, 'classifier__subsample': 0.9}",0.8582386286002572,0.879184340828551,0.8417699679857564,0.8710062239051383,0.8618487649145532,0.8624095852468512,0.012641201054680614,410
1.8639729022979736,0.0651939004335186,0.15271530151367188,0.010827036902258816,0.9,0.6,0.18,5,5,130,12,0.9,"{'classifier__colsample_bytree': 0.9, 'classifier__gamma': 0.6, 'classifier__learning_rate': 0.18, 'classifier__max_depth': 5, 'classifier__min_child_weight': 5, 'classifier__n_estimators': 130, 'classifier__scale_pos_weight': 12, 'classifier__subsample': 0.9}",0.8563805711481995,0.8790231823071046,0.841960111830603,0.867816113728445,0.8627699474482791,0.8615899852925262,0.01230075828554401,429
1.5257927417755126,0.04926376152825225,0.15205183029174804,0.04118296443325205,0.9,0.6,0.18,6,3,90,8,0.9,"{'classifier__colsample_bytree': 0.9, 'classifier__gamma': 0.6, 'classifier__learning_rate': 0.18, 'classifier__max_depth': 6, 'classifier__min_child_weight': 3, 'classifier__n_estimators': 90, 'classifier__scale_pos_weight': 8, 'classifier__subsample': 0.9}",0.8574188662054298,0.878582064257531,0.842511865369454,0.8688644201341743,0.8590750392752763,0.8612904510483732,0.012073917290662444,438
1.56271390914917,0.04253995708612675,0.13999838829040528,0.014107877633006836,0.9,0.6,0.18,6,3,90,10,0.9,"{'classifier__colsample_bytree': 0.9, 'classifier__gamma': 0.6, 'classifier__learning_rate': 0.18, 'classifier__max_depth': 6, 'classifier__min_child_weight': 3, 'classifier__n_estimators': 90, 'classifier__scale_pos_weight': 10, 'classifier__subsample': 0.9}",0.8572332012537737,0.8791353847845846,0.8402527742584809,0.8668794751712864,0.8597104087083058,0.8606422488352863,0.01272100369121231,447
1.5199485778808595,0.040822197853285926,0.13635334968566895,0.004028080912022896,0.9,0.6,0.18,6,3,90,12,0.9,"{'classifier__colsample_bytree': 0.9, 'classifier__gamma': 0.6, 'classifier__learning_rate': 0.18, 'classifier__max_depth': 6, 'classifier__min_child_weight': 3, 'classifier__n_estimators': 90, 'classifier__scale_pos_weight': 12, 'classifier__subsample': 0.9}",0.8566216720348621,0.8764934086845971,0.8400875257320631,0.8643268698926253,0.8609668739067018,0.85969927005017,0.011825030376738732,462
1.7898877143859864,0.04909634109037171,0.163185453414917,0.01609326419377893,0.9,0.6,0.18,6,3,110,8,0.9,"{'classifier__colsample_bytree': 0.9, 'classifier__gamma': 0.6, 'classifier__learning_rate': 0.18, 'classifier__max_depth': 6, 'classifier__min_child_weight': 3, 'classifier__n_estimators': 110, 'classifier__scale_pos_weight': 8, 'classifier__subsample': 0.9}",0.8562240027302894,0.8782128141416903,0.8408915380567027,0.8673513606165152,0.8576604445589329,0.860068032020826,0.012414434767444273,457
1.7843607902526855,0.017919384871432652,0.1562351703643799,0.011301994739569802,0.9,0.6,0.18,6,3,110,10,0.9,"{'classifier__colsample_bytree': 0.9, 'classifier__gamma': 0.6, 'classifier__learning_rate': 0.18, 'classifier__max_depth': 6, 'classifier__min_child_weight': 3, 'classifier__n_estimators': 110, 'classifier__scale_pos_weight': 10, 'classifier__subsample': 0.9}",0.8556352881022548,0.8785350662956773,0.838484683276521,0.8663689784315288,0.858021109833347,0.8594090251878658,0.013177570964765524,466
1.8030786991119385,0.05842106913175381,0.1667508602142334,0.017717038308710145,0.9,0.6,0.18,6,3,110,12,0.9,"{'classifier__colsample_bytree': 0.9, 'classifier__gamma': 0.6, 'classifier__learning_rate': 0.18, 'classifier__max_depth': 6, 'classifier__min_child_weight': 3, 'classifier__n_estimators': 110, 'classifier__scale_pos_weight': 12, 'classifier__subsample': 0.9}",0.8553338749006311,0.8747262772236593,0.83774840132593,0.8645559165406169,0.8598290510173136,0.8584387042016302,0.012184966016305606,476
2.057374668121338,0.04334999040631645,0.18026294708251953,0.00552181533483626,0.9,0.6,0.18,6,3,130,8,0.9,"{'classifier__colsample_bytree': 0.9, 'classifier__gamma': 0.6, 'classifier__learning_rate': 0.18, 'classifier__max_depth': 6, 'classifier__min_child_weight': 3, 'classifier__n_estimators': 130, 'classifier__scale_pos_weight': 8, 'classifier__subsample': 0.9}",0.8541414093370431,0.8765682473376856,0.8398946144024338,0.8648876611615108,0.8566505193779175,0.8584284903233181,0.012131087941100386,477
2.0924747467041014,0.07278933539274958,0.18782444000244142,0.014991222192060547,0.9,0.6,0.18,6,3,130,10,0.9,"{'classifier__colsample_bytree': 0.9, 'classifier__gamma': 0.6, 'classifier__learning_rate': 0.18, 'classifier__max_depth': 6, 'classifier__min_child_weight': 3, 'classifier__n_estimators': 130, 'classifier__scale_pos_weight': 10, 'classifier__subsample': 0.9}",0.8554829164041231,0.8770885887310581,0.8373488792773993,0.8652663826757728,0.8558795846718177,0.8582132703520342,0.01307094314738624,480
2.068788766860962,0.03833613508739769,0.18885703086853028,0.007192670112340764,0.9,0.6,0.18,6,3,130,12,0.9,"{'classifier__colsample_bytree': 0.9, 'classifier__gamma': 0.6, 'classifier__learning_rate': 0.18, 'classifier__max_depth': 6, 'classifier__min_child_weight': 3, 'classifier__n_estimators': 130, 'classifier__scale_pos_weight': 12, 'classifier__subsample': 0.9}",0.8531975747108029,0.8732977659771465,0.8372049907847231,0.8628375054451047,0.8580938465158882,0.856926336686733,0.011892550965726376,485
1.5507336139678956,0.0723101409123499,0.14719138145446778,0.022016307559279937,0.9,0.6,0.18,6,5,90,8,0.9,"{'classifier__colsample_bytree': 0.9, 'classifier__gamma': 0.6, 'classifier__learning_rate': 0.18, 'classifier__max_depth': 6, 'classifier__min_child_weight': 5, 'classifier__n_estimators': 90, 'classifier__scale_pos_weight': 8, 'classifier__subsample': 0.9}",0.8576155942058059,0.8796087794047672,0.8413376782347378,0.8678083276544455,0.8613407732138635,0.8615422305427239,0.012564610242598268,431
1.5279966831207275,0.04838246719956808,0.14177398681640624,0.013378149520339862,0.9,0.6,0.18,6,5,90,10,0.9,"{'classifier__colsample_bytree': 0.9, 'classifier__gamma': 0.6, 'classifier__learning_rate': 0.18, 'classifier__max_depth': 6, 'classifier__min_child_weight': 5, 'classifier__n_estimators': 90, 'classifier__scale_pos_weight': 10, 'classifier__subsample': 0.9}",0.8570421536355824,0.8757497719899417,0.8419482782207973,0.8661984099733394,0.8619829424278348,0.8605843112494991,0.011165250384408196,450
1.5288323402404784,0.03987577064797871,0.14503836631774902,0.023293064929986864,0.9,0.6,0.18,6,5,90,12,0.9,"{'classifier__colsample_bytree': 0.9, 'classifier__gamma': 0.6, 'classifier__learning_rate': 0.18, 'classifier__max_depth': 6, 'classifier__min_child_weight': 5, 'classifier__n_estimators': 90, 'classifier__scale_pos_weight': 12, 'classifier__subsample': 0.9}",0.8594106167012546,0.8778700171342534,0.8439272702735915,0.868222120909317,0.8609872242150443,0.8620834498466922,0.011179370228141796,418
1.8195086002349854,0.07129860678784469,0.16664338111877441,0.02141530213599129,0.9,0.6,0.18,6,5,110,8,0.9,"{'classifier__colsample_bytree': 0.9, 'classifier__gamma': 0.6, 'classifier__learning_rate': 0.18, 'classifier__max_depth': 6, 'classifier__min_child_weight': 5, 'classifier__n_estimators': 110, 'classifier__scale_pos_weight': 8, 'classifier__subsample': 0.9}",0.8567621795054932,0.879688743748986,0.8408400060046943,0.868052347750489,0.8594676881863577,0.860962193039204,0.012850914868648982,441
1.8797968864440917,0.16249683128643017,0.1562344551086426,0.008183007158602951,0.9,0.6,0.18,6,5,110,10,0.9,"{'classifier__colsample_bytree': 0.9, 'classifier__gamma': 0.6, 'classifier__learning_rate': 0.18, 'classifier__max_depth': 6, 'classifier__min_child_weight': 5, 'classifier__n_estimators': 110, 'classifier__scale_pos_weight': 10, 'classifier__subsample': 0.9}",0.8561601918445971,0.8755433362651888,0.8387350563896796,0.8663940559087897,0.8610083488977378,0.8595681978611985,0.012243412177183836,464
1.8169468879699706,0.07814792377086963,0.16499228477478028,0.01690112649880881,0.9,0.6,0.18,6,5,110,12,0.9,"{'classifier__colsample_bytree': 0.9, 'classifier__gamma': 0.6, 'classifier__learning_rate': 0.18, 'classifier__max_depth': 6, 'classifier__min_child_weight': 5, 'classifier__n_estimators': 110, 'classifier__scale_pos_weight': 12, 'classifier__subsample': 0.9}",0.8580502465932561,0.8757554957502106,0.8433866551659802,0.8676353916569258,0.8587638052519101,0.8607183188836565,0.010819314991004147,444
1.9973433494567872,0.03745834531058688,0.18800930976867675,0.012691161334264631,0.9,0.6,0.18,6,5,130,8,0.9,"{'classifier__colsample_bytree': 0.9, 'classifier__gamma': 0.6, 'classifier__learning_rate': 0.18, 'classifier__max_depth': 6, 'classifier__min_child_weight': 5, 'classifier__n_estimators': 130, 'classifier__scale_pos_weight': 8, 'classifier__subsample': 0.9}",0.8551002840859933,0.8767815020844987,0.8376183268783903,0.8674293121657307,0.8579795466402472,0.858981794370972,0.013119897236582906,470
2.0457819938659667,0.07027871603159282,0.18832550048828126,0.01887450661437399,0.9,0.6,0.18,6,5,130,10,0.9,"{'classifier__colsample_bytree': 0.9, 'classifier__gamma': 0.6, 'classifier__learning_rate': 0.18, 'classifier__max_depth': 6, 'classifier__min_child_weight': 5, 'classifier__n_estimators': 130, 'classifier__scale_pos_weight': 10, 'classifier__subsample': 0.9}",0.8544249361265832,0.873751013444193,0.8366523120897714,0.864521192614316,0.8606036722049175,0.8579906252959562,0.012376622382289681,482
1.8790077209472655,0.2820626184012883,0.1636213779449463,0.037467226100224765,0.9,0.6,0.18,6,5,130,12,0.9,"{'classifier__colsample_bytree': 0.9, 'classifier__gamma': 0.6, 'classifier__learning_rate': 0.18, 'classifier__max_depth': 6, 'classifier__min_child_weight': 5, 'classifier__n_estimators': 130, 'classifier__scale_pos_weight': 12, 'classifier__subsample': 0.9}",0.8558193549256319,0.8751615180997103,0.84183175827412,0.8660477452318722,0.857758853081447,0.8593238459225564,0.01110627274969998,467
