mean_fit_time,std_fit_time,mean_score_time,std_score_time,param_classifier__colsample_bytree,param_classifier__gamma,param_classifier__learning_rate,param_classifier__max_depth,param_classifier__min_child_weight,param_classifier__n_estimators,param_classifier__scale_pos_weight,param_classifier__subsample,params,split0_test_score,split1_test_score,split2_test_score,split3_test_score,split4_test_score,mean_test_score,std_test_score,rank_test_score
1.698540210723877,0.04240641293810401,0.10123815536499023,0.0031331951520740496,0.9,0.5,0.08,4,5,90,8,0.9,"{'classifier__colsample_bytree': 0.9, 'classifier__gamma': 0.5, 'classifier__learning_rate': 0.08, 'classifier__max_depth': 4, 'classifier__min_child_weight': 5, 'classifier__n_estimators': 90, 'classifier__scale_pos_weight': 8, 'classifier__subsample': 0.9}",0.8615837090963945,0.8838475915369335,0.8467535707219361,0.8742385998205806,0.8631743715811595,0.8659195685514008,0.012524308730188774,56
1.7793414115905761,0.0685032588393521,0.1044386386871338,0.01286849193749592,0.9,0.5,0.08,4,5,90,10,0.9,"{'classifier__colsample_bytree': 0.9, 'classifier__gamma': 0.5, 'classifier__learning_rate': 0.08, 'classifier__max_depth': 4, 'classifier__min_child_weight': 5, 'classifier__n_estimators': 90, 'classifier__scale_pos_weight': 10, 'classifier__subsample': 0.9}",0.8613014232898545,0.883824111864733,0.8451028749707182,0.873123450987059,0.8630384007927892,0.8652780523810307,0.012910259512214141,101
1.7836460590362548,0.05627477232547711,0.12032160758972169,0.028094424850582462,0.9,0.5,0.08,4,5,90,12,0.9,"{'classifier__colsample_bytree': 0.9, 'classifier__gamma': 0.5, 'classifier__learning_rate': 0.08, 'classifier__max_depth': 4, 'classifier__min_child_weight': 5, 'classifier__n_estimators': 90, 'classifier__scale_pos_weight': 12, 'classifier__subsample': 0.9}",0.8615120923885795,0.8831421372871237,0.8471510469480827,0.8729418892660488,0.862603148148337,0.8654700628076343,0.012063179337119954,88
2.1216620445251464,0.05453749944777078,0.10958476066589355,0.0031312115428230505,0.9,0.5,0.08,4,5,110,8,0.9,"{'classifier__colsample_bytree': 0.9, 'classifier__gamma': 0.5, 'classifier__learning_rate': 0.08, 'classifier__max_depth': 4, 'classifier__min_child_weight': 5, 'classifier__n_estimators': 110, 'classifier__scale_pos_weight': 8, 'classifier__subsample': 0.9}",0.8627514708783556,0.8846335473489274,0.8468512249050535,0.8746367814137773,0.8633960576362967,0.8664538164364821,0.012686862323904102,11
1.9711737632751465,0.049750100923669736,0.11002674102783203,0.007143587422261278,0.9,0.5,0.08,4,5,110,10,0.9,"{'classifier__colsample_bytree': 0.9, 'classifier__gamma': 0.5, 'classifier__learning_rate': 0.08, 'classifier__max_depth': 4, 'classifier__min_child_weight': 5, 'classifier__n_estimators': 110, 'classifier__scale_pos_weight': 10, 'classifier__subsample': 0.9}",0.862140447099364,0.8843069709280492,0.8465885291766704,0.8736567443730926,0.8638272176919656,0.8661039818538283,0.0125709123686516,37
1.992183017730713,0.0635140475763451,0.11876420974731446,0.013655150354489293,0.9,0.5,0.08,4,5,110,12,0.9,"{'classifier__colsample_bytree': 0.9, 'classifier__gamma': 0.5, 'classifier__learning_rate': 0.08, 'classifier__max_depth': 4, 'classifier__min_child_weight': 5, 'classifier__n_estimators': 110, 'classifier__scale_pos_weight': 12, 'classifier__subsample': 0.9}",0.8620730747366459,0.8846295921929495,0.8470795919616577,0.8737842476150353,0.8628638648288465,0.866086074267027,0.012576621950934574,42
2.2527984142303468,0.03159860608923232,0.12546844482421876,0.008360454778464182,0.9,0.5,0.08,4,5,130,8,0.9,"{'classifier__colsample_bytree': 0.9, 'classifier__gamma': 0.5, 'classifier__learning_rate': 0.08, 'classifier__max_depth': 4, 'classifier__min_child_weight': 5, 'classifier__n_estimators': 130, 'classifier__scale_pos_weight': 8, 'classifier__subsample': 0.9}",0.8628494231253094,0.8836505720151687,0.8462297740548068,0.8755605552079968,0.8637458615147917,0.8664072371836147,0.012712095079938961,15
2.257140350341797,0.0755319383722597,0.13024334907531737,0.00913745289351177,0.9,0.5,0.08,4,5,130,10,0.9,"{'classifier__colsample_bytree': 0.9, 'classifier__gamma': 0.5, 'classifier__learning_rate': 0.08, 'classifier__max_depth': 4, 'classifier__min_child_weight': 5, 'classifier__n_estimators': 130, 'classifier__scale_pos_weight': 10, 'classifier__subsample': 0.9}",0.8623320439339783,0.8840474661191803,0.8457075147714237,0.8740167272567734,0.8642435616909424,0.8660694627544597,0.012792800771128623,46
2.2570892810821532,0.0861209913433553,0.1243250846862793,0.005757955097919579,0.9,0.5,0.08,4,5,130,12,0.9,"{'classifier__colsample_bytree': 0.9, 'classifier__gamma': 0.5, 'classifier__learning_rate': 0.08, 'classifier__max_depth': 4, 'classifier__min_child_weight': 5, 'classifier__n_estimators': 130, 'classifier__scale_pos_weight': 12, 'classifier__subsample': 0.9}",0.8623237684181693,0.8846134291208848,0.8460051047840017,0.8740726172599647,0.8633949639418719,0.8660819767049783,0.012897209142829585,44
1.8663869857788087,0.0928350288630318,0.11552467346191406,0.0057559614626338865,0.9,0.5,0.08,5,5,90,8,0.9,"{'classifier__colsample_bytree': 0.9, 'classifier__gamma': 0.5, 'classifier__learning_rate': 0.08, 'classifier__max_depth': 5, 'classifier__min_child_weight': 5, 'classifier__n_estimators': 90, 'classifier__scale_pos_weight': 8, 'classifier__subsample': 0.9}",0.8629929491494247,0.8847812248142523,0.8476535445057345,0.8734660483021794,0.8645614387685612,0.8666910411080304,0.012278378037400797,3
1.8985252857208252,0.06691294112878043,0.11343865394592285,0.0019057249871348486,0.9,0.5,0.08,5,5,90,10,0.9,"{'classifier__colsample_bytree': 0.9, 'classifier__gamma': 0.5, 'classifier__learning_rate': 0.08, 'classifier__max_depth': 5, 'classifier__min_child_weight': 5, 'classifier__n_estimators': 90, 'classifier__scale_pos_weight': 10, 'classifier__subsample': 0.9}",0.8622632970792992,0.8847287971403075,0.8470350089703496,0.8742394226078303,0.8635584544437361,0.8663649960483045,0.012630002334381678,20
1.8700661659240723,0.10351831358759565,0.12192363739013672,0.018133162587827777,0.9,0.5,0.08,5,5,90,12,0.9,"{'classifier__colsample_bytree': 0.9, 'classifier__gamma': 0.5, 'classifier__learning_rate': 0.08, 'classifier__max_depth': 5, 'classifier__min_child_weight': 5, 'classifier__n_estimators': 90, 'classifier__scale_pos_weight': 12, 'classifier__subsample': 0.9}",0.8623176800547272,0.8840273785587526,0.84702621303479,0.8736636612970955,0.8637979738414379,0.8661665813573606,0.012344977331834924,31
2.2044942378997803,0.07903559924047679,0.13970322608947755,0.012564839654418085,0.9,0.5,0.08,5,5,110,8,0.9,"{'classifier__colsample_bytree': 0.9, 'classifier__gamma': 0.5, 'classifier__learning_rate': 0.08, 'classifier__max_depth': 5, 'classifier__min_child_weight': 5, 'classifier__n_estimators': 110, 'classifier__scale_pos_weight': 8, 'classifier__subsample': 0.9}",0.8625770368424162,0.8835683854479034,0.8473849654198278,0.8736154188597216,0.8647706520400394,0.8663832917219816,0.012047038594943176,18
2.1906378269195557,0.06880881104708908,0.12844748497009278,0.003491347890682957,0.9,0.5,0.08,5,5,110,10,0.9,"{'classifier__colsample_bytree': 0.9, 'classifier__gamma': 0.5, 'classifier__learning_rate': 0.08, 'classifier__max_depth': 5, 'classifier__min_child_weight': 5, 'classifier__n_estimators': 110, 'classifier__scale_pos_weight': 10, 'classifier__subsample': 0.9}",0.8621995673412124,0.883155992909556,0.8460033504731658,0.8740764276741841,0.8630051137198026,0.8656880904235841,0.012508788616761407,70
2.2103837013244627,0.046350677556799544,0.14400882720947267,0.028979001906668335,0.9,0.5,0.08,5,5,110,12,0.9,"{'classifier__colsample_bytree': 0.9, 'classifier__gamma': 0.5, 'classifier__learning_rate': 0.08, 'classifier__max_depth': 5, 'classifier__min_child_weight': 5, 'classifier__n_estimators': 110, 'classifier__scale_pos_weight': 12, 'classifier__subsample': 0.9}",0.8621900233466465,0.8841458124328554,0.8462823926101252,0.8734028352776831,0.8630719970095246,0.8658186121353669,0.012615713503423236,62
2.4662023067474363,0.05179492033602319,0.16471686363220214,0.027794584278124458,0.9,0.5,0.08,5,5,130,8,0.9,"{'classifier__colsample_bytree': 0.9, 'classifier__gamma': 0.5, 'classifier__learning_rate': 0.08, 'classifier__max_depth': 5, 'classifier__min_child_weight': 5, 'classifier__n_estimators': 130, 'classifier__scale_pos_weight': 8, 'classifier__subsample': 0.9}",0.8620508081047817,0.8827215372325858,0.8464288029415228,0.8732030603817269,0.8639753870420848,0.8656759191405404,0.01211359296676738,71
2.5107873916625976,0.05738961090547906,0.1481250762939453,0.005461456939592424,0.9,0.5,0.08,5,5,130,10,0.9,"{'classifier__colsample_bytree': 0.9, 'classifier__gamma': 0.5, 'classifier__learning_rate': 0.08, 'classifier__max_depth': 5, 'classifier__min_child_weight': 5, 'classifier__n_estimators': 130, 'classifier__scale_pos_weight': 10, 'classifier__subsample': 0.9}",0.863205302818221,0.8831512206165282,0.8458706458691495,0.8735980096222016,0.8630319057088838,0.8657714169269969,0.012437392665133306,67
2.4945624351501463,0.05828568490236618,0.15850653648376464,0.016707427513380793,0.9,0.5,0.08,5,5,130,12,0.9,"{'classifier__colsample_bytree': 0.9, 'classifier__gamma': 0.5, 'classifier__learning_rate': 0.08, 'classifier__max_depth': 5, 'classifier__min_child_weight': 5, 'classifier__n_estimators': 130, 'classifier__scale_pos_weight': 12, 'classifier__subsample': 0.9}",0.8625930888888144,0.884141024492051,0.8468213694123501,0.8733726476281712,0.8629419405702278,0.865974014198323,0.012427614158590613,50
2.0002708435058594,0.04823512292141167,0.14647250175476073,0.018375991697718887,0.9,0.5,0.08,6,5,90,8,0.9,"{'classifier__colsample_bytree': 0.9, 'classifier__gamma': 0.5, 'classifier__learning_rate': 0.08, 'classifier__max_depth': 6, 'classifier__min_child_weight': 5, 'classifier__n_estimators': 90, 'classifier__scale_pos_weight': 8, 'classifier__subsample': 0.9}",0.8631814536103584,0.8836547898456215,0.8476434812534964,0.8737669771111386,0.8646248696377387,0.8665743142916706,0.011976354379897395,7
2.059765434265137,0.08628251354262473,0.14617438316345216,0.020950469506185326,0.9,0.5,0.08,6,5,90,10,0.9,"{'classifier__colsample_bytree': 0.9, 'classifier__gamma': 0.5, 'classifier__learning_rate': 0.08, 'classifier__max_depth': 6, 'classifier__min_child_weight': 5, 'classifier__n_estimators': 90, 'classifier__scale_pos_weight': 10, 'classifier__subsample': 0.9}",0.8618980926537845,0.8847093527637371,0.8472453530699062,0.8732340915615425,0.8642889841126353,0.8662751748323212,0.012437711657159841,27
2.037490797042847,0.0809519712125274,0.1403362274169922,0.007050987892333331,0.9,0.5,0.08,6,5,90,12,0.9,"{'classifier__colsample_bytree': 0.9, 'classifier__gamma': 0.5, 'classifier__learning_rate': 0.08, 'classifier__max_depth': 6, 'classifier__min_child_weight': 5, 'classifier__n_estimators': 90, 'classifier__scale_pos_weight': 12, 'classifier__subsample': 0.9}",0.8625847139850324,0.8840954896943963,0.8483586312387706,0.8724987922099091,0.8641576558740447,0.8663390566004306,0.011793070446565263,23
2.3922911167144774,0.13598400845417652,0.16648588180541993,0.00854584428505659,0.9,0.5,0.08,6,5,110,8,0.9,"{'classifier__colsample_bytree': 0.9, 'classifier__gamma': 0.5, 'classifier__learning_rate': 0.08, 'classifier__max_depth': 6, 'classifier__min_child_weight': 5, 'classifier__n_estimators': 110, 'classifier__scale_pos_weight': 8, 'classifier__subsample': 0.9}",0.8625346901130377,0.8836746676540713,0.8473083219106741,0.8722460287040924,0.8633582085553367,0.8658243833874424,0.011996822993825923,60
2.3668720722198486,0.06756195086114875,0.1712134838104248,0.01794890651823948,0.9,0.5,0.08,6,5,110,10,0.9,"{'classifier__colsample_bytree': 0.9, 'classifier__gamma': 0.5, 'classifier__learning_rate': 0.08, 'classifier__max_depth': 6, 'classifier__min_child_weight': 5, 'classifier__n_estimators': 110, 'classifier__scale_pos_weight': 10, 'classifier__subsample': 0.9}",0.861732611435132,0.8831209115815504,0.8458307243492927,0.8729780971889385,0.8638844654888909,0.8655093620087608,0.012410492313158038,86
2.383354663848877,0.0547680921025319,0.17967753410339354,0.010786930866285346,0.9,0.5,0.08,6,5,110,12,0.9,"{'classifier__colsample_bytree': 0.9, 'classifier__gamma': 0.5, 'classifier__learning_rate': 0.08, 'classifier__max_depth': 6, 'classifier__min_child_weight': 5, 'classifier__n_estimators': 110, 'classifier__scale_pos_weight': 12, 'classifier__subsample': 0.9}",0.8612572807990271,0.8837194665404718,0.8475142173565814,0.8719439944822298,0.86308555111191,0.8655041020580441,0.01200660275614865,87
2.7441238880157472,0.07086531061085871,0.1951683521270752,0.02225201841164473,0.9,0.5,0.08,6,5,130,8,0.9,"{'classifier__colsample_bytree': 0.9, 'classifier__gamma': 0.5, 'classifier__learning_rate': 0.08, 'classifier__max_depth': 6, 'classifier__min_child_weight': 5, 'classifier__n_estimators': 130, 'classifier__scale_pos_weight': 8, 'classifier__subsample': 0.9}",0.8621912628631536,0.8828498450648019,0.8465451156433842,0.8715798079212397,0.8625120302414961,0.8651356123468151,0.011970636090149851,113
2.711197853088379,0.07969923897964394,0.18460392951965332,0.0019306495992219956,0.9,0.5,0.08,6,5,130,10,0.9,"{'classifier__colsample_bytree': 0.9, 'classifier__gamma': 0.5, 'classifier__learning_rate': 0.08, 'classifier__max_depth': 6, 'classifier__min_child_weight': 5, 'classifier__n_estimators': 130, 'classifier__scale_pos_weight': 10, 'classifier__subsample': 0.9}",0.861207171104251,0.8820646913210619,0.8454016036533045,0.8726460606216313,0.8630609055623185,0.8648760864525136,0.012262397299952201,123
2.7489936351776123,0.0549915919783963,0.19870243072509766,0.009110835501363799,0.9,0.5,0.08,6,5,130,12,0.9,"{'classifier__colsample_bytree': 0.9, 'classifier__gamma': 0.5, 'classifier__learning_rate': 0.08, 'classifier__max_depth': 6, 'classifier__min_child_weight': 5, 'classifier__n_estimators': 130, 'classifier__scale_pos_weight': 12, 'classifier__subsample': 0.9}",0.8611312527743653,0.8828976589891382,0.846992594279251,0.8714969628619922,0.8629160888125009,0.8650869115434494,0.011883396041238082,116
1.7292708873748779,0.04926774236927726,0.12016654014587402,0.0392249396847353,0.9,0.5,0.1,4,5,90,8,0.9,"{'classifier__colsample_bytree': 0.9, 'classifier__gamma': 0.5, 'classifier__learning_rate': 0.1, 'classifier__max_depth': 4, 'classifier__min_child_weight': 5, 'classifier__n_estimators': 90, 'classifier__scale_pos_weight': 8, 'classifier__subsample': 0.9}",0.8623495429314042,0.8844267517341308,0.8476121848516199,0.8746529288381454,0.8648054532384919,0.8667693723187584,0.012363844166205158,2
1.7080392837524414,0.04208522747608312,0.10142698287963867,0.011347962233253045,0.9,0.5,0.1,4,5,90,10,0.9,"{'classifier__colsample_bytree': 0.9, 'classifier__gamma': 0.5, 'classifier__learning_rate': 0.1, 'classifier__max_depth': 4, 'classifier__min_child_weight': 5, 'classifier__n_estimators': 90, 'classifier__scale_pos_weight': 10, 'classifier__subsample': 0.9}",0.8633668020144621,0.8848709884574053,0.8467194618813333,0.8736176593934413,0.8630883157735262,0.8663326455040335,0.012654963150071488,24
1.9131650924682617,0.29049738272294207,0.09909086227416992,0.0062495271685607924,0.9,0.5,0.1,4,5,90,12,0.9,"{'classifier__colsample_bytree': 0.9, 'classifier__gamma': 0.5, 'classifier__learning_rate': 0.1, 'classifier__max_depth': 4, 'classifier__min_child_weight': 5, 'classifier__n_estimators': 90, 'classifier__scale_pos_weight': 12, 'classifier__subsample': 0.9}",0.8633404810012723,0.8832817141487179,0.8458859775985433,0.8729819136054453,0.8636207853087033,0.8658221743325365,0.012365712698344817,61
1.985020065307617,0.06095977585289879,0.11247286796569825,0.004270778956095454,0.9,0.5,0.1,4,5,110,8,0.9,"{'classifier__colsample_bytree': 0.9, 'classifier__gamma': 0.5, 'classifier__learning_rate': 0.1, 'classifier__max_depth': 4, 'classifier__min_child_weight': 5, 'classifier__n_estimators': 110, 'classifier__scale_pos_weight': 8, 'classifier__subsample': 0.9}",0.8628079642827114,0.8840602170874776,0.8477191042269073,0.8746793878777042,0.8651645640396953,0.8668862475028991,0.012187323229711887,1
1.9923880577087403,0.06894769929185406,0.13527240753173828,0.04753685195258608,0.9,0.5,0.1,4,5,110,10,0.9,"{'classifier__colsample_bytree': 0.9, 'classifier__gamma': 0.5, 'classifier__learning_rate': 0.1, 'classifier__max_depth': 4, 'classifier__min_child_weight': 5, 'classifier__n_estimators': 110, 'classifier__scale_pos_weight': 10, 'classifier__subsample': 0.9}",0.8633446403170764,0.8846183348215941,0.8467119512040363,0.8736257779215089,0.8637364167650771,0.8664074242058586,0.012555225832155759,14
2.0219938278198244,0.10339117507963326,0.11497435569763184,0.007028475707266781,0.9,0.5,0.1,4,5,110,12,0.9,"{'classifier__colsample_bytree': 0.9, 'classifier__gamma': 0.5, 'classifier__learning_rate': 0.1, 'classifier__max_depth': 4, 'classifier__min_child_weight': 5, 'classifier__n_estimators': 110, 'classifier__scale_pos_weight': 12, 'classifier__subsample': 0.9}",0.8627796505916737,0.8832132327359037,0.8467390899138603,0.8733841034519099,0.8641335148417439,0.8660499183070183,0.012129674194520415,49
2.271900463104248,0.0861182805654596,0.1279233455657959,0.003951542068760722,0.9,0.5,0.1,4,5,130,8,0.9,"{'classifier__colsample_bytree': 0.9, 'classifier__gamma': 0.5, 'classifier__learning_rate': 0.1, 'classifier__max_depth': 4, 'classifier__min_child_weight': 5, 'classifier__n_estimators': 130, 'classifier__scale_pos_weight': 8, 'classifier__subsample': 0.9}",0.8627044588657022,0.883646688513159,0.8471541529651565,0.8739984579711345,0.8652015692212317,0.8665410655072767,0.01217030171785146,8
2.2841744422912598,0.1337884964081413,0.12490482330322265,0.0006578866369185913,0.9,0.5,0.1,4,5,130,10,0.9,"{'classifier__colsample_bytree': 0.9, 'classifier__gamma': 0.5, 'classifier__learning_rate': 0.1, 'classifier__max_depth': 4, 'classifier__min_child_weight': 5, 'classifier__n_estimators': 130, 'classifier__scale_pos_weight': 10, 'classifier__subsample': 0.9}",0.8634246960678394,0.8842785512245741,0.8457797690506274,0.8737784050908077,0.8638548900624321,0.8662232622992562,0.012762846210684818,28
2.2786583423614504,0.05963468872583747,0.12818145751953125,0.004287259786303332,0.9,0.5,0.1,4,5,130,12,0.9,"{'classifier__colsample_bytree': 0.9, 'classifier__gamma': 0.5, 'classifier__learning_rate': 0.1, 'classifier__max_depth': 4, 'classifier__min_child_weight': 5, 'classifier__n_estimators': 130, 'classifier__scale_pos_weight': 12, 'classifier__subsample': 0.9}",0.8627862256935109,0.8825054861713695,0.8461946710128064,0.872602501165331,0.864059818474259,0.8656297405034554,0.012014011327232925,77
1.8849497795104981,0.04608898660001424,0.12327542304992675,0.004108179104954961,0.9,0.5,0.1,5,5,90,8,0.9,"{'classifier__colsample_bytree': 0.9, 'classifier__gamma': 0.5, 'classifier__learning_rate': 0.1, 'classifier__max_depth': 5, 'classifier__min_child_weight': 5, 'classifier__n_estimators': 90, 'classifier__scale_pos_weight': 8, 'classifier__subsample': 0.9}",0.8624670367966226,0.8809329785194447,0.8469628547695935,0.8734671614970025,0.8639702882996216,0.8655600639764571,0.011461231058373442,84
1.9802453994750977,0.033672250196383334,0.11325864791870117,0.005706935765247801,0.9,0.5,0.1,5,5,90,10,0.9,"{'classifier__colsample_bytree': 0.9, 'classifier__gamma': 0.5, 'classifier__learning_rate': 0.1, 'classifier__max_depth': 5, 'classifier__min_child_weight': 5, 'classifier__n_estimators': 90, 'classifier__scale_pos_weight': 10, 'classifier__subsample': 0.9}",0.8626470512220572,0.883224384868082,0.8463197443530368,0.8727068034848778,0.8647832461762621,0.8659362460208632,0.01217929014289599,55
1.997955322265625,0.12260535203199506,0.14188995361328124,0.03273920700996006,0.9,0.5,0.1,5,5,90,12,0.9,"{'classifier__colsample_bytree': 0.9, 'classifier__gamma': 0.5, 'classifier__learning_rate': 0.1, 'classifier__max_depth': 5, 'classifier__min_child_weight': 5, 'classifier__n_estimators': 90, 'classifier__scale_pos_weight': 12, 'classifier__subsample': 0.9}",0.8622890409899544,0.8818942880006936,0.8463601872442493,0.8730011868325402,0.8644803499963939,0.8656050106127664,0.011854684500412788,80
2.4002209663391114,0.30595471912566047,0.13847827911376953,0.018645435181152675,0.9,0.5,0.1,5,5,110,8,0.9,"{'classifier__colsample_bytree': 0.9, 'classifier__gamma': 0.5, 'classifier__learning_rate': 0.1, 'classifier__max_depth': 5, 'classifier__min_child_weight': 5, 'classifier__n_estimators': 110, 'classifier__scale_pos_weight': 8, 'classifier__subsample': 0.9}",0.8613004224043606,0.8808799027148667,0.8461109905585434,0.8732341465810225,0.864320162163769,0.8651691248845126,0.011753920159400034,109
2.3395485401153566,0.21139734164254081,0.13247151374816896,0.0068660792231344725,0.9,0.5,0.1,5,5,110,10,0.9,"{'classifier__colsample_bytree': 0.9, 'classifier__gamma': 0.5, 'classifier__learning_rate': 0.1, 'classifier__max_depth': 5, 'classifier__min_child_weight': 5, 'classifier__n_estimators': 110, 'classifier__scale_pos_weight': 10, 'classifier__subsample': 0.9}",0.8620793355542503,0.8823880040605341,0.8455929234832794,0.8726119200289782,0.864543147733424,0.8654430661720933,0.012203901730974671,89
2.1834153175354003,0.05748942950500087,0.12872638702392578,0.002783872960245129,0.9,0.5,0.1,5,5,110,12,0.9,"{'classifier__colsample_bytree': 0.9, 'classifier__gamma': 0.5, 'classifier__learning_rate': 0.1, 'classifier__max_depth': 5, 'classifier__min_child_weight': 5, 'classifier__n_estimators': 110, 'classifier__scale_pos_weight': 12, 'classifier__subsample': 0.9}",0.8615546669052543,0.880778498281802,0.8461917272652916,0.873107195146277,0.8643419085601357,0.8651947992317522,0.011666639749348043,107
2.5221349716186525,0.0737727718370891,0.16152553558349608,0.02842185914576768,0.9,0.5,0.1,5,5,130,8,0.9,"{'classifier__colsample_bytree': 0.9, 'classifier__gamma': 0.5, 'classifier__learning_rate': 0.1, 'classifier__max_depth': 5, 'classifier__min_child_weight': 5, 'classifier__n_estimators': 130, 'classifier__scale_pos_weight': 8, 'classifier__subsample': 0.9}",0.8609100498218617,0.8807573308649369,0.8448956971466571,0.8733262790679782,0.8634146684258908,0.8646608050654649,0.012169380386571253,130
2.5380771160125732,0.07485392155442146,0.1518113613128662,0.003750963189976835,0.9,0.5,0.1,5,5,130,10,0.9,"{'classifier__colsample_bytree': 0.9, 'classifier__gamma': 0.5, 'classifier__learning_rate': 0.1, 'classifier__max_depth': 5, 'classifier__min_child_weight': 5, 'classifier__n_estimators': 130, 'classifier__scale_pos_weight': 10, 'classifier__subsample': 0.9}",0.8608352320892316,0.8818523778954238,0.8450336972745977,0.8719010622984331,0.8628991342576136,0.86450430076306,0.012254067782169458,138
2.570781946182251,0.08916103076263265,0.15135664939880372,0.007684736920755678,0.9,0.5,0.1,5,5,130,12,0.9,"{'classifier__colsample_bytree': 0.9, 'classifier__gamma': 0.5, 'classifier__learning_rate': 0.1, 'classifier__max_depth': 5, 'classifier__min_child_weight': 5, 'classifier__n_estimators': 130, 'classifier__scale_pos_weight': 12, 'classifier__subsample': 0.9}",0.8617663146860605,0.8795667972642773,0.8457045403656714,0.8729233653098769,0.862972197198672,0.8645866429649116,0.011497829774272167,135
2.0803926467895506,0.08006521567330674,0.14145545959472655,0.010787774402001403,0.9,0.5,0.1,6,5,90,8,0.9,"{'classifier__colsample_bytree': 0.9, 'classifier__gamma': 0.5, 'classifier__learning_rate': 0.1, 'classifier__max_depth': 6, 'classifier__min_child_weight': 5, 'classifier__n_estimators': 90, 'classifier__scale_pos_weight': 8, 'classifier__subsample': 0.9}",0.861324235383483,0.8823262285829632,0.8458543642713918,0.8748579052666624,0.8647991714058992,0.86583238098208,0.012442018708808816,59
2.034329414367676,0.03123593003345487,0.14761662483215332,0.01290676260383615,0.9,0.5,0.1,6,5,90,10,0.9,"{'classifier__colsample_bytree': 0.9, 'classifier__gamma': 0.5, 'classifier__learning_rate': 0.1, 'classifier__max_depth': 6, 'classifier__min_child_weight': 5, 'classifier__n_estimators': 90, 'classifier__scale_pos_weight': 10, 'classifier__subsample': 0.9}",0.860775591395427,0.8821925106298303,0.8489117633769341,0.8716608370714332,0.8636074618061864,0.8654296328559621,0.011114336674887745,91
2.0759467601776125,0.07351357787271408,0.14486632347106934,0.01634321878491758,0.9,0.5,0.1,6,5,90,12,0.9,"{'classifier__colsample_bytree': 0.9, 'classifier__gamma': 0.5, 'classifier__learning_rate': 0.1, 'classifier__max_depth': 6, 'classifier__min_child_weight': 5, 'classifier__n_estimators': 90, 'classifier__scale_pos_weight': 12, 'classifier__subsample': 0.9}",0.8608337007610523,0.88286241034741,0.8474212452037404,0.8709583236928073,0.8655122324732389,0.8655175824956498,0.011660711111168391,85
2.414009380340576,0.059132393148371966,0.1611861228942871,0.012991018634137564,0.9,0.5,0.1,6,5,110,8,0.9,"{'classifier__colsample_bytree': 0.9, 'classifier__gamma': 0.5, 'classifier__learning_rate': 0.1, 'classifier__max_depth': 6, 'classifier__min_child_weight': 5, 'classifier__n_estimators': 110, 'classifier__scale_pos_weight': 8, 'classifier__subsample': 0.9}",0.8609841083505451,0.881390988336452,0.8450766625466452,0.8734268622931258,0.8643777230259383,0.8650512689105412,0.01227287540798759,121
2.5091910362243652,0.08749191315333332,0.1585865020751953,0.006426964164843668,0.9,0.5,0.1,6,5,110,10,0.9,"{'classifier__colsample_bytree': 0.9, 'classifier__gamma': 0.5, 'classifier__learning_rate': 0.1, 'classifier__max_depth': 6, 'classifier__min_child_weight': 5, 'classifier__n_estimators': 110, 'classifier__scale_pos_weight': 10, 'classifier__subsample': 0.9}",0.8599701230437926,0.8817433146942096,0.848007179534013,0.8706910266464272,0.862713248435748,0.8646249784708381,0.01123661877793733,133
2.4242072105407715,0.04325666429651782,0.16514487266540528,0.010153889981629718,0.9,0.5,0.1,6,5,110,12,0.9,"{'classifier__colsample_bytree': 0.9, 'classifier__gamma': 0.5, 'classifier__learning_rate': 0.1, 'classifier__max_depth': 6, 'classifier__min_child_weight': 5, 'classifier__n_estimators': 110, 'classifier__scale_pos_weight': 12, 'classifier__subsample': 0.9}",0.8602473803659704,0.8816789979953196,0.8462008821807847,0.8697710240708298,0.8644229739680243,0.8644642517161858,0.011626209157780896,141
2.735750675201416,0.06573917185732979,0.19069280624389648,0.015108377912589212,0.9,0.5,0.1,6,5,130,8,0.9,"{'classifier__colsample_bytree': 0.9, 'classifier__gamma': 0.5, 'classifier__learning_rate': 0.1, 'classifier__max_depth': 6, 'classifier__min_child_weight': 5, 'classifier__n_estimators': 130, 'classifier__scale_pos_weight': 8, 'classifier__subsample': 0.9}",0.8601414956043626,0.8793743455852214,0.8432959434055969,0.8725450519086635,0.8637247789714636,0.8638163230950617,0.012270627453545166,158
2.744315671920776,0.010274485411731758,0.18648228645324708,0.004374912161637479,0.9,0.5,0.1,6,5,130,10,0.9,"{'classifier__colsample_bytree': 0.9, 'classifier__gamma': 0.5, 'classifier__learning_rate': 0.1, 'classifier__max_depth': 6, 'classifier__min_child_weight': 5, 'classifier__n_estimators': 130, 'classifier__scale_pos_weight': 10, 'classifier__subsample': 0.9}",0.8595588743830305,0.8801104690005618,0.8471255444261793,0.8697829595631826,0.8621719118335445,0.8637499518412998,0.010958922997466565,160
2.746129369735718,0.13909485961198226,0.1881948471069336,0.01106527368711007,0.9,0.5,0.1,6,5,130,12,0.9,"{'classifier__colsample_bytree': 0.9, 'classifier__gamma': 0.5, 'classifier__learning_rate': 0.1, 'classifier__max_depth': 6, 'classifier__min_child_weight': 5, 'classifier__n_estimators': 130, 'classifier__scale_pos_weight': 12, 'classifier__subsample': 0.9}",0.8596054793934699,0.8803265641905444,0.8455309348976953,0.8693817274099273,0.8634496214447149,0.8636588654672703,0.011451278688462118,163
1.7003055095672608,0.03402007025328051,0.10118765830993652,0.005345783733272445,0.9,0.5,0.12,4,5,90,8,0.9,"{'classifier__colsample_bytree': 0.9, 'classifier__gamma': 0.5, 'classifier__learning_rate': 0.12, 'classifier__max_depth': 4, 'classifier__min_child_weight': 5, 'classifier__n_estimators': 90, 'classifier__scale_pos_weight': 8, 'classifier__subsample': 0.9}",0.8636367216015223,0.8829149617882781,0.8484403123708842,0.8738402119844677,0.8631699045584459,0.8664004224607197,0.011564776869046747,17
1.8888905048370361,0.33986580628998686,0.09390811920166016,0.0026317567449651333,0.9,0.5,0.12,4,5,90,10,0.9,"{'classifier__colsample_bytree': 0.9, 'classifier__gamma': 0.5, 'classifier__learning_rate': 0.12, 'classifier__max_depth': 4, 'classifier__min_child_weight': 5, 'classifier__n_estimators': 90, 'classifier__scale_pos_weight': 10, 'classifier__subsample': 0.9}",0.8624542992177043,0.8833798371839859,0.8472448019185651,0.8747903420165618,0.86362782379221,0.8662994208258054,0.012237951284652167,26
1.7379583835601806,0.03925990193256152,0.10761814117431641,0.021585378227544433,0.9,0.5,0.12,4,5,90,12,0.9,"{'classifier__colsample_bytree': 0.9, 'classifier__gamma': 0.5, 'classifier__learning_rate': 0.12, 'classifier__max_depth': 4, 'classifier__min_child_weight': 5, 'classifier__n_estimators': 90, 'classifier__scale_pos_weight': 12, 'classifier__subsample': 0.9}",0.862183729847611,0.8830924959566244,0.846353532199638,0.8732604039942847,0.8635689077790747,0.8656918139554465,0.012254385462278212,69
2.047488737106323,0.09071526495729466,0.11621179580688476,0.009241924506099985,0.9,0.5,0.12,4,5,110,8,0.9,"{'classifier__colsample_bytree': 0.9, 'classifier__gamma': 0.5, 'classifier__learning_rate': 0.12, 'classifier__max_depth': 4, 'classifier__min_child_weight': 5, 'classifier__n_estimators': 110, 'classifier__scale_pos_weight': 8, 'classifier__subsample': 0.9}",0.8636383988663823,0.8824364343098668,0.847112842266245,0.8735360887643513,0.8635557099838539,0.8660558948381398,0.011791605712363144,48
1.9903983116149901,0.033511690613982306,0.1085054874420166,0.0038193767486068113,0.9,0.5,0.12,4,5,110,10,0.9,"{'classifier__colsample_bytree': 0.9, 'classifier__gamma': 0.5, 'classifier__learning_rate': 0.12, 'classifier__max_depth': 4, 'classifier__min_child_weight': 5, 'classifier__n_estimators': 110, 'classifier__scale_pos_weight': 10, 'classifier__subsample': 0.9}",0.8618358257278155,0.8836164115993055,0.8454131300980413,0.874526651488761,0.8635408238968594,0.8657865685621566,0.01288426237849252,64
2.052086591720581,0.0627443701834549,0.1147064208984375,0.006742064231341682,0.9,0.5,0.12,4,5,110,12,0.9,"{'classifier__colsample_bytree': 0.9, 'classifier__gamma': 0.5, 'classifier__learning_rate': 0.12, 'classifier__max_depth': 4, 'classifier__min_child_weight': 5, 'classifier__n_estimators': 110, 'classifier__scale_pos_weight': 12, 'classifier__subsample': 0.9}",0.861816228183785,0.8827615143871979,0.8457268671861478,0.8729532643951534,0.8636545012510897,0.8653824750806749,0.012340136062868982,94
2.2809216022491454,0.07232730337546783,0.12133603096008301,0.0042468488298675125,0.9,0.5,0.12,4,5,130,8,0.9,"{'classifier__colsample_bytree': 0.9, 'classifier__gamma': 0.5, 'classifier__learning_rate': 0.12, 'classifier__max_depth': 4, 'classifier__min_child_weight': 5, 'classifier__n_estimators': 130, 'classifier__scale_pos_weight': 8, 'classifier__subsample': 0.9}",0.8639676543007799,0.8814762819587753,0.8460024438284057,0.8722177743326784,0.8628690828182037,0.8653066474477686,0.011743999798941347,100
2.295169401168823,0.022361098159931328,0.12542881965637206,0.0040482394239971155,0.9,0.5,0.12,4,5,130,10,0.9,"{'classifier__colsample_bytree': 0.9, 'classifier__gamma': 0.5, 'classifier__learning_rate': 0.12, 'classifier__max_depth': 4, 'classifier__min_child_weight': 5, 'classifier__n_estimators': 130, 'classifier__scale_pos_weight': 10, 'classifier__subsample': 0.9}",0.862611291763214,0.882749680163255,0.8447593319469732,0.8744671746737622,0.8636564454173559,0.8656487847929121,0.012804449561411498,75
2.282531499862671,0.0632115310104175,0.1323638916015625,0.01022923170192799,0.9,0.5,0.12,4,5,130,12,0.9,"{'classifier__colsample_bytree': 0.9, 'classifier__gamma': 0.5, 'classifier__learning_rate': 0.12, 'classifier__max_depth': 4, 'classifier__min_child_weight': 5, 'classifier__n_estimators': 130, 'classifier__scale_pos_weight': 12, 'classifier__subsample': 0.9}",0.8619802798441561,0.8824530859492031,0.8456590246159066,0.8724985667331132,0.8639572642913997,0.8653096442867557,0.012203594967593186,99
1.9081862926483155,0.05848474459331771,0.11414494514465331,0.0007967571173114482,0.9,0.5,0.12,5,5,90,8,0.9,"{'classifier__colsample_bytree': 0.9, 'classifier__gamma': 0.5, 'classifier__learning_rate': 0.12, 'classifier__max_depth': 5, 'classifier__min_child_weight': 5, 'classifier__n_estimators': 90, 'classifier__scale_pos_weight': 8, 'classifier__subsample': 0.9}",0.8625603441949443,0.8825901127545422,0.8455859484834296,0.8724388934093051,0.863902375970098,0.8654155349624638,0.012230682324331488,92
1.9249073028564454,0.08970112444504261,0.13037943840026855,0.021891810139415376,0.9,0.5,0.12,5,5,90,10,0.9,"{'classifier__colsample_bytree': 0.9, 'classifier__gamma': 0.5, 'classifier__learning_rate': 0.12, 'classifier__max_depth': 5, 'classifier__min_child_weight': 5, 'classifier__n_estimators': 90, 'classifier__scale_pos_weight': 10, 'classifier__subsample': 0.9}",0.8620844600985296,0.8837756582436557,0.8447756947717153,0.8723284530472775,0.8628449591331985,0.8651618450588753,0.012870646397557254,110
1.8801350116729736,0.052972887460551045,0.11602787971496582,0.005602863513394954,0.9,0.5,0.12,5,5,90,12,0.9,"{'classifier__colsample_bytree': 0.9, 'classifier__gamma': 0.5, 'classifier__learning_rate': 0.12, 'classifier__max_depth': 5, 'classifier__min_child_weight': 5, 'classifier__n_estimators': 90, 'classifier__scale_pos_weight': 12, 'classifier__subsample': 0.9}",0.8617672670531437,0.8824466997392152,0.8468166265391195,0.8722386727493266,0.8638965449603855,0.8654331622082381,0.011816520750347302,90
2.205377388000488,0.09926691426432158,0.14406852722167968,0.018238795336651247,0.9,0.5,0.12,5,5,110,8,0.9,"{'classifier__colsample_bytree': 0.9, 'classifier__gamma': 0.5, 'classifier__learning_rate': 0.12, 'classifier__max_depth': 5, 'classifier__min_child_weight': 5, 'classifier__n_estimators': 110, 'classifier__scale_pos_weight': 8, 'classifier__subsample': 0.9}",0.8617371346127173,0.8817841850195195,0.8445879589302053,0.8715158672810188,0.8626539528930017,0.8644558197472925,0.012292163199818795,142
2.178929901123047,0.06573592313484845,0.145827054977417,0.030015914154709104,0.9,0.5,0.12,5,5,110,10,0.9,"{'classifier__colsample_bytree': 0.9, 'classifier__gamma': 0.5, 'classifier__learning_rate': 0.12, 'classifier__max_depth': 5, 'classifier__min_child_weight': 5, 'classifier__n_estimators': 110, 'classifier__scale_pos_weight': 10, 'classifier__subsample': 0.9}",0.861147131972252,0.8837330742330654,0.8435080902981736,0.8710457503134068,0.8620242470398091,0.8642916587713414,0.013195243923045101,149
2.3107425689697267,0.08168325837656658,0.14599456787109374,0.017839972208998776,0.9,0.5,0.12,5,5,110,12,0.9,"{'classifier__colsample_bytree': 0.9, 'classifier__gamma': 0.5, 'classifier__learning_rate': 0.12, 'classifier__max_depth': 5, 'classifier__min_child_weight': 5, 'classifier__n_estimators': 110, 'classifier__scale_pos_weight': 12, 'classifier__subsample': 0.9}",0.86084092311162,0.8810668776649209,0.8460306836416968,0.8708119780490071,0.8636953235744665,0.8644891572083424,0.011571118435077231,140
2.5864411354064942,0.04447429474837861,0.1525723457336426,0.012896811012822765,0.9,0.5,0.12,5,5,130,8,0.9,"{'classifier__colsample_bytree': 0.9, 'classifier__gamma': 0.5, 'classifier__learning_rate': 0.12, 'classifier__max_depth': 5, 'classifier__min_child_weight': 5, 'classifier__n_estimators': 130, 'classifier__scale_pos_weight': 8, 'classifier__subsample': 0.9}",0.8605893237669882,0.8796891966109658,0.8441493586657408,0.871538773344618,0.861920885762956,0.8635775076302539,0.011933942220281655,168
2.58964524269104,0.048601648283105515,0.14908742904663086,0.006333526166393711,0.9,0.5,0.12,5,5,130,10,0.9,"{'classifier__colsample_bytree': 0.9, 'classifier__gamma': 0.5, 'classifier__learning_rate': 0.12, 'classifier__max_depth': 5, 'classifier__min_child_weight': 5, 'classifier__n_estimators': 130, 'classifier__scale_pos_weight': 10, 'classifier__subsample': 0.9}",0.8604788119007385,0.8812710666039638,0.8429576595781294,0.8688568775571618,0.8624677129848615,0.863206425724971,0.012459991654498884,177
2.621444654464722,0.04227089784696389,0.14995007514953612,0.005227770461219298,0.9,0.5,0.12,5,5,130,12,0.9,"{'classifier__colsample_bytree': 0.9, 'classifier__gamma': 0.5, 'classifier__learning_rate': 0.12, 'classifier__max_depth': 5, 'classifier__min_child_weight': 5, 'classifier__n_estimators': 130, 'classifier__scale_pos_weight': 12, 'classifier__subsample': 0.9}",0.8610420442924798,0.8799939586445885,0.8443357465748141,0.8702931877093374,0.8637057732406666,0.8638741420923772,0.011754579173485543,157
2.1035035610198975,0.02110553253780048,0.14305877685546875,0.01116646111378392,0.9,0.5,0.12,6,5,90,8,0.9,"{'classifier__colsample_bytree': 0.9, 'classifier__gamma': 0.5, 'classifier__learning_rate': 0.12, 'classifier__max_depth': 6, 'classifier__min_child_weight': 5, 'classifier__n_estimators': 90, 'classifier__scale_pos_weight': 8, 'classifier__subsample': 0.9}",0.8609973271204603,0.8807240485924176,0.8458046794871406,0.8727199061392589,0.8607604092891633,0.8642012741256881,0.011883675264762314,153
2.2739392280578614,0.14539375398890914,0.1444765090942383,0.013680785836534499,0.9,0.5,0.12,6,5,90,10,0.9,"{'classifier__colsample_bytree': 0.9, 'classifier__gamma': 0.5, 'classifier__learning_rate': 0.12, 'classifier__max_depth': 6, 'classifier__min_child_weight': 5, 'classifier__n_estimators': 90, 'classifier__scale_pos_weight': 10, 'classifier__subsample': 0.9}",0.8601343926953927,0.8821458162984758,0.8447458300179457,0.870416678707121,0.8610037794716944,0.863689299438126,0.012366123560422807,162
2.227032947540283,0.07346048188349527,0.14086713790893554,0.004736415282549282,0.9,0.5,0.12,6,5,90,12,0.9,"{'classifier__colsample_bytree': 0.9, 'classifier__gamma': 0.5, 'classifier__learning_rate': 0.12, 'classifier__max_depth': 6, 'classifier__min_child_weight': 5, 'classifier__n_estimators': 90, 'classifier__scale_pos_weight': 12, 'classifier__subsample': 0.9}",0.8595078597771717,0.8800445285225608,0.8435410120836024,0.8714001894051365,0.8618683869369088,0.863272395345076,0.012270582224730988,175
2.5141272068023683,0.12505764809584347,0.15713877677917482,0.004975669800298134,0.9,0.5,0.12,6,5,110,8,0.9,"{'classifier__colsample_bytree': 0.9, 'classifier__gamma': 0.5, 'classifier__learning_rate': 0.12, 'classifier__max_depth': 6, 'classifier__min_child_weight': 5, 'classifier__n_estimators': 110, 'classifier__scale_pos_weight': 8, 'classifier__subsample': 0.9}",0.8599559253305393,0.8791186025512815,0.8460639487435552,0.8717133057761065,0.8611468707735119,0.8635997306349988,0.011255780490624107,166
2.5476603507995605,0.05376120815419037,0.17778573036193848,0.03547632584230244,0.9,0.5,0.12,6,5,110,10,0.9,"{'classifier__colsample_bytree': 0.9, 'classifier__gamma': 0.5, 'classifier__learning_rate': 0.12, 'classifier__max_depth': 6, 'classifier__min_child_weight': 5, 'classifier__n_estimators': 110, 'classifier__scale_pos_weight': 10, 'classifier__subsample': 0.9}",0.8580938939353575,0.8809246655128822,0.842874727801172,0.8691536635514608,0.860953834919534,0.8624001571440812,0.012574938575796392,189
2.514540958404541,0.0889102973245532,0.17937445640563965,0.03976385535969566,0.9,0.5,0.12,6,5,110,12,0.9,"{'classifier__colsample_bytree': 0.9, 'classifier__gamma': 0.5, 'classifier__learning_rate': 0.12, 'classifier__max_depth': 6, 'classifier__min_child_weight': 5, 'classifier__n_estimators': 110, 'classifier__scale_pos_weight': 12, 'classifier__subsample': 0.9}",0.8573720199498144,0.8777363528490364,0.8423406484508608,0.8700128960825224,0.8618521671694492,0.8618628169003365,0.011997294410223172,196
2.7877392292022707,0.05198213108375596,0.18987789154052734,0.015573488812315796,0.9,0.5,0.12,6,5,130,8,0.9,"{'classifier__colsample_bytree': 0.9, 'classifier__gamma': 0.5, 'classifier__learning_rate': 0.12, 'classifier__max_depth': 6, 'classifier__min_child_weight': 5, 'classifier__n_estimators': 130, 'classifier__scale_pos_weight': 8, 'classifier__subsample': 0.9}",0.8584473777730841,0.8783728068866292,0.8449799196969789,0.8710237661810277,0.8605911960433389,0.8626830133162118,0.011414496154301915,185
2.838946723937988,0.05752401297342282,0.1842975616455078,0.005481379388224903,0.9,0.5,0.12,6,5,130,10,0.9,"{'classifier__colsample_bytree': 0.9, 'classifier__gamma': 0.5, 'classifier__learning_rate': 0.12, 'classifier__max_depth': 6, 'classifier__min_child_weight': 5, 'classifier__n_estimators': 130, 'classifier__scale_pos_weight': 10, 'classifier__subsample': 0.9}",0.857463929640615,0.8804356061714937,0.8424355766502539,0.8678256871748026,0.8607171332825175,0.8617755865839365,0.012478355191215994,198
2.818608617782593,0.0668582158890443,0.2049345016479492,0.03537134740202676,0.9,0.5,0.12,6,5,130,12,0.9,"{'classifier__colsample_bytree': 0.9, 'classifier__gamma': 0.5, 'classifier__learning_rate': 0.12, 'classifier__max_depth': 6, 'classifier__min_child_weight': 5, 'classifier__n_estimators': 130, 'classifier__scale_pos_weight': 12, 'classifier__subsample': 0.9}",0.8567083544909465,0.8767636783252021,0.8410641985097915,0.8691680847245903,0.8603653379155037,0.8608139307932067,0.012093760803437631,206
1.7245128154754639,0.031609654077481085,0.11045002937316895,0.017910841050341016,0.9,0.5,0.15,4,5,90,8,0.9,"{'classifier__colsample_bytree': 0.9, 'classifier__gamma': 0.5, 'classifier__learning_rate': 0.15, 'classifier__max_depth': 4, 'classifier__min_child_weight': 5, 'classifier__n_estimators': 90, 'classifier__scale_pos_weight': 8, 'classifier__subsample': 0.9}",0.8618177961954242,0.8833692232973085,0.8458831617441323,0.8735835567424493,0.8635875079486569,0.8656482491855944,0.012542565412339552,76
1.8051886558532715,0.1062476670521477,0.10248680114746093,0.004797141069172684,0.9,0.5,0.15,4,5,90,10,0.9,"{'classifier__colsample_bytree': 0.9, 'classifier__gamma': 0.5, 'classifier__learning_rate': 0.15, 'classifier__max_depth': 4, 'classifier__min_child_weight': 5, 'classifier__n_estimators': 90, 'classifier__scale_pos_weight': 10, 'classifier__subsample': 0.9}",0.8630508419553524,0.882376468049446,0.846027537439705,0.8732393201134216,0.8618878929887033,0.8653164121093259,0.012188242017820157,98
1.7387098789215087,0.06754952828962633,0.09787287712097167,0.00119142241314632,0.9,0.5,0.15,4,5,90,12,0.9,"{'classifier__colsample_bytree': 0.9, 'classifier__gamma': 0.5, 'classifier__learning_rate': 0.15, 'classifier__max_depth': 4, 'classifier__min_child_weight': 5, 'classifier__n_estimators': 90, 'classifier__scale_pos_weight': 12, 'classifier__subsample': 0.9}",0.8626837565619141,0.8825248705999684,0.8444260471480884,0.8707803031172615,0.8631393288116005,0.8647108612477666,0.012427627323599153,128
2.013481092453003,0.07393206415411219,0.11551694869995117,0.006938520601242597,0.9,0.5,0.15,4,5,110,8,0.9,"{'classifier__colsample_bytree': 0.9, 'classifier__gamma': 0.5, 'classifier__learning_rate': 0.15, 'classifier__max_depth': 4, 'classifier__min_child_weight': 5, 'classifier__n_estimators': 110, 'classifier__scale_pos_weight': 8, 'classifier__subsample': 0.9}",0.8618115488113804,0.8833026597021503,0.8447488875297912,0.8726007822499325,0.8636802797377846,0.8652288316062078,0.012763329207517653,105
1.9946438312530517,0.08823828472049,0.11406145095825196,0.0040241168798255764,0.9,0.5,0.15,4,5,110,10,0.9,"{'classifier__colsample_bytree': 0.9, 'classifier__gamma': 0.5, 'classifier__learning_rate': 0.15, 'classifier__max_depth': 4, 'classifier__min_child_weight': 5, 'classifier__n_estimators': 110, 'classifier__scale_pos_weight': 10, 'classifier__subsample': 0.9}",0.8620537678348793,0.8812038447933085,0.8460328379201681,0.8719817253391353,0.8609591575864013,0.8644462666947785,0.011785905995511237,145
2.0337576389312746,0.04161572250131728,0.12560811042785644,0.014073457642668983,0.9,0.5,0.15,4,5,110,12,0.9,"{'classifier__colsample_bytree': 0.9, 'classifier__gamma': 0.5, 'classifier__learning_rate': 0.15, 'classifier__max_depth': 4, 'classifier__min_child_weight': 5, 'classifier__n_estimators': 110, 'classifier__scale_pos_weight': 12, 'classifier__subsample': 0.9}",0.8616096664058877,0.882486952530987,0.8435382901396415,0.8698294705490702,0.8629344131512734,0.8640797585553719,0.012658981586703404,154
2.276310920715332,0.06951425862720013,0.12806448936462403,0.0056727149451756545,0.9,0.5,0.15,4,5,130,8,0.9,"{'classifier__colsample_bytree': 0.9, 'classifier__gamma': 0.5, 'classifier__learning_rate': 0.15, 'classifier__max_depth': 4, 'classifier__min_child_weight': 5, 'classifier__n_estimators': 130, 'classifier__scale_pos_weight': 8, 'classifier__subsample': 0.9}",0.8611926286182522,0.8825787906683856,0.8450010490724246,0.8710086792443245,0.8630273407075727,0.8645616976621919,0.012349113835847324,136
2.3062766551971436,0.037562355921023395,0.13506031036376953,0.016180618154023243,0.9,0.5,0.15,4,5,130,10,0.9,"{'classifier__colsample_bytree': 0.9, 'classifier__gamma': 0.5, 'classifier__learning_rate': 0.15, 'classifier__max_depth': 4, 'classifier__min_child_weight': 5, 'classifier__n_estimators': 130, 'classifier__scale_pos_weight': 10, 'classifier__subsample': 0.9}",0.8616331939473802,0.8804990328037339,0.8450700665360855,0.8710673867409733,0.8602104056524641,0.8636960171361274,0.011832237219185164,161
2.3313503742218016,0.07178295792992445,0.1349493980407715,0.011735132332626002,0.9,0.5,0.15,4,5,130,12,0.9,"{'classifier__colsample_bytree': 0.9, 'classifier__gamma': 0.5, 'classifier__learning_rate': 0.15, 'classifier__max_depth': 4, 'classifier__min_child_weight': 5, 'classifier__n_estimators': 130, 'classifier__scale_pos_weight': 12, 'classifier__subsample': 0.9}",0.8609794912876586,0.8807305383459673,0.8417234970749097,0.8689408707876153,0.8624198621220187,0.862958851923634,0.01270248843390543,181
1.913012981414795,0.052589538316272236,0.11794557571411132,0.005570982772906836,0.9,0.5,0.15,5,5,90,8,0.9,"{'classifier__colsample_bytree': 0.9, 'classifier__gamma': 0.5, 'classifier__learning_rate': 0.15, 'classifier__max_depth': 5, 'classifier__min_child_weight': 5, 'classifier__n_estimators': 90, 'classifier__scale_pos_weight': 8, 'classifier__subsample': 0.9}",0.8609980180925338,0.8820461792625444,0.8449239484924465,0.8732766508627439,0.8617955103385267,0.864608061409759,0.012551012349400939,134
1.8834609508514404,0.032966374811216524,0.1166316032409668,0.0006319475850191162,0.9,0.5,0.15,5,5,90,10,0.9,"{'classifier__colsample_bytree': 0.9, 'classifier__gamma': 0.5, 'classifier__learning_rate': 0.15, 'classifier__max_depth': 5, 'classifier__min_child_weight': 5, 'classifier__n_estimators': 90, 'classifier__scale_pos_weight': 10, 'classifier__subsample': 0.9}",0.8622573711499756,0.8808697339866083,0.8452776859613508,0.8697505243647115,0.8629089919569277,0.8642128614839149,0.011594671207172563,151
1.941009521484375,0.08414169022390357,0.11490111351013184,0.0022897212880035323,0.9,0.5,0.15,5,5,90,12,0.9,"{'classifier__colsample_bytree': 0.9, 'classifier__gamma': 0.5, 'classifier__learning_rate': 0.15, 'classifier__max_depth': 5, 'classifier__min_child_weight': 5, 'classifier__n_estimators': 90, 'classifier__scale_pos_weight': 12, 'classifier__subsample': 0.9}",0.8613834877244236,0.8800650086517927,0.845995213816161,0.8721131452334481,0.8639336364234667,0.8646980983698583,0.011423605280553866,129
2.2082473278045653,0.023237498806458944,0.13158535957336426,0.006534865158126951,0.9,0.5,0.15,5,5,110,8,0.9,"{'classifier__colsample_bytree': 0.9, 'classifier__gamma': 0.5, 'classifier__learning_rate': 0.15, 'classifier__max_depth': 5, 'classifier__min_child_weight': 5, 'classifier__n_estimators': 110, 'classifier__scale_pos_weight': 8, 'classifier__subsample': 0.9}",0.8593460225961672,0.8806822808851049,0.8440284396572827,0.8720725898523157,0.8610893962990758,0.8634437458579892,0.01241702421035528,172
2.2170433044433593,0.07186521713824956,0.13361330032348634,0.003150834099530989,0.9,0.5,0.15,5,5,110,10,0.9,"{'classifier__colsample_bytree': 0.9, 'classifier__gamma': 0.5, 'classifier__learning_rate': 0.15, 'classifier__max_depth': 5, 'classifier__min_child_weight': 5, 'classifier__n_estimators': 110, 'classifier__scale_pos_weight': 10, 'classifier__subsample': 0.9}",0.8605430046917658,0.8790312495509859,0.8444070417859167,0.8679863053239729,0.8622751399709777,0.8628485482647237,0.01126063815213223,182
2.2774110317230223,0.07134779634725014,0.1515188694000244,0.024216188887479242,0.9,0.5,0.15,5,5,110,12,0.9,"{'classifier__colsample_bytree': 0.9, 'classifier__gamma': 0.5, 'classifier__learning_rate': 0.15, 'classifier__max_depth': 5, 'classifier__min_child_weight': 5, 'classifier__n_estimators': 110, 'classifier__scale_pos_weight': 12, 'classifier__subsample': 0.9}",0.8590066147655848,0.8779706532935584,0.8436292415218634,0.8705601277889289,0.8638678478548933,0.8630068970449658,0.011603467791334707,179
2.5211273193359376,0.07345538454555421,0.1574300765991211,0.007973556883022958,0.9,0.5,0.15,5,5,130,8,0.9,"{'classifier__colsample_bytree': 0.9, 'classifier__gamma': 0.5, 'classifier__learning_rate': 0.15, 'classifier__max_depth': 5, 'classifier__min_child_weight': 5, 'classifier__n_estimators': 130, 'classifier__scale_pos_weight': 8, 'classifier__subsample': 0.9}",0.8583272958326345,0.879653208201968,0.8437411837993595,0.8703612762765114,0.8598185408648367,0.862380300995062,0.012103350325162882,190
2.529148244857788,0.06498055586232254,0.15643444061279296,0.004753666642841631,0.9,0.5,0.15,5,5,130,10,0.9,"{'classifier__colsample_bytree': 0.9, 'classifier__gamma': 0.5, 'classifier__learning_rate': 0.15, 'classifier__max_depth': 5, 'classifier__min_child_weight': 5, 'classifier__n_estimators': 130, 'classifier__scale_pos_weight': 10, 'classifier__subsample': 0.9}",0.8599134035683078,0.8775901079885833,0.8428728274723519,0.8663424628347364,0.8613368629237411,0.8616111329575441,0.011240949488689003,199
2.502892589569092,0.05497851797568784,0.16500749588012695,0.011357972181442468,0.9,0.5,0.15,5,5,130,12,0.9,"{'classifier__colsample_bytree': 0.9, 'classifier__gamma': 0.5, 'classifier__learning_rate': 0.15, 'classifier__max_depth': 5, 'classifier__min_child_weight': 5, 'classifier__n_estimators': 130, 'classifier__scale_pos_weight': 12, 'classifier__subsample': 0.9}",0.8579659883220289,0.8764504362608871,0.8407610479919522,0.8694618453231268,0.8617187838666189,0.8612716203529228,0.012077143489556538,204
2.066280698776245,0.038075332770597,0.13959522247314454,0.0021719825170693273,0.9,0.5,0.15,6,5,90,8,0.9,"{'classifier__colsample_bytree': 0.9, 'classifier__gamma': 0.5, 'classifier__learning_rate': 0.15, 'classifier__max_depth': 6, 'classifier__min_child_weight': 5, 'classifier__n_estimators': 90, 'classifier__scale_pos_weight': 8, 'classifier__subsample': 0.9}",0.8581620963911913,0.8769911072537528,0.8447473994258784,0.8679313493014791,0.8591673041025646,0.8613998512949733,0.010756571996849052,201
2.104383945465088,0.039693519033489465,0.14595227241516112,0.009966078937268016,0.9,0.5,0.15,6,5,90,10,0.9,"{'classifier__colsample_bytree': 0.9, 'classifier__gamma': 0.5, 'classifier__learning_rate': 0.15, 'classifier__max_depth': 6, 'classifier__min_child_weight': 5, 'classifier__n_estimators': 90, 'classifier__scale_pos_weight': 10, 'classifier__subsample': 0.9}",0.8583518819945793,0.8792867064571777,0.8426805814176622,0.8703792208609793,0.8584724013410604,0.8618341584142918,0.01239271315617006,197
2.0502543449401855,0.03555489501071264,0.14776344299316407,0.018326068667918458,0.9,0.5,0.15,6,5,90,12,0.9,"{'classifier__colsample_bytree': 0.9, 'classifier__gamma': 0.5, 'classifier__learning_rate': 0.15, 'classifier__max_depth': 6, 'classifier__min_child_weight': 5, 'classifier__n_estimators': 90, 'classifier__scale_pos_weight': 12, 'classifier__subsample': 0.9}",0.8590631658893827,0.8808641439748239,0.8433795418162446,0.8664917813240447,0.8595563373299313,0.8618709940668854,0.012143037177933564,195
2.4472187519073487,0.12843866174291355,0.1650320053100586,0.003234889792556359,0.9,0.5,0.15,6,5,110,8,0.9,"{'classifier__colsample_bytree': 0.9, 'classifier__gamma': 0.5, 'classifier__learning_rate': 0.15, 'classifier__max_depth': 6, 'classifier__min_child_weight': 5, 'classifier__n_estimators': 110, 'classifier__scale_pos_weight': 8, 'classifier__subsample': 0.9}",0.8556562186317298,0.8767549711609393,0.8427753982388188,0.8667998598890828,0.8583668335725794,0.86007065629863,0.011359267287449982,210
2.443820762634277,0.12085198208377378,0.16373639106750487,0.003232127266996375,0.9,0.5,0.15,6,5,110,10,0.9,"{'classifier__colsample_bytree': 0.9, 'classifier__gamma': 0.5, 'classifier__learning_rate': 0.15, 'classifier__max_depth': 6, 'classifier__min_child_weight': 5, 'classifier__n_estimators': 110, 'classifier__scale_pos_weight': 10, 'classifier__subsample': 0.9}",0.8556526771346813,0.8789529162464312,0.8407373026363405,0.8696202559784201,0.8586694216446279,0.8607265147281001,0.012967994491538574,207
2.421758222579956,0.07019876350881019,0.16563968658447265,0.006424713477699358,0.9,0.5,0.15,6,5,110,12,0.9,"{'classifier__colsample_bytree': 0.9, 'classifier__gamma': 0.5, 'classifier__learning_rate': 0.15, 'classifier__max_depth': 6, 'classifier__min_child_weight': 5, 'classifier__n_estimators': 110, 'classifier__scale_pos_weight': 12, 'classifier__subsample': 0.9}",0.8566321163197912,0.8795704876032482,0.8402665789017895,0.8647582972054116,0.859056959998994,0.860056888005847,0.012706447727544375,211
2.795867156982422,0.1032794781456391,0.1898674488067627,0.00528352074718246,0.9,0.5,0.15,6,5,130,8,0.9,"{'classifier__colsample_bytree': 0.9, 'classifier__gamma': 0.5, 'classifier__learning_rate': 0.15, 'classifier__max_depth': 6, 'classifier__min_child_weight': 5, 'classifier__n_estimators': 130, 'classifier__scale_pos_weight': 8, 'classifier__subsample': 0.9}",0.8542254306462126,0.8751638035779984,0.8420575379086895,0.8648291513429145,0.856484411875824,0.8585520670703278,0.011049127112848372,216
2.760311794281006,0.054217780380943596,0.19086823463439942,0.006798228295650037,0.9,0.5,0.15,6,5,130,10,0.9,"{'classifier__colsample_bytree': 0.9, 'classifier__gamma': 0.5, 'classifier__learning_rate': 0.15, 'classifier__max_depth': 6, 'classifier__min_child_weight': 5, 'classifier__n_estimators': 130, 'classifier__scale_pos_weight': 10, 'classifier__subsample': 0.9}",0.8547448175549113,0.8789271084786804,0.8399214178539159,0.8678983772557655,0.8582602601088682,0.8599503962504282,0.013072112257743808,212
2.7700234413146974,0.04943725617121802,0.19237194061279297,0.017020541933620528,0.9,0.5,0.15,6,5,130,12,0.9,"{'classifier__colsample_bytree': 0.9, 'classifier__gamma': 0.5, 'classifier__learning_rate': 0.15, 'classifier__max_depth': 6, 'classifier__min_child_weight': 5, 'classifier__n_estimators': 130, 'classifier__scale_pos_weight': 12, 'classifier__subsample': 0.9}",0.8549189638179543,0.8780894383084732,0.8391108225088624,0.8641780370600726,0.8577752426228301,0.8588145008636385,0.012686850998625375,215
1.7331038951873778,0.04944045724739532,0.10654783248901367,0.022077998006101166,0.9,0.6,0.08,4,5,90,8,0.9,"{'classifier__colsample_bytree': 0.9, 'classifier__gamma': 0.6, 'classifier__learning_rate': 0.08, 'classifier__max_depth': 4, 'classifier__min_child_weight': 5, 'classifier__n_estimators': 90, 'classifier__scale_pos_weight': 8, 'classifier__subsample': 0.9}",0.8615855131724913,0.883843494931679,0.8467517988699685,0.8740099010317071,0.863183200815502,0.8658747817642697,0.012493083896460313,58
1.6722539424896241,0.010238980774723398,0.09973692893981934,0.003300547886976331,0.9,0.6,0.08,4,5,90,10,0.9,"{'classifier__colsample_bytree': 0.9, 'classifier__gamma': 0.6, 'classifier__learning_rate': 0.08, 'classifier__max_depth': 4, 'classifier__min_child_weight': 5, 'classifier__n_estimators': 90, 'classifier__scale_pos_weight': 10, 'classifier__subsample': 0.9}",0.8612938358923714,0.8837740757858408,0.8445917275100622,0.8731440670492703,0.8630906991827695,0.8651788810840628,0.013057644699801186,108
1.8356011867523194,0.17571296344131646,0.09778900146484375,0.007975779383974504,0.9,0.6,0.08,4,5,90,12,0.9,"{'classifier__colsample_bytree': 0.9, 'classifier__gamma': 0.6, 'classifier__learning_rate': 0.08, 'classifier__max_depth': 4, 'classifier__min_child_weight': 5, 'classifier__n_estimators': 90, 'classifier__scale_pos_weight': 12, 'classifier__subsample': 0.9}",0.8615192033798442,0.8834275925899404,0.8451712141283954,0.8729418892660488,0.8622513004700115,0.865062239966848,0.012770923600637786,120
1.9670515060424805,0.021016926921899912,0.11030902862548828,0.006859345518169015,0.9,0.6,0.08,4,5,110,8,0.9,"{'classifier__colsample_bytree': 0.9, 'classifier__gamma': 0.6, 'classifier__learning_rate': 0.08, 'classifier__max_depth': 4, 'classifier__min_child_weight': 5, 'classifier__n_estimators': 110, 'classifier__scale_pos_weight': 8, 'classifier__subsample': 0.9}",0.8627662391047968,0.8846140658412593,0.8468457785105776,0.8745644894433718,0.863393207297844,0.8664367560395698,0.012672939090543053,12
2.0956170558929443,0.1313749300148726,0.1192814826965332,0.01335740035447303,0.9,0.6,0.08,4,5,110,10,0.9,"{'classifier__colsample_bytree': 0.9, 'classifier__gamma': 0.6, 'classifier__learning_rate': 0.08, 'classifier__max_depth': 4, 'classifier__min_child_weight': 5, 'classifier__n_estimators': 110, 'classifier__scale_pos_weight': 10, 'classifier__subsample': 0.9}",0.8621338670502792,0.8848565601570392,0.8459359237498205,0.8736481400150752,0.8638968331672017,0.8660942648278832,0.012930250792941864,39
1.9503192901611328,0.05308247137030269,0.1255105972290039,0.014101593409085417,0.9,0.6,0.08,4,5,110,12,0.9,"{'classifier__colsample_bytree': 0.9, 'classifier__gamma': 0.6, 'classifier__learning_rate': 0.08, 'classifier__max_depth': 4, 'classifier__min_child_weight': 5, 'classifier__n_estimators': 110, 'classifier__scale_pos_weight': 12, 'classifier__subsample': 0.9}",0.8620779483725235,0.8848645783424348,0.846817645243259,0.8737842476150353,0.8631171830309262,0.8661323205208357,0.012712475290265916,36
2.2574896812438965,0.07893816335604444,0.13312573432922364,0.010558986122246684,0.9,0.6,0.08,4,5,130,8,0.9,"{'classifier__colsample_bytree': 0.9, 'classifier__gamma': 0.6, 'classifier__learning_rate': 0.08, 'classifier__max_depth': 4, 'classifier__min_child_weight': 5, 'classifier__n_estimators': 130, 'classifier__scale_pos_weight': 8, 'classifier__subsample': 0.9}",0.8628697070175774,0.8839828959728783,0.8463081955144908,0.875127300247053,0.8637454278371606,0.8664067053178319,0.012716242408685257,16
2.207314443588257,0.04119943796246849,0.12632670402526855,0.0036113827126694584,0.9,0.6,0.08,4,5,130,10,0.9,"{'classifier__colsample_bytree': 0.9, 'classifier__gamma': 0.6, 'classifier__learning_rate': 0.08, 'classifier__max_depth': 4, 'classifier__min_child_weight': 5, 'classifier__n_estimators': 130, 'classifier__scale_pos_weight': 10, 'classifier__subsample': 0.9}",0.8623423903492684,0.8844447307550588,0.8454588686574513,0.87401714743261,0.864184440739702,0.866089515586818,0.012985030773918209,41
2.284908390045166,0.14079394663516726,0.13799376487731935,0.01944722571279909,0.9,0.6,0.08,4,5,130,12,0.9,"{'classifier__colsample_bytree': 0.9, 'classifier__gamma': 0.6, 'classifier__learning_rate': 0.08, 'classifier__max_depth': 4, 'classifier__min_child_weight': 5, 'classifier__n_estimators': 130, 'classifier__scale_pos_weight': 12, 'classifier__subsample': 0.9}",0.8623260520026395,0.884163298756939,0.8460066949480771,0.8740726172599647,0.8632376107361901,0.865961254740762,0.01277439627078713,53
2.0389729499816895,0.279823431394983,0.11515402793884277,0.008162657177344199,0.9,0.6,0.08,5,5,90,8,0.9,"{'classifier__colsample_bytree': 0.9, 'classifier__gamma': 0.6, 'classifier__learning_rate': 0.08, 'classifier__max_depth': 5, 'classifier__min_child_weight': 5, 'classifier__n_estimators': 90, 'classifier__scale_pos_weight': 8, 'classifier__subsample': 0.9}",0.8625427821303993,0.8848449317485869,0.8474233702057018,0.8739544816923387,0.8645443643709821,0.8666619860296019,0.012452923424501345,5
1.8638298034667968,0.05090896059838407,0.12072873115539551,0.016339394153696594,0.9,0.6,0.08,5,5,90,10,0.9,"{'classifier__colsample_bytree': 0.9, 'classifier__gamma': 0.6, 'classifier__learning_rate': 0.08, 'classifier__max_depth': 5, 'classifier__min_child_weight': 5, 'classifier__n_estimators': 90, 'classifier__scale_pos_weight': 10, 'classifier__subsample': 0.9}",0.8624541355923343,0.8839993075720435,0.847769981146148,0.8740895504504326,0.8624946278731022,0.8661615205268121,0.012218672847061499,33
1.895706796646118,0.03627649497064168,0.11823229789733887,0.0060248499335404755,0.9,0.6,0.08,5,5,90,12,0.9,"{'classifier__colsample_bytree': 0.9, 'classifier__gamma': 0.6, 'classifier__learning_rate': 0.08, 'classifier__max_depth': 5, 'classifier__min_child_weight': 5, 'classifier__n_estimators': 90, 'classifier__scale_pos_weight': 12, 'classifier__subsample': 0.9}",0.8635656967410145,0.8840327780851005,0.8470341242286598,0.8736430708473963,0.8636406469995344,0.8663832633803411,0.01228055361995275,19
2.2359524726867677,0.059389227214658814,0.14080195426940917,0.013830613201636721,0.9,0.6,0.08,5,5,110,8,0.9,"{'classifier__colsample_bytree': 0.9, 'classifier__gamma': 0.6, 'classifier__learning_rate': 0.08, 'classifier__max_depth': 5, 'classifier__min_child_weight': 5, 'classifier__n_estimators': 110, 'classifier__scale_pos_weight': 8, 'classifier__subsample': 0.9}",0.862563341570845,0.8838138680527451,0.8465431472653742,0.8743292977766363,0.8644551273731187,0.8663409564077437,0.012481155483539721,21
2.3177936553955076,0.057889808120307994,0.1423335075378418,0.014123363288437293,0.9,0.6,0.08,5,5,110,10,0.9,"{'classifier__colsample_bytree': 0.9, 'classifier__gamma': 0.6, 'classifier__learning_rate': 0.08, 'classifier__max_depth': 5, 'classifier__min_child_weight': 5, 'classifier__n_estimators': 110, 'classifier__scale_pos_weight': 10, 'classifier__subsample': 0.9}",0.8626015364655443,0.8835360943769064,0.8472085985277827,0.8740410358334176,0.862454957853419,0.865968444611414,0.012242561268488227,52
2.1672060966491697,0.044416789764626284,0.13000054359436036,0.003760778758386767,0.9,0.6,0.08,5,5,110,12,0.9,"{'classifier__colsample_bytree': 0.9, 'classifier__gamma': 0.6, 'classifier__learning_rate': 0.08, 'classifier__max_depth': 5, 'classifier__min_child_weight': 5, 'classifier__n_estimators': 110, 'classifier__scale_pos_weight': 12, 'classifier__subsample': 0.9}",0.8634915747716314,0.8841740812317893,0.8462986157924298,0.8737134879203401,0.8632882562275342,0.8661932031887449,0.01258092825084319,29
2.527572250366211,0.05498468887442427,0.15236449241638184,0.007434249840838134,0.9,0.6,0.08,5,5,130,8,0.9,"{'classifier__colsample_bytree': 0.9, 'classifier__gamma': 0.6, 'classifier__learning_rate': 0.08, 'classifier__max_depth': 5, 'classifier__min_child_weight': 5, 'classifier__n_estimators': 130, 'classifier__scale_pos_weight': 8, 'classifier__subsample': 0.9}",0.8620701081863855,0.883497832124976,0.8470717932273039,0.874114391589378,0.8637083247153642,0.8660924899686815,0.012255182943350476,40
2.488918972015381,0.06291526963629676,0.16230664253234864,0.019474682045423547,0.9,0.6,0.08,5,5,130,10,0.9,"{'classifier__colsample_bytree': 0.9, 'classifier__gamma': 0.6, 'classifier__learning_rate': 0.08, 'classifier__max_depth': 5, 'classifier__min_child_weight': 5, 'classifier__n_estimators': 130, 'classifier__scale_pos_weight': 10, 'classifier__subsample': 0.9}",0.8623845159994826,0.8830560527817509,0.8476014406920429,0.8733871673248497,0.8624532079554623,0.8657764769507177,0.01191123677696825,66
2.4770777225494385,0.02261419602795188,0.15365333557128907,0.0038313596750631975,0.9,0.6,0.08,5,5,130,12,0.9,"{'classifier__colsample_bytree': 0.9, 'classifier__gamma': 0.6, 'classifier__learning_rate': 0.08, 'classifier__max_depth': 5, 'classifier__min_child_weight': 5, 'classifier__n_estimators': 130, 'classifier__scale_pos_weight': 12, 'classifier__subsample': 0.9}",0.8634596877130519,0.8841736608849345,0.8468099032580322,0.8738358987295316,0.8641227900103196,0.8664803881191739,0.012399728319294067,10
2.144621467590332,0.08123988273045314,0.1392672061920166,0.00545597694236927,0.9,0.6,0.08,6,5,90,8,0.9,"{'classifier__colsample_bytree': 0.9, 'classifier__gamma': 0.6, 'classifier__learning_rate': 0.08, 'classifier__max_depth': 6, 'classifier__min_child_weight': 5, 'classifier__n_estimators': 90, 'classifier__scale_pos_weight': 8, 'classifier__subsample': 0.9}",0.862679078572614,0.8845497190218735,0.8476000442494658,0.8736892867875122,0.864022701125883,0.8665081659514697,0.012291644686582618,9
2.0617706298828127,0.06319038510523207,0.136700439453125,0.0013252974086223233,0.9,0.6,0.08,6,5,90,10,0.9,"{'classifier__colsample_bytree': 0.9, 'classifier__gamma': 0.6, 'classifier__learning_rate': 0.08, 'classifier__max_depth': 6, 'classifier__min_child_weight': 5, 'classifier__n_estimators': 90, 'classifier__scale_pos_weight': 10, 'classifier__subsample': 0.9}",0.8618213727564445,0.8840620661204512,0.8467724343340088,0.872493369256156,0.8647063747686444,0.8659711234471409,0.012306352675586737,51
2.0956650733947755,0.1143008582216073,0.14178566932678222,0.014024359104701015,0.9,0.6,0.08,6,5,90,12,0.9,"{'classifier__colsample_bytree': 0.9, 'classifier__gamma': 0.6, 'classifier__learning_rate': 0.08, 'classifier__max_depth': 6, 'classifier__min_child_weight': 5, 'classifier__n_estimators': 90, 'classifier__scale_pos_weight': 12, 'classifier__subsample': 0.9}",0.86162278429277,0.8847790944544826,0.8478418491776621,0.8735109818870871,0.863894430829686,0.8663298281283376,0.012343720546356206,25
2.374064302444458,0.07354281877662823,0.16096854209899902,0.007471138772824034,0.9,0.6,0.08,6,5,110,8,0.9,"{'classifier__colsample_bytree': 0.9, 'classifier__gamma': 0.6, 'classifier__learning_rate': 0.08, 'classifier__max_depth': 6, 'classifier__min_child_weight': 5, 'classifier__n_estimators': 110, 'classifier__scale_pos_weight': 8, 'classifier__subsample': 0.9}",0.8619607715316723,0.8833835488953033,0.848105257170585,0.8733238248677045,0.8635356087159808,0.8660618022362492,0.01181877740933621,47
2.4920955181121824,0.08332583835343765,0.16539082527160645,0.011715908828364544,0.9,0.6,0.08,6,5,110,10,0.9,"{'classifier__colsample_bytree': 0.9, 'classifier__gamma': 0.6, 'classifier__learning_rate': 0.08, 'classifier__max_depth': 6, 'classifier__min_child_weight': 5, 'classifier__n_estimators': 110, 'classifier__scale_pos_weight': 10, 'classifier__subsample': 0.9}",0.8617290217231983,0.8837235292562553,0.8462147852573672,0.8719182086872891,0.8644156819500295,0.8656002453748279,0.012333334553950763,81
2.551853084564209,0.03510359688835006,0.1700420379638672,0.019643927861355173,0.9,0.6,0.08,6,5,110,12,0.9,"{'classifier__colsample_bytree': 0.9, 'classifier__gamma': 0.6, 'classifier__learning_rate': 0.08, 'classifier__max_depth': 6, 'classifier__min_child_weight': 5, 'classifier__n_estimators': 110, 'classifier__scale_pos_weight': 12, 'classifier__subsample': 0.9}",0.8613584313015542,0.8842601654151097,0.8467001185551335,0.8723134886166506,0.8632954251355246,0.8655855258047946,0.012440089583062764,83
2.885257434844971,0.05945374408883522,0.21377882957458497,0.053570706082408395,0.9,0.6,0.08,6,5,130,8,0.9,"{'classifier__colsample_bytree': 0.9, 'classifier__gamma': 0.6, 'classifier__learning_rate': 0.08, 'classifier__max_depth': 6, 'classifier__min_child_weight': 5, 'classifier__n_estimators': 130, 'classifier__scale_pos_weight': 8, 'classifier__subsample': 0.9}",0.8614313002998282,0.882277984744055,0.8466885128004528,0.8728719061961101,0.8624499475486127,0.8651439303178117,0.011957767624504534,112
2.876258373260498,0.08530256434283628,0.18455166816711427,0.002046636395686603,0.9,0.6,0.08,6,5,130,10,0.9,"{'classifier__colsample_bytree': 0.9, 'classifier__gamma': 0.6, 'classifier__learning_rate': 0.08, 'classifier__max_depth': 6, 'classifier__min_child_weight': 5, 'classifier__n_estimators': 130, 'classifier__scale_pos_weight': 10, 'classifier__subsample': 0.9}",0.8620642537856958,0.8833896348021566,0.8454264591948444,0.8715291609794719,0.8639202366189354,0.8652659490762208,0.01243674363442308,103
2.859089994430542,0.09806837048596842,0.18660335540771483,0.005489957223155589,0.9,0.6,0.08,6,5,130,12,0.9,"{'classifier__colsample_bytree': 0.9, 'classifier__gamma': 0.6, 'classifier__learning_rate': 0.08, 'classifier__max_depth': 6, 'classifier__min_child_weight': 5, 'classifier__n_estimators': 130, 'classifier__scale_pos_weight': 12, 'classifier__subsample': 0.9}",0.8603116930800537,0.8829897295576166,0.8462600828895045,0.8714751990729974,0.8621343578110072,0.8646342124822359,0.01221692424703995,131
1.755923080444336,0.06689084935783564,0.10079278945922851,0.009993692687049234,0.9,0.6,0.1,4,5,90,8,0.9,"{'classifier__colsample_bytree': 0.9, 'classifier__gamma': 0.6, 'classifier__learning_rate': 0.1, 'classifier__max_depth': 4, 'classifier__min_child_weight': 5, 'classifier__n_estimators': 90, 'classifier__scale_pos_weight': 8, 'classifier__subsample': 0.9}",0.8623483526299398,0.8844275882784804,0.8476208613553112,0.8746529288381454,0.8638586258880638,0.8665816713979881,0.012397340263832728,6
1.7662830829620362,0.08149685755579472,0.10839447975158692,0.014521159027110472,0.9,0.6,0.1,4,5,90,10,0.9,"{'classifier__colsample_bytree': 0.9, 'classifier__gamma': 0.6, 'classifier__learning_rate': 0.1, 'classifier__max_depth': 4, 'classifier__min_child_weight': 5, 'classifier__n_estimators': 90, 'classifier__scale_pos_weight': 10, 'classifier__subsample': 0.9}",0.863390493586597,0.8848833485225327,0.8467194618813333,0.8736170915250938,0.863091799549874,0.8663404390130862,0.012657233069213843,22
1.7576900482177735,0.06491116839549191,0.10747432708740234,0.015389295843868967,0.9,0.6,0.1,4,5,90,12,0.9,"{'classifier__colsample_bytree': 0.9, 'classifier__gamma': 0.6, 'classifier__learning_rate': 0.1, 'classifier__max_depth': 4, 'classifier__min_child_weight': 5, 'classifier__n_estimators': 90, 'classifier__scale_pos_weight': 12, 'classifier__subsample': 0.9}",0.86333991695399,0.8833758504747322,0.846085634210875,0.8717093842047796,0.8638102452748537,0.8656642062238461,0.012185290253158208,73
2.071413993835449,0.09083311774919767,0.11115865707397461,0.0030950887941696165,0.9,0.6,0.1,4,5,110,8,0.9,"{'classifier__colsample_bytree': 0.9, 'classifier__gamma': 0.6, 'classifier__learning_rate': 0.1, 'classifier__max_depth': 4, 'classifier__min_child_weight': 5, 'classifier__n_estimators': 110, 'classifier__scale_pos_weight': 8, 'classifier__subsample': 0.9}",0.8628183078848641,0.8840340834332496,0.8477265287427752,0.8746793878777042,0.8641089916581426,0.8666734599193472,0.01221401675901359,4
2.0926568031311037,0.05660123739886304,0.1240006923675537,0.02155687448081348,0.9,0.6,0.1,4,5,110,10,0.9,"{'classifier__colsample_bytree': 0.9, 'classifier__gamma': 0.6, 'classifier__learning_rate': 0.1, 'classifier__max_depth': 4, 'classifier__min_child_weight': 5, 'classifier__n_estimators': 110, 'classifier__scale_pos_weight': 10, 'classifier__subsample': 0.9}",0.8633255705812927,0.8846166986564202,0.8467336510155246,0.8736582656662016,0.863739290007599,0.8664146951854077,0.012552499567584675,13
2.0888908386230467,0.1212402089892369,0.11966266632080078,0.019051878118797463,0.9,0.6,0.1,4,5,110,12,0.9,"{'classifier__colsample_bytree': 0.9, 'classifier__gamma': 0.6, 'classifier__learning_rate': 0.1, 'classifier__max_depth': 4, 'classifier__min_child_weight': 5, 'classifier__n_estimators': 110, 'classifier__scale_pos_weight': 12, 'classifier__subsample': 0.9}",0.8625249069461571,0.8831665117757922,0.8459521135761221,0.8714796153987889,0.8636340230368099,0.8653514341467341,0.012183628293122414,96
2.28937029838562,0.04880824995645158,0.125844144821167,0.004099954009488229,0.9,0.6,0.1,4,5,130,8,0.9,"{'classifier__colsample_bytree': 0.9, 'classifier__gamma': 0.6, 'classifier__learning_rate': 0.1, 'classifier__max_depth': 4, 'classifier__min_child_weight': 5, 'classifier__n_estimators': 130, 'classifier__scale_pos_weight': 8, 'classifier__subsample': 0.9}",0.8626946821300134,0.8830034105132933,0.8466619415956865,0.8739984579711345,0.8640330762419224,0.8660783136904101,0.012180435558463688,45
2.3131148338317873,0.08056365557687115,0.1302192211151123,0.009904539227501289,0.9,0.6,0.1,4,5,130,10,0.9,"{'classifier__colsample_bytree': 0.9, 'classifier__gamma': 0.6, 'classifier__learning_rate': 0.1, 'classifier__max_depth': 4, 'classifier__min_child_weight': 5, 'classifier__n_estimators': 130, 'classifier__scale_pos_weight': 10, 'classifier__subsample': 0.9}",0.863353697260394,0.8838267067130267,0.8457950454108956,0.8738902935461591,0.8638712362832033,0.8661473958427358,0.012646851939545426,35
2.348296308517456,0.06750523846135653,0.129949951171875,0.013077292463665076,0.9,0.6,0.1,4,5,130,12,0.9,"{'classifier__colsample_bytree': 0.9, 'classifier__gamma': 0.6, 'classifier__learning_rate': 0.1, 'classifier__max_depth': 4, 'classifier__min_child_weight': 5, 'classifier__n_estimators': 130, 'classifier__scale_pos_weight': 12, 'classifier__subsample': 0.9}",0.8620436658810539,0.8831672704564415,0.8475738495475281,0.8708113470194837,0.8632828967941858,0.8653758059397385,0.011648814479860931,95
1.8861963748931885,0.03416646906721099,0.1361919403076172,0.03930444486270138,0.9,0.6,0.1,5,5,90,8,0.9,"{'classifier__colsample_bytree': 0.9, 'classifier__gamma': 0.6, 'classifier__learning_rate': 0.1, 'classifier__max_depth': 5, 'classifier__min_child_weight': 5, 'classifier__n_estimators': 90, 'classifier__scale_pos_weight': 8, 'classifier__subsample': 0.9}",0.8629514433609147,0.8824476065153193,0.8482472610163936,0.8728627513887924,0.8643178269782469,0.8661653778519334,0.011355769569822026,32
1.9080665111541748,0.037980155161694534,0.12874670028686525,0.02748939567107543,0.9,0.6,0.1,5,5,90,10,0.9,"{'classifier__colsample_bytree': 0.9, 'classifier__gamma': 0.6, 'classifier__learning_rate': 0.1, 'classifier__max_depth': 5, 'classifier__min_child_weight': 5, 'classifier__n_estimators': 90, 'classifier__scale_pos_weight': 10, 'classifier__subsample': 0.9}",0.863003471466783,0.884084667399982,0.8453087185032495,0.872608345158457,0.8647857812488198,0.8659581967554584,0.012722415836222883,54
1.879189395904541,0.028622945541163715,0.12084102630615234,0.01568342348351707,0.9,0.6,0.1,5,5,90,12,0.9,"{'classifier__colsample_bytree': 0.9, 'classifier__gamma': 0.6, 'classifier__learning_rate': 0.1, 'classifier__max_depth': 5, 'classifier__min_child_weight': 5, 'classifier__n_estimators': 90, 'classifier__scale_pos_weight': 12, 'classifier__subsample': 0.9}",0.8624653496540693,0.8832494431727006,0.8476350497919565,0.8724435657147742,0.8646236150707006,0.8660834046808403,0.011753192178046093,43
2.222419595718384,0.1023582706537983,0.1344453811645508,0.004074872750889828,0.9,0.6,0.1,5,5,110,8,0.9,"{'classifier__colsample_bytree': 0.9, 'classifier__gamma': 0.6, 'classifier__learning_rate': 0.1, 'classifier__max_depth': 5, 'classifier__min_child_weight': 5, 'classifier__n_estimators': 110, 'classifier__scale_pos_weight': 8, 'classifier__subsample': 0.9}",0.8619016531358902,0.8815441042517975,0.8471649168568516,0.8724906721134703,0.8648920022454698,0.8655986697206959,0.011451874384237856,82
2.186590051651001,0.05948330796009138,0.13787431716918946,0.0062530358054045795,0.9,0.6,0.1,5,5,110,10,0.9,"{'classifier__colsample_bytree': 0.9, 'classifier__gamma': 0.6, 'classifier__learning_rate': 0.1, 'classifier__max_depth': 5, 'classifier__min_child_weight': 5, 'classifier__n_estimators': 110, 'classifier__scale_pos_weight': 10, 'classifier__subsample': 0.9}",0.8626010696078138,0.8832482813497777,0.8455037721796469,0.872465522749037,0.8645433602401931,0.8656724012252937,0.012430120443648596,72
2.2185434818267824,0.06350810460209888,0.14078288078308104,0.012782597873884175,0.9,0.6,0.1,5,5,110,12,0.9,"{'classifier__colsample_bytree': 0.9, 'classifier__gamma': 0.6, 'classifier__learning_rate': 0.1, 'classifier__max_depth': 5, 'classifier__min_child_weight': 5, 'classifier__n_estimators': 110, 'classifier__scale_pos_weight': 12, 'classifier__subsample': 0.9}",0.8616179698741824,0.8818492411347881,0.8464642321407607,0.8714278295707735,0.8641492736802077,0.8651017092801425,0.011669607954816169,115
2.530002498626709,0.06906515359606011,0.15713262557983398,0.01386750937839853,0.9,0.6,0.1,5,5,130,8,0.9,"{'classifier__colsample_bytree': 0.9, 'classifier__gamma': 0.6, 'classifier__learning_rate': 0.1, 'classifier__max_depth': 5, 'classifier__min_child_weight': 5, 'classifier__n_estimators': 130, 'classifier__scale_pos_weight': 8, 'classifier__subsample': 0.9}",0.8614551980386177,0.88092276754997,0.8470093107778279,0.8720063203017961,0.863991387664149,0.865076996866472,0.011312305039316567,118
2.4999289989471434,0.04903043708370095,0.15167245864868165,0.004694599104559992,0.9,0.6,0.1,5,5,130,10,0.9,"{'classifier__colsample_bytree': 0.9, 'classifier__gamma': 0.6, 'classifier__learning_rate': 0.1, 'classifier__max_depth': 5, 'classifier__min_child_weight': 5, 'classifier__n_estimators': 130, 'classifier__scale_pos_weight': 10, 'classifier__subsample': 0.9}",0.8618276300297916,0.8824079126044466,0.8457077051542435,0.8721213667675813,0.862908811707866,0.8649946852527858,0.012168638253859084,122
2.5082574844360352,0.08993347822714709,0.16265439987182617,0.01662291174571724,0.9,0.6,0.1,5,5,130,12,0.9,"{'classifier__colsample_bytree': 0.9, 'classifier__gamma': 0.6, 'classifier__learning_rate': 0.1, 'classifier__max_depth': 5, 'classifier__min_child_weight': 5, 'classifier__n_estimators': 130, 'classifier__scale_pos_weight': 12, 'classifier__subsample': 0.9}",0.8615314005774002,0.8809902162520652,0.8462211937831461,0.8704365346217365,0.863961209993434,0.8646281110455565,0.011404431130672995,132
2.046718168258667,0.04837274099006164,0.14120845794677733,0.007817260430206197,0.9,0.6,0.1,6,5,90,8,0.9,"{'classifier__colsample_bytree': 0.9, 'classifier__gamma': 0.6, 'classifier__learning_rate': 0.1, 'classifier__max_depth': 6, 'classifier__min_child_weight': 5, 'classifier__n_estimators': 90, 'classifier__scale_pos_weight': 8, 'classifier__subsample': 0.9}",0.8607718246244909,0.8814236220928774,0.8475467979675025,0.872152657774578,0.8644655004630537,0.8652720805845003,0.011342866962243726,102
2.0992106437683105,0.05885345837235146,0.14780693054199218,0.021542778158306665,0.9,0.6,0.1,6,5,90,10,0.9,"{'classifier__colsample_bytree': 0.9, 'classifier__gamma': 0.6, 'classifier__learning_rate': 0.1, 'classifier__max_depth': 6, 'classifier__min_child_weight': 5, 'classifier__n_estimators': 90, 'classifier__scale_pos_weight': 10, 'classifier__subsample': 0.9}",0.8621668839433556,0.8829465916787299,0.8461406398563333,0.8716767000408334,0.8633499111155956,0.8652561453269696,0.012105826936818965,104
2.045935344696045,0.041807240379670325,0.13535213470458984,0.009686626718447609,0.9,0.6,0.1,6,5,90,12,0.9,"{'classifier__colsample_bytree': 0.9, 'classifier__gamma': 0.6, 'classifier__learning_rate': 0.1, 'classifier__max_depth': 6, 'classifier__min_child_weight': 5, 'classifier__n_estimators': 90, 'classifier__scale_pos_weight': 12, 'classifier__subsample': 0.9}",0.8609817630453716,0.8827515091773248,0.8468617948520508,0.8719318419763608,0.8630711373922528,0.8651196092886722,0.01193278009954426,114
2.434343385696411,0.04709381412042275,0.1612874984741211,0.014995146905625154,0.9,0.6,0.1,6,5,110,8,0.9,"{'classifier__colsample_bytree': 0.9, 'classifier__gamma': 0.6, 'classifier__learning_rate': 0.1, 'classifier__max_depth': 6, 'classifier__min_child_weight': 5, 'classifier__n_estimators': 110, 'classifier__scale_pos_weight': 8, 'classifier__subsample': 0.9}",0.8595889214312072,0.8803958869550155,0.8472252546055113,0.8713399201022144,0.8629997981857042,0.8643099562559305,0.01117201210709053,148
2.4440260410308836,0.07235657137357561,0.155088472366333,0.0035653242740040134,0.9,0.6,0.1,6,5,110,10,0.9,"{'classifier__colsample_bytree': 0.9, 'classifier__gamma': 0.6, 'classifier__learning_rate': 0.1, 'classifier__max_depth': 6, 'classifier__min_child_weight': 5, 'classifier__n_estimators': 110, 'classifier__scale_pos_weight': 10, 'classifier__subsample': 0.9}",0.8611091815436085,0.8822526174972364,0.8469308220394739,0.870886264915911,0.8616104102229476,0.8645578592438354,0.01169996976245136,137
2.422366809844971,0.08614600704583411,0.15668845176696777,0.004499510641245531,0.9,0.6,0.1,6,5,110,12,0.9,"{'classifier__colsample_bytree': 0.9, 'classifier__gamma': 0.6, 'classifier__learning_rate': 0.1, 'classifier__max_depth': 6, 'classifier__min_child_weight': 5, 'classifier__n_estimators': 110, 'classifier__scale_pos_weight': 12, 'classifier__subsample': 0.9}",0.8599585263418511,0.8815706528141339,0.8462138506838278,0.871263355823173,0.8627310131215736,0.864347479756912,0.011791279928369428,147
2.776007080078125,0.03915306217662025,0.18040094375610352,0.001582999367026041,0.9,0.6,0.1,6,5,130,8,0.9,"{'classifier__colsample_bytree': 0.9, 'classifier__gamma': 0.6, 'classifier__learning_rate': 0.1, 'classifier__max_depth': 6, 'classifier__min_child_weight': 5, 'classifier__n_estimators': 130, 'classifier__scale_pos_weight': 8, 'classifier__subsample': 0.9}",0.8598442672322028,0.8800857727659723,0.8469742064626194,0.8707596795018956,0.8622483963741593,0.8639824644673698,0.011087467615729327,156
2.7800099849700928,0.11228431101658255,0.18571853637695312,0.006411172623855851,0.9,0.6,0.1,6,5,130,10,0.9,"{'classifier__colsample_bytree': 0.9, 'classifier__gamma': 0.6, 'classifier__learning_rate': 0.1, 'classifier__max_depth': 6, 'classifier__min_child_weight': 5, 'classifier__n_estimators': 130, 'classifier__scale_pos_weight': 10, 'classifier__subsample': 0.9}",0.8600149273354349,0.8805229002246554,0.8462798461815557,0.8699991153674694,0.8609007729526971,0.8635435124123626,0.011379310842223385,170
2.761186361312866,0.05706306651070358,0.20877785682678224,0.03834476409722918,0.9,0.6,0.1,6,5,130,12,0.9,"{'classifier__colsample_bytree': 0.9, 'classifier__gamma': 0.6, 'classifier__learning_rate': 0.1, 'classifier__max_depth': 6, 'classifier__min_child_weight': 5, 'classifier__n_estimators': 130, 'classifier__scale_pos_weight': 12, 'classifier__subsample': 0.9}",0.85973293446113,0.8800195713834108,0.8459967676666346,0.8706547949771161,0.8616799322749996,0.8636168001526583,0.011383195420367384,165
1.7194494724273681,0.052553908964544475,0.09798498153686523,0.0005031321781111754,0.9,0.6,0.12,4,5,90,8,0.9,"{'classifier__colsample_bytree': 0.9, 'classifier__gamma': 0.6, 'classifier__learning_rate': 0.12, 'classifier__max_depth': 4, 'classifier__min_child_weight': 5, 'classifier__n_estimators': 90, 'classifier__scale_pos_weight': 8, 'classifier__subsample': 0.9}",0.8635880829692755,0.8825038412857116,0.8484120134302987,0.873521872604951,0.8627130523869296,0.8661477725354333,0.011443817553667036,34
1.7142898559570312,0.054034584633473035,0.09592409133911133,0.00318637084217328,0.9,0.6,0.12,4,5,90,10,0.9,"{'classifier__colsample_bytree': 0.9, 'classifier__gamma': 0.6, 'classifier__learning_rate': 0.12, 'classifier__max_depth': 4, 'classifier__min_child_weight': 5, 'classifier__n_estimators': 90, 'classifier__scale_pos_weight': 10, 'classifier__subsample': 0.9}",0.8623183252926825,0.8833798371839859,0.8472797668522173,0.8747907053119103,0.8631796276463948,0.8661896524574381,0.01225652281946614,30
1.7523256301879884,0.08234611826997622,0.10024604797363282,0.006114780880912208,0.9,0.6,0.12,4,5,90,12,0.9,"{'classifier__colsample_bytree': 0.9, 'classifier__gamma': 0.6, 'classifier__learning_rate': 0.12, 'classifier__max_depth': 4, 'classifier__min_child_weight': 5, 'classifier__n_estimators': 90, 'classifier__scale_pos_weight': 12, 'classifier__subsample': 0.9}",0.8619841115048914,0.8830924959566244,0.846353532199638,0.8732459037103203,0.8642410183873734,0.8657834123517695,0.012244403303623974,65
1.9908557415008545,0.03524063125913347,0.10869002342224121,0.00289712671933904,0.9,0.6,0.12,4,5,110,8,0.9,"{'classifier__colsample_bytree': 0.9, 'classifier__gamma': 0.6, 'classifier__learning_rate': 0.12, 'classifier__max_depth': 4, 'classifier__min_child_weight': 5, 'classifier__n_estimators': 110, 'classifier__scale_pos_weight': 8, 'classifier__subsample': 0.9}",0.8635367633138119,0.882581012797662,0.8470750328975583,0.8737412953206114,0.8635746401215133,0.8661017488902314,0.011873585471917842,38
2.015082263946533,0.0492144379444734,0.13511109352111816,0.019408640317129865,0.9,0.6,0.12,4,5,110,10,0.9,"{'classifier__colsample_bytree': 0.9, 'classifier__gamma': 0.6, 'classifier__learning_rate': 0.12, 'classifier__max_depth': 4, 'classifier__min_child_weight': 5, 'classifier__n_estimators': 110, 'classifier__scale_pos_weight': 10, 'classifier__subsample': 0.9}",0.8622314403311888,0.8836164115993055,0.8457827966112567,0.8745300159838174,0.8632137848849274,0.8658748898820992,0.012757125202168271,57
2.0026669025421144,0.04732487913442415,0.11311407089233398,0.009791337446773726,0.9,0.6,0.12,4,5,110,12,0.9,"{'classifier__colsample_bytree': 0.9, 'classifier__gamma': 0.6, 'classifier__learning_rate': 0.12, 'classifier__max_depth': 4, 'classifier__min_child_weight': 5, 'classifier__n_estimators': 110, 'classifier__scale_pos_weight': 12, 'classifier__subsample': 0.9}",0.861361499478628,0.8827615143871979,0.8457268671861478,0.8729409038353937,0.8637938061648458,0.8653169182104428,0.012362640489486319,97
2.300057601928711,0.052674393690076954,0.12199845314025878,0.0031737769792177066,0.9,0.6,0.12,4,5,130,8,0.9,"{'classifier__colsample_bytree': 0.9, 'classifier__gamma': 0.6, 'classifier__learning_rate': 0.12, 'classifier__max_depth': 4, 'classifier__min_child_weight': 5, 'classifier__n_estimators': 130, 'classifier__scale_pos_weight': 8, 'classifier__subsample': 0.9}",0.8639725628102167,0.8817029593167631,0.845953025571013,0.8732981409594277,0.8640816787675221,0.8658016734849886,0.011910673930561277,63
2.2794039249420166,0.06343347063131774,0.12401337623596191,0.011623131689565101,0.9,0.6,0.12,4,5,130,10,0.9,"{'classifier__colsample_bytree': 0.9, 'classifier__gamma': 0.6, 'classifier__learning_rate': 0.12, 'classifier__max_depth': 4, 'classifier__min_child_weight': 5, 'classifier__n_estimators': 130, 'classifier__scale_pos_weight': 10, 'classifier__subsample': 0.9}",0.8616145591569009,0.882749680163255,0.8461170911138657,0.87446560866755,0.863350315686275,0.8656594509575694,0.01243560558683792,74
2.3412694931030273,0.16581643976159102,0.12956981658935546,0.008972965461447355,0.9,0.6,0.12,4,5,130,12,0.9,"{'classifier__colsample_bytree': 0.9, 'classifier__gamma': 0.6, 'classifier__learning_rate': 0.12, 'classifier__max_depth': 4, 'classifier__min_child_weight': 5, 'classifier__n_estimators': 130, 'classifier__scale_pos_weight': 12, 'classifier__subsample': 0.9}",0.8620145515805385,0.882432318654009,0.8457780029286682,0.8724827657384717,0.8633245867711342,0.8652064451345642,0.012172670224292113,106
1.9158307552337646,0.036805996508386084,0.1189197063446045,0.0068715508986550025,0.9,0.6,0.12,5,5,90,8,0.9,"{'classifier__colsample_bytree': 0.9, 'classifier__gamma': 0.6, 'classifier__learning_rate': 0.12, 'classifier__max_depth': 5, 'classifier__min_child_weight': 5, 'classifier__n_estimators': 90, 'classifier__scale_pos_weight': 8, 'classifier__subsample': 0.9}",0.8626109201095078,0.8823554303093349,0.8472862735093356,0.8729995603313553,0.8627975631509793,0.8656099494821026,0.01172755960843289,79
1.9164658069610596,0.058360543573189705,0.11689581871032714,0.0033060446863475085,0.9,0.6,0.12,5,5,90,10,0.9,"{'classifier__colsample_bytree': 0.9, 'classifier__gamma': 0.6, 'classifier__learning_rate': 0.12, 'classifier__max_depth': 5, 'classifier__min_child_weight': 5, 'classifier__n_estimators': 90, 'classifier__scale_pos_weight': 10, 'classifier__subsample': 0.9}",0.8611889691986034,0.8829270992379415,0.8447764420370324,0.8742236977141504,0.8626128033047855,0.8651458022985027,0.012927228284285318,111
1.9690195560455321,0.033172317121309365,0.11824793815612793,0.004987508766279399,0.9,0.6,0.12,5,5,90,12,0.9,"{'classifier__colsample_bytree': 0.9, 'classifier__gamma': 0.6, 'classifier__learning_rate': 0.12, 'classifier__max_depth': 5, 'classifier__min_child_weight': 5, 'classifier__n_estimators': 90, 'classifier__scale_pos_weight': 12, 'classifier__subsample': 0.9}",0.861800430141963,0.8821259428753835,0.8460944461762501,0.8726702338572572,0.8626310348670672,0.8650644175835842,0.012044740488119739,119
2.2215950965881346,0.033508160278272955,0.13444938659667968,0.00395819164459922,0.9,0.6,0.12,5,5,110,8,0.9,"{'classifier__colsample_bytree': 0.9, 'classifier__gamma': 0.6, 'classifier__learning_rate': 0.12, 'classifier__max_depth': 5, 'classifier__min_child_weight': 5, 'classifier__n_estimators': 110, 'classifier__scale_pos_weight': 8, 'classifier__subsample': 0.9}",0.8611709579586866,0.8816104622233486,0.8464333835461587,0.8719731825467343,0.8628232460103676,0.864802246457059,0.011734191622896042,125
2.288831043243408,0.08629498630546617,0.14338116645812987,0.009522097234066268,0.9,0.6,0.12,5,5,110,10,0.9,"{'classifier__colsample_bytree': 0.9, 'classifier__gamma': 0.6, 'classifier__learning_rate': 0.12, 'classifier__max_depth': 5, 'classifier__min_child_weight': 5, 'classifier__n_estimators': 110, 'classifier__scale_pos_weight': 10, 'classifier__subsample': 0.9}",0.860184452570371,0.8825219402839988,0.8447894005262596,0.8731370203035836,0.8613069190442654,0.8643879465456956,0.012780087000195997,146
2.2249730110168455,0.05344235788036344,0.1330793857574463,0.0022308955941818657,0.9,0.6,0.12,5,5,110,12,0.9,"{'classifier__colsample_bytree': 0.9, 'classifier__gamma': 0.6, 'classifier__learning_rate': 0.12, 'classifier__max_depth': 5, 'classifier__min_child_weight': 5, 'classifier__n_estimators': 110, 'classifier__scale_pos_weight': 12, 'classifier__subsample': 0.9}",0.861329318650434,0.8805346695894019,0.8450428760273488,0.8717836142088722,0.8625068195215917,0.8642394595995297,0.011852661475050208,150
2.594805669784546,0.11118072819017324,0.162795352935791,0.01236644838438908,0.9,0.6,0.12,5,5,130,8,0.9,"{'classifier__colsample_bytree': 0.9, 'classifier__gamma': 0.6, 'classifier__learning_rate': 0.12, 'classifier__max_depth': 5, 'classifier__min_child_weight': 5, 'classifier__n_estimators': 130, 'classifier__scale_pos_weight': 8, 'classifier__subsample': 0.9}",0.8612130414748101,0.8812517044763813,0.8451827405584185,0.8717503501719518,0.862837789712962,0.8644471252789048,0.011999139581797571,144
2.581760215759277,0.10058162407736136,0.15924911499023436,0.014162206878162093,0.9,0.6,0.12,5,5,130,10,0.9,"{'classifier__colsample_bytree': 0.9, 'classifier__gamma': 0.6, 'classifier__learning_rate': 0.12, 'classifier__max_depth': 5, 'classifier__min_child_weight': 5, 'classifier__n_estimators': 130, 'classifier__scale_pos_weight': 10, 'classifier__subsample': 0.9}",0.8597974423505872,0.8806194312590743,0.8440035156186524,0.8718183849588409,0.8619652165209941,0.8636407981416298,0.01231542716336704,164
2.5119755268096924,0.07246180029986662,0.15539975166320802,0.008509762699814257,0.9,0.6,0.12,5,5,130,12,0.9,"{'classifier__colsample_bytree': 0.9, 'classifier__gamma': 0.6, 'classifier__learning_rate': 0.12, 'classifier__max_depth': 5, 'classifier__min_child_weight': 5, 'classifier__n_estimators': 130, 'classifier__scale_pos_weight': 12, 'classifier__subsample': 0.9}",0.8608360515839378,0.8796817035219396,0.8445782352843507,0.8705199311631007,0.8622379511763915,0.8635707745459442,0.011643233962914766,169
2.103545331954956,0.056390555754850434,0.15534400939941406,0.03044309629331066,0.9,0.6,0.12,6,5,90,8,0.9,"{'classifier__colsample_bytree': 0.9, 'classifier__gamma': 0.6, 'classifier__learning_rate': 0.12, 'classifier__max_depth': 6, 'classifier__min_child_weight': 5, 'classifier__n_estimators': 90, 'classifier__scale_pos_weight': 8, 'classifier__subsample': 0.9}",0.8614840647662264,0.8814813898500344,0.8446525324748565,0.8716879946303646,0.860814656780746,0.8640241277004457,0.012292291755057163,155
2.133478546142578,0.0740485979780087,0.14825716018676757,0.018358024898590494,0.9,0.6,0.12,6,5,90,10,0.9,"{'classifier__colsample_bytree': 0.9, 'classifier__gamma': 0.6, 'classifier__learning_rate': 0.12, 'classifier__max_depth': 6, 'classifier__min_child_weight': 5, 'classifier__n_estimators': 90, 'classifier__scale_pos_weight': 10, 'classifier__subsample': 0.9}",0.8595801688920958,0.8831666417426303,0.8458714419188331,0.8713929285663228,0.8622435661121833,0.864450949446413,0.012427898910016099,143
2.125576114654541,0.0755785782738898,0.1338648319244385,0.0037759586446355605,0.9,0.6,0.12,6,5,90,12,0.9,"{'classifier__colsample_bytree': 0.9, 'classifier__gamma': 0.6, 'classifier__learning_rate': 0.12, 'classifier__max_depth': 6, 'classifier__min_child_weight': 5, 'classifier__n_estimators': 90, 'classifier__scale_pos_weight': 12, 'classifier__subsample': 0.9}",0.8597958654936293,0.8807826044354965,0.8444201763061469,0.870900104634622,0.8620060275914401,0.863580955692267,0.012111229778548413,167
2.4450313091278075,0.041256107859218245,0.18671278953552245,0.026898664363898147,0.9,0.6,0.12,6,5,110,8,0.9,"{'classifier__colsample_bytree': 0.9, 'classifier__gamma': 0.6, 'classifier__learning_rate': 0.12, 'classifier__max_depth': 6, 'classifier__min_child_weight': 5, 'classifier__n_estimators': 110, 'classifier__scale_pos_weight': 8, 'classifier__subsample': 0.9}",0.860665238034861,0.8805486866832616,0.8431677792598302,0.8708200896013879,0.8599559894771766,0.8630315566113035,0.012467071184253125,178
2.40402512550354,0.06281863238952176,0.1718050479888916,0.024223045321944515,0.9,0.6,0.12,6,5,110,10,0.9,"{'classifier__colsample_bytree': 0.9, 'classifier__gamma': 0.6, 'classifier__learning_rate': 0.12, 'classifier__max_depth': 6, 'classifier__min_child_weight': 5, 'classifier__n_estimators': 110, 'classifier__scale_pos_weight': 10, 'classifier__subsample': 0.9}",0.8578740733775233,0.8810023624866635,0.8441154474512307,0.8696327833395784,0.8623114980511811,0.8629872329412354,0.0122593110620609,180
2.4154754161834715,0.044622588839728895,0.17769365310668944,0.03816148593710679,0.9,0.6,0.12,6,5,110,12,0.9,"{'classifier__colsample_bytree': 0.9, 'classifier__gamma': 0.6, 'classifier__learning_rate': 0.12, 'classifier__max_depth': 6, 'classifier__min_child_weight': 5, 'classifier__n_estimators': 110, 'classifier__scale_pos_weight': 12, 'classifier__subsample': 0.9}",0.8587142818019218,0.8794358967354059,0.8438543711133147,0.8702460206737332,0.8612176765316478,0.8626936493712046,0.011918669610725303,184
2.7610636234283445,0.08797306000989659,0.1821408748626709,0.0019600252582071083,0.9,0.6,0.12,6,5,130,8,0.9,"{'classifier__colsample_bytree': 0.9, 'classifier__gamma': 0.6, 'classifier__learning_rate': 0.12, 'classifier__max_depth': 6, 'classifier__min_child_weight': 5, 'classifier__n_estimators': 130, 'classifier__scale_pos_weight': 8, 'classifier__subsample': 0.9}",0.8604570041431967,0.8791993498999486,0.8426041768936043,0.869444529536369,0.8582365453938586,0.8619883211733954,0.012198199504721749,193
2.719977855682373,0.06405916561294125,0.19336867332458496,0.018604411721755195,0.9,0.6,0.12,6,5,130,10,0.9,"{'classifier__colsample_bytree': 0.9, 'classifier__gamma': 0.6, 'classifier__learning_rate': 0.12, 'classifier__max_depth': 6, 'classifier__min_child_weight': 5, 'classifier__n_estimators': 130, 'classifier__scale_pos_weight': 10, 'classifier__subsample': 0.9}",0.8575200086536164,0.881535906001311,0.8435784706433731,0.8683067698105524,0.8607976145901177,0.8623477539397942,0.012503528315613802,191
2.7711626529693603,0.07259666691650367,0.18208227157592774,0.000875911332821407,0.9,0.6,0.12,6,5,130,12,0.9,"{'classifier__colsample_bytree': 0.9, 'classifier__gamma': 0.6, 'classifier__learning_rate': 0.12, 'classifier__max_depth': 6, 'classifier__min_child_weight': 5, 'classifier__n_estimators': 130, 'classifier__scale_pos_weight': 12, 'classifier__subsample': 0.9}",0.8574734223593874,0.8782167144514841,0.8428531957438858,0.8691474412859126,0.8591121484521388,0.8613605844585617,0.011894983718225983,202
1.792002058029175,0.03194368784515147,0.11250886917114258,0.022400124019554303,0.9,0.6,0.15,4,5,90,8,0.9,"{'classifier__colsample_bytree': 0.9, 'classifier__gamma': 0.6, 'classifier__learning_rate': 0.15, 'classifier__max_depth': 4, 'classifier__min_child_weight': 5, 'classifier__n_estimators': 90, 'classifier__scale_pos_weight': 8, 'classifier__subsample': 0.9}",0.8618177961954242,0.8833692232973085,0.8458831617441323,0.8733623363739885,0.8636187194335136,0.8656102474088734,0.012513855414189083,78
1.7106494426727294,0.07141935676381703,0.1001119613647461,0.005746311290849233,0.9,0.6,0.15,4,5,90,10,0.9,"{'classifier__colsample_bytree': 0.9, 'classifier__gamma': 0.6, 'classifier__learning_rate': 0.15, 'classifier__max_depth': 4, 'classifier__min_child_weight': 5, 'classifier__n_estimators': 90, 'classifier__scale_pos_weight': 10, 'classifier__subsample': 0.9}",0.8630463610445883,0.8823693594838518,0.8472321623933216,0.8737497504399105,0.8621421596497048,0.8657079586022753,0.011861085655035812,68
1.7315172672271728,0.06221046737094884,0.09871087074279786,0.010156331303687583,0.9,0.6,0.15,4,5,90,12,0.9,"{'classifier__colsample_bytree': 0.9, 'classifier__gamma': 0.6, 'classifier__learning_rate': 0.15, 'classifier__max_depth': 4, 'classifier__min_child_weight': 5, 'classifier__n_estimators': 90, 'classifier__scale_pos_weight': 12, 'classifier__subsample': 0.9}",0.8626077915348324,0.8826980142264164,0.844436155936241,0.8707788959496569,0.8631277766269949,0.8647297268548282,0.012476775805216939,127
2.017205333709717,0.06786041703369423,0.11332335472106933,0.00643607505768611,0.9,0.6,0.15,4,5,110,8,0.9,"{'classifier__colsample_bytree': 0.9, 'classifier__gamma': 0.6, 'classifier__learning_rate': 0.15, 'classifier__max_depth': 4, 'classifier__min_child_weight': 5, 'classifier__n_estimators': 110, 'classifier__scale_pos_weight': 8, 'classifier__subsample': 0.9}",0.8618115488113804,0.8833104215282432,0.8447488875297912,0.8718437982013597,0.8637117008123978,0.8650852713766344,0.01268074324623408,117
2.050424909591675,0.16340967796416203,0.11030983924865723,0.003154370230158882,0.9,0.6,0.15,4,5,110,10,0.9,"{'classifier__colsample_bytree': 0.9, 'classifier__gamma': 0.6, 'classifier__learning_rate': 0.15, 'classifier__max_depth': 4, 'classifier__min_child_weight': 5, 'classifier__n_estimators': 110, 'classifier__scale_pos_weight': 10, 'classifier__subsample': 0.9}",0.862044747374602,0.8826641465070905,0.8468380235933138,0.8729341255867553,0.8625393521252186,0.865404079037396,0.011990010128007897,93
2.0436987400054933,0.060028204578422374,0.12396836280822754,0.028054325700895017,0.9,0.6,0.15,4,5,110,12,0.9,"{'classifier__colsample_bytree': 0.9, 'classifier__gamma': 0.6, 'classifier__learning_rate': 0.15, 'classifier__max_depth': 4, 'classifier__min_child_weight': 5, 'classifier__n_estimators': 110, 'classifier__scale_pos_weight': 12, 'classifier__subsample': 0.9}",0.8626432097874301,0.8819857940903827,0.8436421054978862,0.869829557220864,0.8629160028780869,0.86420333389493,0.012447695377773923,152
2.3090060234069822,0.07749529823525626,0.12669472694396972,0.009226035699394635,0.9,0.6,0.15,4,5,130,8,0.9,"{'classifier__colsample_bytree': 0.9, 'classifier__gamma': 0.6, 'classifier__learning_rate': 0.15, 'classifier__max_depth': 4, 'classifier__min_child_weight': 5, 'classifier__n_estimators': 130, 'classifier__scale_pos_weight': 8, 'classifier__subsample': 0.9}",0.8611926286182522,0.8825810839732608,0.8450010490724246,0.8706876308982943,0.8630588133457328,0.8645042411815929,0.012316144652843006,139
2.2171263217926027,0.02500531573743554,0.1339266300201416,0.01399163043137831,0.9,0.6,0.15,4,5,130,10,0.9,"{'classifier__colsample_bytree': 0.9, 'classifier__gamma': 0.6, 'classifier__learning_rate': 0.15, 'classifier__max_depth': 4, 'classifier__min_child_weight': 5, 'classifier__n_estimators': 130, 'classifier__scale_pos_weight': 10, 'classifier__subsample': 0.9}",0.8621515258050957,0.8819454751680659,0.8464829289578583,0.8714670881761277,0.8622174357412252,0.8648528907696745,0.011726913844606212,124
2.3110838890075684,0.10703448710523124,0.12170677185058594,0.002744709382324953,0.9,0.6,0.15,4,5,130,12,0.9,"{'classifier__colsample_bytree': 0.9, 'classifier__gamma': 0.6, 'classifier__learning_rate': 0.15, 'classifier__max_depth': 4, 'classifier__min_child_weight': 5, 'classifier__n_estimators': 130, 'classifier__scale_pos_weight': 12, 'classifier__subsample': 0.9}",0.8617762798679902,0.8813319247137144,0.8426428077041347,0.8689666335959275,0.8624983889165306,0.8634432069596596,0.01254465942896237,173
1.914121389389038,0.038910576678834685,0.11599168777465821,0.006126236181412432,0.9,0.6,0.15,5,5,90,8,0.9,"{'classifier__colsample_bytree': 0.9, 'classifier__gamma': 0.6, 'classifier__learning_rate': 0.15, 'classifier__max_depth': 5, 'classifier__min_child_weight': 5, 'classifier__n_estimators': 90, 'classifier__scale_pos_weight': 8, 'classifier__subsample': 0.9}",0.8627954728773612,0.8802911597401679,0.845124456301584,0.8729027942399875,0.8628704617310066,0.8647968689780214,0.011836380547444942,126
1.934424924850464,0.09591773145297473,0.13057432174682618,0.015956157913819807,0.9,0.6,0.15,5,5,90,10,0.9,"{'classifier__colsample_bytree': 0.9, 'classifier__gamma': 0.6, 'classifier__learning_rate': 0.15, 'classifier__max_depth': 5, 'classifier__min_child_weight': 5, 'classifier__n_estimators': 90, 'classifier__scale_pos_weight': 10, 'classifier__subsample': 0.9}",0.8607194100377366,0.8823695780340182,0.8438145082901359,0.8701899877933849,0.8618962951069185,0.8637979558524387,0.012634834048684512,159
1.9182623386383058,0.03451542261441922,0.1309032917022705,0.006705896158448356,0.9,0.6,0.15,5,5,90,12,0.9,"{'classifier__colsample_bytree': 0.9, 'classifier__gamma': 0.6, 'classifier__learning_rate': 0.15, 'classifier__max_depth': 5, 'classifier__min_child_weight': 5, 'classifier__n_estimators': 90, 'classifier__scale_pos_weight': 12, 'classifier__subsample': 0.9}",0.8596655235369232,0.8792445164576488,0.8427590521895533,0.8714465288568346,0.8638582430154307,0.863394772811278,0.012296342703675082,174
2.244040870666504,0.13333142685540256,0.13063793182373046,0.004291187024360647,0.9,0.6,0.15,5,5,110,8,0.9,"{'classifier__colsample_bytree': 0.9, 'classifier__gamma': 0.6, 'classifier__learning_rate': 0.15, 'classifier__max_depth': 5, 'classifier__min_child_weight': 5, 'classifier__n_estimators': 110, 'classifier__scale_pos_weight': 8, 'classifier__subsample': 0.9}",0.8604940410722874,0.8784608584856487,0.8433914676145411,0.8712025284068383,0.8639743069687184,0.863504640509607,0.01180482912783434,171
2.2225704193115234,0.059427176603577055,0.14921422004699708,0.015553557082696932,0.9,0.6,0.15,5,5,110,10,0.9,"{'classifier__colsample_bytree': 0.9, 'classifier__gamma': 0.6, 'classifier__learning_rate': 0.15, 'classifier__max_depth': 5, 'classifier__min_child_weight': 5, 'classifier__n_estimators': 110, 'classifier__scale_pos_weight': 10, 'classifier__subsample': 0.9}",0.8593508044409095,0.880535627692583,0.8431380370919296,0.8698943033306789,0.8612190673942858,0.8628275679900772,0.012376323466475896,183
2.243760013580322,0.09478476838912742,0.1352621078491211,0.008018354549435457,0.9,0.6,0.15,5,5,110,12,0.9,"{'classifier__colsample_bytree': 0.9, 'classifier__gamma': 0.6, 'classifier__learning_rate': 0.15, 'classifier__max_depth': 5, 'classifier__min_child_weight': 5, 'classifier__n_estimators': 110, 'classifier__scale_pos_weight': 12, 'classifier__subsample': 0.9}",0.8584353658307443,0.8784741914114275,0.8409922688121694,0.8699286366460466,0.8625953250333969,0.8620851575467569,0.012558756315835582,192
2.562373399734497,0.029337961950389017,0.17077875137329102,0.019065633803051686,0.9,0.6,0.15,5,5,130,8,0.9,"{'classifier__colsample_bytree': 0.9, 'classifier__gamma': 0.6, 'classifier__learning_rate': 0.15, 'classifier__max_depth': 5, 'classifier__min_child_weight': 5, 'classifier__n_estimators': 130, 'classifier__scale_pos_weight': 8, 'classifier__subsample': 0.9}",0.8592641267192531,0.8769469518880374,0.843530724599645,0.8704436637391607,0.8628093531108045,0.86259896401138,0.011332848075652588,186
2.498244571685791,0.06472049082293847,0.15974178314208984,0.021306408927296513,0.9,0.6,0.15,5,5,130,10,0.9,"{'classifier__colsample_bytree': 0.9, 'classifier__gamma': 0.6, 'classifier__learning_rate': 0.15, 'classifier__max_depth': 5, 'classifier__min_child_weight': 5, 'classifier__n_estimators': 130, 'classifier__scale_pos_weight': 10, 'classifier__subsample': 0.9}",0.857176558865498,0.8795050200315159,0.8413007846484216,0.8693666781099575,0.8592992925491372,0.861329666840906,0.012786429221974085,203
2.520637798309326,0.05821820060513714,0.14649901390075684,0.0028889665157226145,0.9,0.6,0.15,5,5,130,12,0.9,"{'classifier__colsample_bytree': 0.9, 'classifier__gamma': 0.6, 'classifier__learning_rate': 0.15, 'classifier__max_depth': 5, 'classifier__min_child_weight': 5, 'classifier__n_estimators': 130, 'classifier__scale_pos_weight': 12, 'classifier__subsample': 0.9}",0.8570207617734849,0.8763718258551775,0.8402218978781761,0.8694441801007112,0.8597416647831448,0.860560066078139,0.012294525371753141,209
2.0483040809631348,0.02373662482990144,0.16067709922790527,0.023569271739196214,0.9,0.6,0.15,6,5,90,8,0.9,"{'classifier__colsample_bytree': 0.9, 'classifier__gamma': 0.6, 'classifier__learning_rate': 0.15, 'classifier__max_depth': 6, 'classifier__min_child_weight': 5, 'classifier__n_estimators': 90, 'classifier__scale_pos_weight': 8, 'classifier__subsample': 0.9}",0.8617021422706719,0.8814633699243459,0.8454437214904362,0.868948843272312,0.8586521194228484,0.863242039276123,0.01187268516798086,176
2.0565452575683594,0.03764506098925874,0.1358243465423584,0.0034590492715533923,0.9,0.6,0.15,6,5,90,10,0.9,"{'classifier__colsample_bytree': 0.9, 'classifier__gamma': 0.6, 'classifier__learning_rate': 0.15, 'classifier__max_depth': 6, 'classifier__min_child_weight': 5, 'classifier__n_estimators': 90, 'classifier__scale_pos_weight': 10, 'classifier__subsample': 0.9}",0.8591792296164831,0.8797827611906678,0.8421519866718304,0.8696022458066454,0.8619411586316466,0.8625314763834545,0.012445981215448458,187
2.0887226104736327,0.08770653728952649,0.14038209915161132,0.007673774050235363,0.9,0.6,0.15,6,5,90,12,0.9,"{'classifier__colsample_bytree': 0.9, 'classifier__gamma': 0.6, 'classifier__learning_rate': 0.15, 'classifier__max_depth': 6, 'classifier__min_child_weight': 5, 'classifier__n_estimators': 90, 'classifier__scale_pos_weight': 12, 'classifier__subsample': 0.9}",0.8605271274116791,0.8801297358007153,0.8429584293668368,0.867727584120206,0.8609160158068755,0.8624517785012624,0.012053197157243144,188
2.529863166809082,0.3594275903457079,0.15485649108886718,0.005357940587149841,0.9,0.6,0.15,6,5,110,8,0.9,"{'classifier__colsample_bytree': 0.9, 'classifier__gamma': 0.6, 'classifier__learning_rate': 0.15, 'classifier__max_depth': 6, 'classifier__min_child_weight': 5, 'classifier__n_estimators': 110, 'classifier__scale_pos_weight': 8, 'classifier__subsample': 0.9}",0.8593205949659253,0.8816767895460111,0.8426872332649631,0.8679930426270299,0.857858559871511,0.8619072440550882,0.012809084940597907,194
2.409901189804077,0.11794849931450159,0.16773619651794433,0.01198071176064335,0.9,0.6,0.15,6,5,110,10,0.9,"{'classifier__colsample_bytree': 0.9, 'classifier__gamma': 0.6, 'classifier__learning_rate': 0.15, 'classifier__max_depth': 6, 'classifier__min_child_weight': 5, 'classifier__n_estimators': 110, 'classifier__scale_pos_weight': 10, 'classifier__subsample': 0.9}",0.857264966691078,0.8774326548702036,0.8409169992590981,0.8684920913452135,0.8604242425016674,0.8609061909334521,0.012196134366086046,205
2.3928671360015867,0.06251818259373301,0.16829376220703124,0.01243603044382109,0.9,0.6,0.15,6,5,110,12,0.9,"{'classifier__colsample_bytree': 0.9, 'classifier__gamma': 0.6, 'classifier__learning_rate': 0.15, 'classifier__max_depth': 6, 'classifier__min_child_weight': 5, 'classifier__n_estimators': 110, 'classifier__scale_pos_weight': 12, 'classifier__subsample': 0.9}",0.8580116552704122,0.8793634927680241,0.8415229512198971,0.8674529546070471,0.8613035454002922,0.8615309198531346,0.012376000028805938,200
2.756958484649658,0.09050029664054503,0.19518771171569824,0.015620395895757215,0.9,0.6,0.15,6,5,130,8,0.9,"{'classifier__colsample_bytree': 0.9, 'classifier__gamma': 0.6, 'classifier__learning_rate': 0.15, 'classifier__max_depth': 6, 'classifier__min_child_weight': 5, 'classifier__n_estimators': 130, 'classifier__scale_pos_weight': 8, 'classifier__subsample': 0.9}",0.8585141267029359,0.879235616570095,0.841587658107714,0.8673339146790704,0.8564570492824127,0.8606256730684455,0.012454818895586698,208
2.7358081340789795,0.08007575470978395,0.19029135704040528,0.014327370754528133,0.9,0.6,0.15,6,5,130,10,0.9,"{'classifier__colsample_bytree': 0.9, 'classifier__gamma': 0.6, 'classifier__learning_rate': 0.15, 'classifier__max_depth': 6, 'classifier__min_child_weight': 5, 'classifier__n_estimators': 130, 'classifier__scale_pos_weight': 10, 'classifier__subsample': 0.9}",0.8557257914775995,0.8774775678300057,0.8396953437563432,0.8669019394923431,0.8588824939164366,0.8597366272945457,0.012526388654447506,213
2.595554304122925,0.2991536107903796,0.1702359676361084,0.038803961311995344,0.9,0.6,0.15,6,5,130,12,0.9,"{'classifier__colsample_bytree': 0.9, 'classifier__gamma': 0.6, 'classifier__learning_rate': 0.15, 'classifier__max_depth': 6, 'classifier__min_child_weight': 5, 'classifier__n_estimators': 130, 'classifier__scale_pos_weight': 12, 'classifier__subsample': 0.9}",0.856028375628501,0.8774155354855255,0.8393049125220899,0.8657254045929277,0.8588836020056502,0.8594715660469389,0.012489929640594461,214
